    t |       j1       j2       j3       j4       j5       j6       j7 | status (all should be DISABLED)
  0.0 |   -0.000   -0.000   -0.000   -0.000   -0.000   -0.000   -0.000 | ok
  0.2 |   -0.000   -0.000   -0.000   -0.000   -0.000   -0.000   -0.000 | ok
  0.4 |   -0.000   -0.000   -0.000   -0.000   -0.000   -0.000   -0.000 | ok
  0.6 |   -0.000   -0.000   -0.000   -0.000   -0.000   -0.000   -0.000 | ok
  0.8 |   -0.000   -0.000   -0.000   -0.000   -0.000   -0.000   -0.000 | ok
  1.0 |   -0.000   -0.000   -0.000   -0.000   -0.000   -0.000   -0.000 | ok
  1.2 |   -0.000   -0.000   -0.000   -0.000   -0.000   -0.000   -0.000 | ok
  1.4 |   -0.000   -0.000   -0.000   -0.000   -0.000   -0.000   -0.000 | ok
  1.6 |   -0.000   -0.000   -0.000   -0.000   -0.000   -0.000   -0.000 | ok
  1.8 |   -0.000   -0.000   -0.000   -0.000   -0.000   -0.000   -0.000 | ok
  2.0 |   -0.000   -0.000   -0.000   -0.000   -0.000   -0.000   -0.000 | ok
  2.2 |   -0.000   -0.000   -0.000   -0.000   -0.000   -0.000   -0.000 | ok
  2.4 |   -0.000   -0.000   -0.000   -0.000   -0.000   -0.000   -0.000 | ok
  2.6 |   -0.000   -0.000   -0.000   -0.000   -0.000   -0.000   -0.000 | ok
  2.8 |   -0.000   -0.000   -0.000   -0.000   -0.000   -0.000   -0.000 | ok
  3.0 |   -0.000   -0.000   -0.000   -0.000   -0.000   -0.000   -0.000 | ok
  3.2 |   -0.000   -0.000   -0.000   -0.000   -0.000   -0.000   -0.000 | ok
  3.4 |   -0.000   -0.000   -0.000   -0.000   -0.000   -0.000   -0.000 | ok
  3.6 |   -0.000   -0.000   -0.000   -0.000   -0.000   -0.000   -0.000 | ok
  3.8 |   -0.000   -0.000   -0.000   -0.000   -0.000   -0.000   -0.000 | ok
  4.0 |   -0.000   -0.000   -0.000   -0.000   -0.000   -0.000   -0.000 | ok
  4.2 |   -0.000   -0.000   -0.000   -0.000   -0.000   -0.000   -0.000 | ok
  4.4 |   -0.000   -0.000   -0.000   -0.000   -0.000   -0.000   -0.000 | ok
  4.6 |   -0.000   -0.000   -0.000   -0.000   -0.000   -0.000   -0.000 | ok
  4.8 |   -0.000   -0.000   -0.000   -0.000   -0.000   -0.000   -0.000 | ok
  5.0 |   -0.000   -0.000   -0.000   -0.000   -0.000   -0.000   -0.000 | ok
  5.2 |   -0.000   -0.000   -0.000   -0.000   -0.000   -0.000   -0.000 | ok
  5.4 |   -0.000   -0.000   -0.000   -0.000   -0.000   -0.000   -0.000 | ok
  5.6 |   -0.000   -0.000   -0.000   -0.000   -0.000   -0.000   -0.000 | ok
  5.8 |   -0.000   -0.000   -0.000   -0.000   -0.000   -0.000   -0.000 | ok
  6.0 |   -0.000   -0.000   -0.000   -0.000   -0.000   -0.000   -0.000 | ok
  6.2 |   -0.000   -0.000   -0.000   -0.000   -0.000   -0.000   -0.000 | ok
  6.4 |   -0.000   -0.000   -0.000   -0.000   -0.000   -0.000   -0.000 | ok
  6.6 |   -0.000   -0.000   -0.000   -0.000   -0.000   -0.000   -0.000 | ok
  6.8 |   -0.000   -0.000   -0.000   -0.000   -0.000   -0.000   -0.000 | ok
  7.0 |   -0.000   -0.000   -0.000   -0.000   -0.000   -0.000   -0.000 | ok
  7.2 |   -0.000   -0.000   -0.000   -0.000   -0.000   -0.000   -0.000 | ok
  7.4 |   -0.000   -0.000   -0.000   -0.000   -0.000   -0.000   -0.000 | ok
  7.6 |   -0.000   -0.000   -0.000   -0.000   -0.000   -0.000   -0.000 | ok
  7.8 |   -0.000   -0.000   -0.000   -0.000   -0.000   -0.000   -0.000 | ok
  8.0 |   -0.000   -0.000   -0.000   -0.000   -0.000   -0.000   -0.000 | ok
  8.2 |   -0.000   -0.000   -0.000   -0.000   -0.000   -0.000   -0.000 | ok
  8.4 |   -0.000   -0.000   -0.000   -0.000   -0.000   -0.000   -0.000 | ok
  8.6 |   -0.000   -0.000   -0.000   -0.000   -0.000   -0.000   -0.000 | ok
  8.8 |   -0.000   -0.000   -0.000   -0.000   -0.000   -0.000   -0.000 | ok
  9.0 |   -0.000   -0.000   -0.000   -0.000   -0.000   -0.000   -0.000 | ok
  9.2 |   -0.000   -0.000   -0.000   -0.000   -0.000   -0.000   -0.000 | ok
  9.4 |   -0.000   -0.000   -0.000   -0.000   -0.000   -0.000   -0.000 | ok
  9.6 |   -0.000   -0.000   -0.000   -0.000   -0.000   -0.000   -0.000 | ok
  9.8 |   -0.000   -0.000   -0.000   -0.000   -0.000   -0.000   -0.000 | ok
 10.0 |   -0.000   -0.000   -0.000   -0.000   -0.000   -0.000   -0.000 | ok
 10.2 |   -0.000   -0.000   -0.000   -0.000   -0.000   -0.000   -0.000 | ok
 10.4 |   -0.000   -0.000   -0.000   -0.000   -0.000   -0.000   -0.000 | ok
 10.6 |   -0.000   -0.000   -0.000   -0.000   -0.000   -0.000   -0.000 | ok
 10.8 |   -0.000   -0.000   -0.000   -0.000   -0.000   -0.000   -0.000 | ok
 11.0 |   -0.000   -0.000   -0.000   -0.000   -0.000   -0.000   -0.000 | ok
 11.2 |   -0.000   -0.000   -0.000   -0.000   -0.000   -0.000   -0.000 | ok
 11.4 |   -0.000   -0.000   -0.000   -0.000   -0.000   -0.000   -0.000 | ok
 11.6 |   -0.000   -0.000   -0.000   -0.000   -0.000   -0.000   -0.000 | ok
 11.8 |   -0.000   -0.000   -0.000   -0.000   -0.000   -0.000   -0.000 | ok
 12.0 |   -0.000   -0.000   -0.000   -0.000   -0.000   -0.000   -0.000 | ok
 12.2 |   -0.000   -0.000   -0.000   -0.000   -0.000   -0.000   -0.000 | ok
 12.4 |   -0.000   -0.000   -0.000   -0.000   -0.000   -0.000   -0.000 | ok
 12.6 |   -0.000   -0.000   -0.000   -0.000   -0.000   -0.000   -0.000 | ok
 12.8 |   -0.000   -0.000   -0.000   -0.000   -0.000   -0.000   -0.000 | ok
 13.0 |   -0.000   -0.000   -0.000   -0.000   -0.000   -0.000   -0.000 | ok
 13.2 |   -0.000   -0.000   -0.000   -0.000   -0.000   -0.000   -0.000 | ok
 13.4 |   -0.000   -0.000   -0.000   -0.000   -0.000   -0.000   -0.000 | ok
 13.6 |   -0.000   -0.000   -0.000   -0.000   -0.000   -0.000   -0.000 | ok
 13.8 |   -0.000   -0.000   -0.000   -0.000   -0.000   -0.000   -0.000 | ok
 14.0 |   -0.000   -0.000   -0.000   -0.000   -0.000   -0.000   -0.000 | ok
 14.2 |   -0.000   -0.000   -0.000   -0.000   -0.000   -0.000   -0.000 | ok
 14.4 |   -0.000   -0.000   -0.000   -0.000   -0.000   -0.000   -0.000 | ok
 14.6 |   -0.000   -0.000   -0.000   -0.000   -0.000   -0.000   -0.000 | ok
 14.8 |   -0.000   -0.000   -0.000   -0.000   -0.000   -0.000   -0.000 | ok
 15.0 |   -0.000   -0.000   -0.000   -0.000   -0.000   -0.000   -0.000 | ok
 15.2 |   -0.000   -0.000   -0.000   -0.000   -0.000   -0.000   -0.000 | ok
 15.4 |   -0.000   -0.000   -0.000   -0.000   -0.000   -0.000   -0.000 | ok
 15.6 |   -0.000   -0.000   -0.000   -0.000   -0.000   -0.000   -0.000 | ok
 15.8 |   -0.000   -0.000   -0.000   -0.000   -0.000   -0.000   -0.000 | ok
 16.0 |   -0.000   -0.000   -0.000   -0.000   -0.000   -0.000   -0.000 | ok
 16.2 |   -0.000   -0.000   -0.000   -0.000   -0.000   -0.000   -0.000 | ok
 16.4 |   -0.000   -0.000   -0.000   -0.000   -0.000   -0.000   -0.000 | ok
 16.6 |   -0.000   -0.000   -0.000   -0.000   -0.000   -0.000   -0.000 | ok
 16.8 |   -0.000   -0.000   -0.000   -0.000   -0.000   -0.000   -0.000 | ok
 17.0 |   -0.000   -0.000   -0.000   -0.000   -0.000   -0.000   -0.000 | ok
 17.2 |   -0.000   -0.000   -0.000   -0.000   -0.000   -0.000   -0.000 | ok
 17.4 |   -0.000   -0.000   -0.000   -0.000   -0.000   -0.000   -0.000 | ok
 17.6 |   -0.000   -0.000   -0.000   -0.000   -0.000   -0.000   -0.000 | ok
 17.8 |   -0.000   -0.000   -0.000   -0.000   -0.000   -0.000   -0.000 | ok
 18.0 |   -0.000   -0.000   -0.000   -0.000   -0.000   -0.000   -0.000 | ok
 18.2 |   -0.000   -0.000   -0.000   -0.000   -0.000   -0.000   -0.000 | ok
 18.4 |   -0.000   -0.000   -0.000   -0.000   -0.000   -0.000   -0.000 | ok
 18.6 |   -0.000   -0.000   -0.000   -0.000   -0.000   -0.000   -0.000 | ok
 18.8 |   -0.000   -0.000   -0.000   -0.000   -0.000   -0.000   -0.000 | ok
 19.0 |   -0.000   -0.000   -0.000   -0.000   -0.000   -0.000   -0.000 | ok
 19.2 |   -0.000   -0.000   -0.000   -0.000   -0.000   -0.000   -0.000 | ok
 19.4 |   -0.000   -0.000   -0.000   -0.000   -0.000   -0.000   -0.000 | ok
 19.6 |   -0.000   -0.000   -0.000   -0.000   -0.000   -0.000   -0.000 | ok
 19.8 |   -0.000   -0.000   -0.000   -0.000   -0.000   -0.000   -0.000 | ok
 20.0 |   -0.000   -0.000   -0.000   -0.000   -0.000   -0.000   -0.000 | ok
 20.2 |   -0.000   -0.000   -0.000   -0.000   -0.000   -0.000   -0.000 | ok
 20.4 |   -0.000   -0.000   -0.000   -0.000   -0.000   -0.000   -0.000 | ok
 20.6 |   -0.000   -0.000   -0.000   -0.000   -0.000   -0.000   -0.000 | ok
 20.8 |   -0.000   -0.000   -0.000   -0.000   -0.000   -0.000   -0.000 | ok
 21.0 |   -0.000   -0.000   -0.000   -0.000   -0.000   -0.000   -0.000 | ok
 21.2 |   -0.000   -0.000   -0.000   -0.000   -0.000   -0.000   -0.000 | ok
 21.4 |   -0.000   -0.000   -0.000   -0.000   -0.000   -0.000   -0.000 | ok
 21.6 |   -0.000   -0.000   -0.000   -0.000   -0.000   -0.000   -0.000 | ok
 21.8 |   -0.000   -0.000   -0.000   -0.000   -0.000   -0.000   -0.000 | ok
 22.0 |   -0.000   -0.000   -0.000   -0.000   -0.000   -0.000   -0.000 | ok
 22.2 |   -0.000   -0.000   -0.000   -0.000   -0.000   -0.000   -0.000 | ok
 22.4 |   -0.000   -0.000   -0.000   -0.000   -0.000   -0.000   -0.000 | ok
 22.6 |   -0.000   -0.000   -0.000   -0.000   -0.000   -0.000   -0.000 | ok
 22.8 |   -0.000   -0.000   -0.000   -0.000   -0.000   -0.000   -0.000 | ok
 23.0 |   -0.000   -0.000   -0.000   -0.000   -0.000   -0.000   -0.000 | ok
 23.2 |   -0.000   -0.000   -0.000   -0.000   -0.000   -0.000   -0.000 | ok
 23.4 |   -0.000   -0.000   -0.000   -0.000   -0.000   -0.000   -0.000 | ok
 23.6 |   -0.000   -0.000   -0.000   -0.000   -0.000   -0.000   -0.000 | ok
 23.8 |   -0.000   -0.000   -0.000   -0.000   -0.000   -0.000   -0.000 | ok
 24.0 |   -0.000   -0.000   -0.000   -0.000   -0.000   -0.000   -0.000 | ok
 24.2 |   -0.000   -0.000   -0.000   -0.000   -0.000   -0.000   -0.000 | ok
 24.4 |   -0.000   -0.000   -0.000   -0.000   -0.000   -0.000   -0.000 | ok
 24.6 |   -0.000   -0.000   -0.000   -0.000   -0.000   -0.000   -0.000 | ok
 24.8 |   -0.000   -0.000   -0.000   -0.000   -0.000   -0.000   -0.000 | ok
 25.0 |   -0.000   -0.000   -0.000   -0.000   -0.000   -0.000   -0.000 | ok
 25.2 |   -0.000   -0.000   -0.000   -0.000   -0.000   -0.000   -0.000 | ok
 25.4 |   -0.000   -0.000   -0.000   -0.000   -0.000   -0.000   -0.000 | ok
 25.6 |   -0.000   -0.000   -0.000   -0.000   -0.000   -0.000   -0.000 | ok
 25.8 |   -0.000   -0.000   -0.000   -0.000   -0.000   -0.000   -0.000 | ok
 26.0 |   -0.000   -0.000   -0.000   -0.000   -0.000   -0.000   -0.000 | ok
 26.2 |   -0.000   -0.000   -0.000   -0.000   -0.000   -0.000   -0.000 | ok
 26.4 |   -0.000   -0.000   -0.000   -0.000   -0.000   -0.000   -0.000 | ok
 26.6 |   -0.000   -0.000   -0.000   -0.000   -0.000   -0.000   -0.000 | ok
 26.8 |   -0.000   -0.000   -0.000   -0.000   -0.000   -0.000   -0.000 | ok
 27.0 |   -0.000   -0.000   -0.000   -0.000   -0.000   -0.000   -0.000 | ok
 27.2 |   -0.000   -0.000   -0.000   -0.000   -0.000   -0.000   -0.000 | ok
 27.4 |   -0.000   -0.000   -0.000   -0.000   -0.000   -0.000   -0.000 | ok
 27.6 |   -0.000   -0.000   -0.000   -0.000   -0.000   -0.000   -0.000 | ok
 27.8 |   -0.000   -0.000   -0.000   -0.000   -0.000   -0.000   -0.000 | ok
 28.0 |   -0.000   -0.000   -0.000   -0.000   -0.000   -0.000   -0.000 | ok
 28.2 |   -0.000   -0.000   -0.000   -0.000   -0.000   -0.000   -0.000 | ok
 28.4 |   -0.000   -0.000   -0.000   -0.000   -0.000   -0.000   -0.000 | ok
 28.6 |   -0.000   -0.000   -0.000   -0.000   -0.000   -0.000   -0.000 | ok
 28.8 |   -0.000   -0.000   -0.000   -0.000   -0.000   -0.000   -0.000 | ok
 29.0 |   -0.000   -0.000   -0.000   -0.000   -0.000   -0.000   -0.000 | ok
 29.2 |   -0.000   -0.000   -0.000   -0.000   -0.000   -0.000   -0.000 | ok
 29.4 |   -0.000   -0.000   -0.000   -0.000   -0.000   -0.000   -0.000 | ok
 29.6 |   -0.000   -0.000   -0.000   -0.000   -0.000   -0.000   -0.000 | ok
 29.8 |   -0.000   -0.000   -0.000   -0.000   -0.000   -0.000   -0.000 | ok
 30.0 |   -0.000   -0.000   -0.000   -0.000   -0.000   -0.000   -0.000 | ok
 30.2 |   -0.000   -0.000   -0.000   -0.000   -0.000   -0.000   -0.000 | ok
 30.4 |   -0.000   -0.000   -0.000   -0.000   -0.000   -0.000   -0.000 | ok
 30.6 |   -0.000   -0.000   -0.000   -0.000   -0.000   -0.000   -0.000 | ok
 30.8 |   -0.000   -0.000   -0.000   -0.000   -0.000   -0.000   -0.000 | ok
 31.0 |   -0.000   -0.000   -0.000   -0.000   -0.000   -0.000   -0.000 | ok
 31.2 |   -0.000   -0.000   -0.000   -0.000   -0.000   -0.000   -0.000 | ok
 31.4 |   -0.000   -0.000   -0.000   -0.000   -0.000   -0.000   -0.000 | ok
 31.6 |   -0.000   -0.000   -0.000   -0.000   -0.000   -0.000   -0.000 | ok
 31.8 |   -0.000   -0.000   -0.000   -0.000   -0.000   -0.000   -0.000 | ok
 32.0 |   -0.000   -0.000   -0.000   -0.000   -0.000   -0.000   -0.000 | ok
 32.2 |   -0.000   -0.000   -0.000   -0.000   -0.000   -0.000   -0.000 | ok
 32.4 |   -0.000   -0.000   -0.000   -0.000   -0.000   -0.000   -0.000 | ok
 32.6 |   -0.000   -0.000   -0.000   -0.000   -0.000   -0.000   -0.000 | ok
 32.8 |   -0.000   -0.000   -0.000   -0.000   -0.000   -0.000   -0.000 | ok
 33.0 |   -0.000   -0.000   -0.000   -0.000   -0.000   -0.000   -0.000 | ok
 33.2 |   -0.000   -0.000   -0.000   -0.000   -0.000   -0.000   -0.000 | ok
 33.4 |   -0.000   -0.000   -0.000   -0.000   -0.000   -0.000   -0.000 | ok
 33.6 |   -0.000   -0.000   -0.000   -0.000   -0.000   -0.000   -0.000 | ok
 33.8 |   -0.000   -0.000   -0.000   -0.000   -0.000   -0.000   -0.000 | ok
 34.0 |   -0.000   -0.000   -0.000   -0.000   -0.000   -0.000   -0.000 | ok
 34.2 |   -0.000   -0.000   -0.000   -0.000   -0.000   -0.000   -0.000 | ok
 34.4 |   -0.000   -0.000   -0.000   -0.000   -0.000   -0.000   -0.000 | ok
 34.6 |   -0.000   -0.000   -0.000   -0.000   -0.000   -0.000   -0.000 | ok
 34.8 |   -0.000   -0.000   -0.000   -0.000   -0.000   -0.000   -0.000 | ok
 35.0 |   -0.000   -0.000   -0.000   -0.000   -0.000   -0.000   -0.000 | ok
 35.2 |   -0.000   -0.000   -0.000   -0.000   -0.000   -0.000   -0.000 | ok
 35.4 |   -0.000   -0.000   -0.000   -0.000   -0.000   -0.000   -0.000 | ok
 35.6 |   -0.000   -0.000   -0.000   -0.000   -0.000   -0.000   -0.000 | ok
 35.8 |   -0.000   -0.000   -0.000   -0.000   -0.000   -0.000   -0.000 | ok
 36.0 |   -0.000   -0.000   -0.000   -0.000   -0.000   -0.000   -0.000 | ok
 36.2 |   -0.000   -0.000   -0.000   -0.000   -0.000   -0.000   -0.000 | ok
 36.4 |   -0.000   -0.000   -0.000   -0.000   -0.000   -0.000   -0.000 | ok
 36.6 |   -0.000   -0.000   -0.000   -0.000   -0.000   -0.000   -0.000 | ok
 36.8 |   -0.000   -0.000   -0.000   -0.000   -0.000   -0.000   -0.000 | ok
 37.0 |   -0.000   -0.000   -0.000   -0.000   -0.000   -0.000   -0.000 | ok
 37.2 |   -0.000   -0.000   -0.000   -0.000   -0.000   -0.000   -0.000 | ok
 37.4 |   -0.000   -0.000   -0.000   -0.000   -0.000   -0.000   -0.000 | ok
 37.6 |   -0.000   -0.000   -0.000   -0.000   -0.000   -0.000   -0.000 | ok
 37.8 |   -0.000   -0.000   -0.000   -0.000   -0.000   -0.000   -0.000 | ok
 38.0 |   -0.000   -0.000   -0.000   -0.000   -0.000   -0.000   -0.000 | ok
 38.2 |   -0.000   -0.000   -0.000   -0.000   -0.000   -0.000   -0.000 | ok
 38.4 |   -0.000   -0.000   -0.000   -0.000   -0.000   -0.000   -0.000 | ok
 38.6 |   -0.000   -0.000   -0.000   -0.000   -0.000   -0.000   -0.000 | ok
 38.8 |   -0.000   -0.000   -0.000   -0.000   -0.000   -0.000   -0.000 | ok
 39.0 |   -0.000   -0.000   -0.000   -0.000   -0.000   -0.000   -0.000 | ok
 39.2 |   -0.000   -0.000   -0.000   -0.000   -0.000   -0.000   -0.000 | ok
 39.4 |   -0.000   -0.000   -0.000   -0.000   -0.000   -0.000   -0.000 | ok
 39.6 |   -0.000   -0.000   -0.000   -0.000   -0.000   -0.000   -0.000 | ok
 39.8 |   -0.000   -0.000   -0.000   -0.000   -0.000   -0.000   -0.000 | ok
 40.0 |   -0.000   -0.000   -0.000   -0.000   -0.000   -0.000   -0.000 | ok
 40.2 |   -0.000   -0.000   -0.000   -0.000   -0.000   -0.000   -0.000 | ok
 40.4 |   -0.000   -0.000   -0.000   -0.000   -0.000   -0.000   -0.000 | ok
 40.6 |   -0.000   -0.000   -0.000   -0.000   -0.000   -0.000   -0.000 | ok
 40.8 |   -0.000   -0.000   -0.000   -0.000   -0.000   -0.000   -0.000 | ok
 41.0 |   -0.000   -0.000   -0.000   -0.000   -0.000   -0.000   -0.000 | ok
 41.2 |   -0.000   -0.000   -0.000   -0.000   -0.000   -0.000   -0.000 | ok
 41.4 |   -0.000   -0.000   -0.000   -0.000   -0.000   -0.000   -0.000 | ok
 41.6 |   -0.000   -0.000   -0.000   -0.000   -0.000   -0.000   -0.000 | ok
 41.8 |   -0.000   -0.000   -0.000   -0.000   -0.000   -0.000   -0.000 | ok
 42.0 |   -0.000   -0.000   -0.000   -0.000   -0.000   -0.000   -0.000 | ok
 42.2 |   -0.000   -0.000   -0.000   -0.000   -0.000   -0.000   -0.000 | ok
 42.4 |   -0.000   -0.000   -0.000   -0.000   -0.000   -0.000   -0.000 | ok
 42.6 |   -0.000   -0.000   -0.000   -0.000   -0.000   -0.000   -0.000 | ok
 42.8 |   -0.000   -0.000   -0.000   -0.000   -0.000   -0.000   -0.000 | ok
 43.0 |   -0.000   -0.000   -0.000   -0.000   -0.000   -0.000   -0.000 | ok
 43.2 |   -0.000   -0.000   -0.000   -0.000   -0.000   -0.000   -0.000 | ok
 43.4 |   -0.000   -0.000   -0.000   -0.000   -0.000   -0.000   -0.000 | ok
 43.6 |   -0.000   -0.000   -0.000   -0.000   -0.000   -0.000   -0.000 | ok
 43.8 |   -0.000   -0.000   -0.000   -0.000   -0.000   -0.000   -0.000 | ok
 44.0 |   -0.000   -0.000   -0.000   -0.000   -0.000   -0.000   -0.000 | ok
 44.2 |   -0.000   -0.000   -0.000   -0.000   -0.000   -0.000   -0.000 | ok
 44.4 |   -0.000   -0.000   -0.000   -0.000   -0.000   -0.000   -0.000 | ok
 44.6 |   -0.000   -0.000   -0.000   -0.000   -0.000   -0.000   -0.000 | ok
 44.8 |   -0.000   -0.000   -0.000   -0.000   -0.000   -0.000   -0.000 | ok
 45.0 |   -0.000   -0.000   -0.000   -0.000   -0.000   -0.000   -0.000 | ok
 45.2 |   -0.000   -0.000   -0.000   -0.000   -0.000   -0.000   -0.000 | ok
 45.4 |   -0.000   -0.000   -0.000   -0.000   -0.000   -0.000   -0.000 | ok
 45.6 |   -0.000   -0.000   -0.000   -0.000   -0.000   -0.000   -0.000 | ok
 45.8 |   -0.000   -0.000   -0.000   -0.000   -0.000   -0.000   -0.000 | ok
 46.0 |   -0.000   -0.000   -0.000   -0.000   -0.000   -0.000   -0.000 | ok
 46.2 |   -0.000   -0.000   -0.000   -0.000   -0.000   -0.000   -0.000 | ok
 46.4 |   -0.000   -0.000   -0.000   -0.000   -0.000   -0.000   -0.000 | ok
 46.6 |   -0.000   -0.000   -0.000   -0.000   -0.000   -0.000   -0.000 | ok
 46.8 |   -0.000   -0.000   -0.000   -0.000   -0.000   -0.000   -0.000 | ok
 47.0 |   -0.000   -0.000   -0.000   -0.000   -0.000   -0.000   -0.000 | ok
 47.2 |   -0.000   -0.000   -0.000   -0.000   -0.000   -0.000   -0.000 | ok
 47.4 |   -0.000   -0.000   -0.000   -0.000   -0.000   -0.000   -0.000 | ok
 47.6 |   -0.000   -0.000   -0.000   -0.000   -0.000   -0.000   -0.000 | ok
 47.8 |   -0.000   -0.000   -0.000   -0.000   -0.000   -0.000   -0.000 | ok
 48.0 |   -0.000   -0.000   -0.000   -0.000   -0.000   -0.000   -0.000 | ok
 48.2 |   -0.000   -0.000   -0.000   -0.000   -0.000   -0.000   -0.000 | ok
 48.4 |   -0.000   -0.000   -0.000   -0.000   -0.000   -0.000   -0.000 | ok
 48.6 |   -0.000   -0.000   -0.000   -0.000   -0.000   -0.000   -0.000 | ok
 48.8 |   -0.000   -0.000   -0.000   -0.000   -0.000   -0.000   -0.000 | ok
 49.0 |   -0.000   -0.000   -0.000   -0.000   -0.000   -0.000   -0.000 | ok
 49.2 |   -0.000   -0.000   -0.000   -0.000   -0.000   -0.000   -0.000 | ok
 49.4 |   -0.000   -0.000   -0.000   -0.000   -0.000   -0.000   -0.000 | ok
 49.6 |   -0.000   -0.000   -0.000   -0.000   -0.000   -0.000   -0.000 | ok
 49.8 |   -0.000   -0.000   -0.000   -0.000   -0.000   -0.000   -0.000 | ok
 50.0 |   -0.000   -0.000   -0.000   -0.000   -0.000   -0.000   -0.000 | ok
 50.2 |   -0.000   -0.000   -0.000   -0.000   -0.000   -0.000   -0.000 | ok
 50.4 |   -0.000   -0.000   -0.000   -0.000   -0.000   -0.000   -0.000 | ok
 50.6 |   -0.000   -0.000   -0.000   -0.000   -0.000   -0.000   -0.000 | ok
 50.8 |   -0.000   -0.000   -0.000   -0.000   -0.000   -0.000   -0.000 | ok
 51.0 |   -0.000   -0.000   -0.000   -0.000   -0.000   -0.000   -0.000 | ok
 51.2 |   -0.000   -0.000   -0.000   -0.000   -0.000   -0.000   -0.000 | ok
 51.4 |   -0.000   -0.000   -0.000   -0.000   -0.000   -0.000   -0.000 | ok
 51.6 |   -0.000   -0.000   -0.000   -0.000   -0.000   -0.000   -0.000 | ok
 51.8 |   -0.000   -0.000   -0.000   -0.000   -0.000   -0.000   -0.000 | ok
 52.0 |   -0.000   -0.000   -0.000   -0.000   -0.000   -0.000   -0.000 | ok
 52.2 |   -0.000   -0.000   -0.000   -0.000   -0.000   -0.000   -0.000 | ok
 52.4 |   -0.000   -0.000   -0.000   -0.000   -0.000   -0.000   -0.000 | ok
 52.6 |   -0.000   -0.000   -0.000   -0.000   -0.000   -0.000   -0.000 | ok
 52.8 |   -0.000   -0.000   -0.000   -0.000   -0.000   -0.000   -0.000 | ok
 53.0 |   -0.000   -0.000   -0.000   -0.000   -0.000   -0.000   -0.000 | ok
 53.2 |   -0.000   -0.000   -0.000   -0.000   -0.000   -0.000   -0.000 | ok
 53.4 |   -0.000   -0.000   -0.000   -0.000   -0.000   -0.000   -0.000 | ok
 53.6 |   -0.000   -0.000   -0.000   -0.000   -0.000   -0.000   -0.000 | ok
 53.8 |   -0.000   -0.000   -0.000   -0.000   -0.000   -0.000   -0.000 | ok
 54.0 |   -0.000   -0.000   -0.000   -0.000   -0.000   -0.000   -0.000 | ok
 54.2 |   -0.000   -0.000   -0.000   -0.000   -0.000   -0.000   -0.000 | ok
 54.4 |   -0.000   -0.000   -0.000   -0.000   -0.000   -0.000   -0.000 | ok
 54.6 |   -0.000   -0.000   -0.000   -0.000   -0.000   -0.000   -0.000 | ok
 54.8 |   -0.000   -0.000   -0.000   -0.000   -0.000   -0.000   -0.000 | ok
 55.0 |   -0.000   -0.000   -0.000   -0.000   -0.000   -0.000   -0.000 | ok
 55.2 |   -0.000   -0.000   -0.000   -0.000   -0.000   -0.000   -0.000 | ok
 55.4 |   -0.000   -0.000   -0.000   -0.000   -0.000   -0.000   -0.000 | ok
 55.6 |   -0.000   -0.000   -0.000   -0.000   -0.000   -0.000   -0.000 | ok
 55.8 |   -0.000   -0.000   -0.000   -0.000   -0.000   -0.000   -0.000 | ok
 56.0 |   -0.000   -0.000   -0.000   -0.000   -0.000   -0.000   -0.000 | ok
 56.2 |   -0.000   -0.000   -0.000   -0.000   -0.000   -0.000   -0.000 | ok
 56.4 |   -0.000   -0.000   -0.000   -0.000   -0.000   -0.000   -0.000 | ok
 56.6 |   -0.000   -0.000   -0.000   -0.000   -0.000   -0.000   -0.000 | ok
 56.8 |   -0.000   -0.000   -0.000   -0.000   -0.000   -0.000   -0.000 | ok
 57.0 |   -0.000   -0.000   -0.000   -0.000   -0.000   -0.000   -0.000 | ok
 57.2 |   -0.000   -0.000   -0.000   -0.000   -0.000   -0.000   -0.000 | ok
 57.4 |   -0.000   -0.000   -0.000   -0.000   -0.000   -0.000   -0.000 | ok
 57.6 |   -0.000   -0.000   -0.000   -0.000   -0.000   -0.000   -0.000 | ok
 57.8 |   -0.000   -0.000   -0.000   -0.000   -0.000   -0.000   -0.000 | ok
 58.0 |   -0.000   -0.000   -0.000   -0.000   -0.000   -0.000   -0.000 | ok
 58.2 |   -0.000   -0.000   -0.000   -0.000   -0.000   -0.000   -0.000 | ok
 58.4 |   -0.000   -0.000   -0.000   -0.000   -0.000   -0.000   -0.000 | ok
 58.6 |   -0.000   -0.000   -0.000   -0.000   -0.000   -0.000   -0.000 | ok
 58.8 |   -0.000   -0.000   -0.000   -0.000   -0.000   -0.000   -0.000 | ok
 59.0 |   -0.000   -0.000   -0.000   -0.000   -0.000   -0.000   -0.000 | ok
 59.2 |   -0.000   -0.000   -0.000   -0.000   -0.000   -0.000   -0.000 | ok
 59.4 |   -0.000   -0.000   -0.000   -0.000   -0.000   -0.000   -0.000 | ok
 59.6 |   -0.000   -0.000   -0.000   -0.000   -0.000   -0.000   -0.000 | ok
 59.8 |   -0.000   -0.000   -0.000   -0.000   -0.000   -0.000   -0.000 | ok
 60.0 |   -0.000   -0.000   -0.000   -0.000   -0.000   -0.000   -0.000 | ok
 60.2 |   -0.000   -0.000   -0.000   -0.000   -0.000   -0.000   -0.000 | ok
 60.4 |   -0.000   -0.000   -0.000   -0.000   -0.000   -0.000   -0.000 | ok
 60.6 |   -0.000   -0.000   -0.000   -0.000   -0.000   -0.000   -0.000 | ok
 60.8 |   -0.000   -0.000   -0.000   -0.000   -0.000   -0.000   -0.000 | ok
 61.0 |   -0.000   -0.000   -0.000   -0.000   -0.000   -0.000   -0.000 | ok
 61.2 |   -0.000   -0.000   -0.000   -0.000   -0.000   -0.000   -0.000 | ok
 61.4 |   -0.000   -0.000   -0.000   -0.000   -0.000   -0.000   -0.000 | ok
 61.6 |   -0.000   -0.000   -0.000   -0.000   -0.000   -0.000   -0.000 | ok
 61.8 |   -0.000   -0.000   -0.000   -0.000   -0.000   -0.000   -0.000 | ok
 62.0 |   -0.000   -0.000   -0.000   -0.000   -0.000   -0.000   -0.000 | ok
 62.2 |   -0.000   -0.000   -0.000   -0.000   -0.000   -0.000   -0.000 | ok
 62.4 |   -0.000   -0.000   -0.000   -0.000   -0.000   -0.000   -0.000 | ok
 62.6 |   -0.000   -0.000   -0.000   -0.000   -0.000   -0.000   -0.000 | ok
 62.8 |   -0.000   -0.000   -0.000   -0.000   -0.000   -0.000   -0.000 | ok
 63.0 |   -0.000   -0.000   -0.000   -0.000   -0.000   -0.000   -0.000 | ok
 63.2 |   -0.000   -0.000   -0.000   -0.000   -0.000   -0.000   -0.000 | ok
 63.4 |   -0.000   -0.000   -0.000   -0.000   -0.000   -0.000   -0.000 | ok
 63.6 |   -0.000   -0.000   -0.000   -0.000   -0.000   -0.000   -0.000 | ok
 63.8 |   -0.000   -0.000   -0.000   -0.000   -0.000   -0.000   -0.000 | ok
 64.0 |   -0.000   -0.000   -0.000   -0.000   -0.000   -0.000   -0.000 | ok
 64.2 |   -0.000   -0.000   -0.000   -0.000   -0.000   -0.000   -0.000 | ok
 64.4 |   -0.000   -0.000   -0.000   -0.000   -0.000   -0.000   -0.000 | ok
 64.6 |   -0.000   -0.000   -0.000   -0.000   -0.000   -0.000   -0.000 | ok
 64.8 |   -0.000   -0.000   -0.000   -0.000   -0.000   -0.000   -0.000 | ok
 65.0 |   -0.000   -0.000   -0.000   -0.000   -0.000   -0.000   -0.000 | ok
 65.2 |   -0.000   -0.000   -0.000   -0.000   -0.000   -0.000   -0.000 | ok
 65.4 |   -0.000   -0.000   -0.000   -0.000   -0.000   -0.000   -0.000 | ok
 65.6 |   -0.000   -0.000   -0.000   -0.000   -0.000   -0.000   -0.000 | ok
 65.8 |   -0.000   -0.000   -0.000   -0.000   -0.000   -0.000   -0.000 | ok
 66.0 |   -0.000   -0.000   -0.000   -0.000   -0.000   -0.000   -0.000 | ok
 66.2 |   -0.000   -0.000   -0.000   -0.000   -0.000   -0.000   -0.000 | ok
 66.4 |   -0.000   -0.000   -0.000   -0.000   -0.000   -0.000   -0.000 | ok
 66.6 |   -0.000   -0.000   -0.000   -0.000   -0.000   -0.000   -0.000 | ok
 66.8 |   -0.000   -0.000   -0.000   -0.000   -0.000   -0.000   -0.000 | ok
 67.0 |   -0.000   -0.000   -0.000   -0.000   -0.000   -0.000   -0.000 | ok
 67.2 |   -0.000   -0.000   -0.000   -0.000   -0.000   -0.000   -0.000 | ok
 67.4 |   -0.000   -0.000   -0.000   -0.000   -0.000   -0.000   -0.000 | ok
 67.6 |   -0.000   -0.000   -0.000   -0.000   -0.000   -0.000   -0.000 | ok
 67.8 |   -0.000   -0.000   -0.000   -0.000   -0.000   -0.000   -0.000 | ok
 68.0 |   -0.000   -0.000   -0.000   -0.000   -0.000   -0.000   -0.000 | ok
 68.2 |   -0.000   -0.000   -0.000   -0.000   -0.000   -0.000   -0.000 | ok
 68.4 |   -0.000   -0.000   -0.000   -0.000   -0.000   -0.000   -0.000 | ok
 68.6 |   -0.000   -0.000   -0.000   -0.000   -0.000   -0.000   -0.000 | ok
 68.8 |   -0.000   -0.000   -0.000   -0.000   -0.000   -0.000   -0.000 | ok
 69.0 |   -0.000   -0.000   -0.000   -0.000   -0.000   -0.000   -0.000 | ok
 69.2 |   -0.000   -0.000   -0.000   -0.000   -0.000   -0.000   -0.000 | ok
 69.4 |   -0.000   -0.000   -0.000   -0.000   -0.000   -0.000   -0.000 | ok
 69.6 |   -0.000   -0.000   -0.000   -0.000   -0.000   -0.000   -0.000 | ok
 69.8 |   -0.000   -0.000   -0.000   -0.000   -0.000   -0.000   -0.000 | ok
 70.0 |   -0.000   -0.000   -0.000   -0.000   -0.000   -0.000   -0.000 | ok
 70.2 |   -0.000   -0.000   -0.000   -0.000   -0.000   -0.000   -0.000 | ok
 70.4 |   -0.000   -0.000   -0.000   -0.000   -0.000   -0.000   -0.000 | ok
 70.6 |   -0.000   -0.000   -0.000   -0.000   -0.000   -0.000   -0.000 | ok
 70.8 |   -0.000   -0.000   -0.000   -0.000   -0.000   -0.000   -0.000 | ok
 71.0 |   -0.000   -0.000   -0.000   -0.000   -0.000   -0.000   -0.000 | ok
 71.2 |   -0.000   -0.000   -0.000   -0.000   -0.000   -0.000   -0.000 | ok
 71.4 |   -0.000   -0.000   -0.000   -0.000   -0.000   -0.000   -0.000 | ok
 71.6 |   -0.000   -0.000   -0.000   -0.000   -0.000   -0.000   -0.000 | ok
 71.8 |   -0.000   -0.000   -0.000   -0.000   -0.000   -0.000   -0.000 | ok
 72.0 |   -0.000   -0.000   -0.000   -0.000   -0.000   -0.000   -0.000 | ok
 72.2 |   -0.000   -0.000   -0.000   -0.000   -0.000   -0.000   -0.000 | ok
 72.4 |   -0.000   -0.000   -0.000   -0.000   -0.000   -0.000   -0.000 | ok
 72.6 |   -0.000   -0.000   -0.000   -0.000   -0.000   -0.000   -0.000 | ok
 72.8 |   -0.000   -0.000   -0.000   -0.000   -0.000   -0.000   -0.000 | ok
 73.0 |   -0.000   -0.000   -0.000   -0.000   -0.000   -0.000   -0.000 | ok
 73.2 |   -0.000   -0.000   -0.000   -0.000   -0.000   -0.000   -0.000 | ok
 73.4 |   -0.000   -0.000   -0.000   -0.000   -0.000   -0.000   -0.000 | ok
 73.6 |   -0.000   -0.000   -0.000   -0.000   -0.000   -0.000   -0.000 | ok
 73.8 |   -0.000   -0.000   -0.000   -0.000   -0.000   -0.000   -0.000 | ok
 74.0 |   -0.000   -0.000   -0.000   -0.000   -0.000   -0.000   -0.000 | ok
 74.2 |   -0.000   -0.000   -0.000   -0.000   -0.000   -0.000   -0.000 | ok
 74.4 |   -0.000   -0.000   -0.000   -0.000   -0.000   -0.000   -0.000 | ok
 74.6 |   -0.000   -0.000   -0.000   -0.000   -0.000   -0.000   -0.000 | ok
 74.8 |   -0.000   -0.000   -0.000   -0.000   -0.000   -0.000   -0.000 | ok
 75.0 |   -0.000   -0.000   -0.000   -0.000   -0.000   -0.000   -0.000 | ok
 75.2 |   -0.000   -0.000   -0.000   -0.000   -0.000   -0.000   -0.000 | ok
 75.4 |   -0.000   -0.000   -0.000   -0.000   -0.000   -0.000   -0.000 | ok
 75.6 |   -0.000   -0.000   -0.000   -0.000   -0.000   -0.000   -0.000 | ok
 75.8 |   -0.000   -0.000   -0.000   -0.000   -0.000   -0.000   -0.000 | ok
 76.0 |   -0.000   -0.000   -0.000   -0.000   -0.000   -0.000   -0.000 | ok
 76.2 |   -0.000   -0.000   -0.000   -0.000   -0.000   -0.000   -0.000 | ok
 76.4 |   -0.000   -0.000   -0.000   -0.000   -0.000   -0.000   -0.000 | ok
 76.6 |   -0.000   -0.000   -0.000   -0.000   -0.000   -0.000   -0.000 | ok
 76.8 |   -0.000   -0.000   -0.000   -0.000   -0.000   -0.000   -0.000 | ok
 77.0 |   -0.000   -0.000   -0.000   -0.000   -0.000   -0.000   -0.000 | ok
 77.2 |   -0.000   -0.000   -0.000   -0.000   -0.000   -0.000   -0.000 | ok
 77.4 |   -0.000   -0.000   -0.000   -0.000   -0.000   -0.000   -0.000 | ok
 77.6 |   -0.000   -0.000   -0.000   -0.000   -0.000   -0.000   -0.000 | ok
 77.8 |   -0.000   -0.000   -0.000   -0.000   -0.000   -0.000   -0.000 | ok
 78.0 |   -0.000   -0.000   -0.000   -0.000   -0.000   -0.000   -0.000 | ok
 78.2 |   -0.000   -0.000   -0.000   -0.000   -0.000   -0.000   -0.000 | ok
 78.4 |   -0.000   -0.000   -0.000   -0.000   -0.000   -0.000   -0.000 | ok
 78.6 |   -0.000   -0.000   -0.000   -0.000   -0.000   -0.000   -0.000 | ok
 78.8 |   -0.000   -0.000   -0.000   -0.000   -0.000   -0.000   -0.000 | ok
 79.0 |   -0.000   -0.000   -0.000   -0.000   -0.000   -0.000   -0.000 | ok
 79.2 |   -0.000   -0.000   -0.000   -0.000   -0.000   -0.000   -0.000 | ok
 79.4 |   -0.000   -0.000   -0.000   -0.000   -0.000   -0.000   -0.000 | ok
 79.6 |   -0.000   -0.000   -0.000   -0.000   -0.000   -0.000   -0.000 | ok
 79.8 |   -0.000   -0.000   -0.000   -0.000   -0.000   -0.000   -0.000 | ok
 80.0 |   -0.000   -0.000   -0.000   -0.000   -0.000   -0.000   -0.000 | ok
 80.2 |   -0.000   -0.000   -0.000   -0.000   -0.000   -0.000   -0.000 | ok
 80.4 |   -0.000   -0.000   -0.000   -0.000   -0.000   -0.000   -0.000 | ok
 80.6 |   -0.000   -0.000   -0.000   -0.000   -0.000   -0.000   -0.000 | ok
 80.8 |   -0.000   -0.000   -0.000   -0.000   -0.000   -0.000   -0.000 | ok
 81.0 |   -0.000   -0.000   -0.000   -0.000   -0.000   -0.000   -0.000 | ok
 81.2 |   -0.000   -0.000   -0.000   -0.000   -0.000   -0.000   -0.000 | ok
 81.4 |   -0.000   -0.000   -0.000   -0.000   -0.000   -0.000   -0.000 | ok
 81.6 |   -0.000   -0.000   -0.000   -0.000   -0.000   -0.000   -0.000 | ok
 81.8 |   -0.000   -0.000   -0.000   -0.000   -0.000   -0.000   -0.000 | ok
 82.0 |   -0.000   -0.000   -0.000   -0.000   -0.000   -0.000   -0.000 | ok
 82.2 |   -0.000   -0.000   -0.000   -0.000   -0.000   -0.000   -0.000 | ok
 82.4 |   -0.000   -0.000   -0.000   -0.000   -0.000   -0.000   -0.000 | ok
 82.6 |   -0.000   -0.000   -0.000   -0.000   -0.000   -0.000   -0.000 | ok
 82.8 |   -0.000   -0.000   -0.000   -0.000   -0.000   -0.000   -0.000 | ok
 83.0 |   -0.000   -0.000   -0.000   -0.000   -0.000   -0.000   -0.000 | ok
 83.2 |   -0.000   -0.000   -0.000   -0.000   -0.000   -0.000   -0.000 | ok
 83.4 |   -0.000   -0.000   -0.000   -0.000   -0.000   -0.000   -0.000 | ok
 83.6 |   -0.000   -0.000   -0.000   -0.000   -0.000   -0.000   -0.000 | ok
 83.8 |   -0.000   -0.000   -0.000   -0.000   -0.000   -0.000   -0.000 | ok
 84.0 |   -0.000   -0.000   -0.000   -0.000   -0.000   -0.000   -0.000 | ok
 84.2 |   -0.000   -0.000   -0.000   -0.000   -0.000   -0.000   -0.000 | ok
 84.4 |   -0.000   -0.000   -0.000   -0.000   -0.000   -0.000   -0.000 | ok
 84.6 |   -0.000   -0.000   -0.000   -0.000   -0.000   -0.000   -0.000 | ok
 84.8 |   -0.000   -0.000   -0.000   -0.000   -0.000   -0.000   -0.000 | ok
 85.0 |   -0.000   -0.000   -0.000   -0.000   -0.000   -0.000   -0.000 | ok
 85.2 |   -0.000   -0.000   -0.000   -0.000   -0.000   -0.000   -0.000 | ok
 85.4 |   -0.000   -0.000   -0.000   -0.000   -0.000   -0.000   -0.000 | ok
 85.6 |   -0.000   -0.000   -0.000   -0.000   -0.000   -0.000   -0.000 | ok
 85.8 |   -0.000   -0.000   -0.000   -0.000   -0.000   -0.000   -0.000 | ok
 86.0 |   -0.000   -0.000   -0.000   -0.000   -0.000   -0.000   -0.000 | ok
 86.2 |   -0.000   -0.000   -0.000   -0.000   -0.000   -0.000   -0.000 | ok
 86.4 |   -0.000   -0.000   -0.000   -0.000   -0.000   -0.000   -0.000 | ok
 86.6 |   -0.000   -0.000   -0.000   -0.000   -0.000   -0.000   -0.000 | ok
 86.8 |   -0.000   -0.000   -0.000   -0.000   -0.000   -0.000   -0.000 | ok
 87.0 |   -0.000   -0.000   -0.000   -0.000   -0.000   -0.000   -0.000 | ok
 87.2 |   -0.000   -0.000   -0.000   -0.000   -0.000   -0.000   -0.000 | ok
 87.4 |   -0.000   -0.000   -0.000   -0.000   -0.000   -0.000   -0.000 | ok
 87.6 |   -0.000   -0.000   -0.000   -0.000   -0.000   -0.000   -0.000 | ok
 87.8 |   -0.000   -0.000   -0.000   -0.000   -0.000   -0.000   -0.000 | ok
 88.0 |   -0.000   -0.000   -0.000   -0.000   -0.000   -0.000   -0.000 | ok
 88.2 |   -0.000   -0.000   -0.000   -0.000   -0.000   -0.000   -0.000 | ok
 88.4 |   -0.000   -0.000   -0.000   -0.000   -0.000   -0.000   -0.000 | ok
 88.6 |   -0.000   -0.000   -0.000   -0.000   -0.000   -0.000   -0.000 | ok
 88.8 |   -0.000   -0.000   -0.000   -0.000   -0.000   -0.000   -0.000 | ok
 89.0 |   -0.000   -0.000   -0.000   -0.000   -0.000   -0.000   -0.000 | ok
 89.2 |   -0.000   -0.000   -0.000   -0.000   -0.000   -0.000   -0.000 | ok
 89.4 |   -0.000   -0.000   -0.000   -0.000   -0.000   -0.000   -0.000 | ok
 89.6 |   -0.000   -0.000   -0.000   -0.000   -0.000   -0.000   -0.000 | ok
 89.8 |   -0.000   -0.000   -0.000   -0.000   -0.000   -0.000   -0.000 | ok
 90.0 |   -0.000   -0.000   -0.000   -0.000   -0.000   -0.000   -0.000 | ok
 90.2 |   -0.000   -0.000   -0.000   -0.000   -0.000   -0.000   -0.000 | ok
 90.4 |   -0.000   -0.000   -0.000   -0.000   -0.000   -0.000   -0.000 | ok
 90.6 |   -0.000   -0.000   -0.000   -0.000   -0.000   -0.000   -0.000 | ok
 90.8 |   -0.000   -0.000   -0.000   -0.000   -0.000   -0.000   -0.000 | ok
 91.0 |   -0.000   -0.000   -0.000   -0.000   -0.000   -0.000   -0.000 | ok
 91.2 |   -0.000   -0.000   -0.000   -0.000   -0.000   -0.000   -0.000 | ok
 91.4 |   -0.000   -0.000   -0.000   -0.000   -0.000   -0.000   -0.000 | ok
 91.6 |   -0.000   -0.000   -0.000   -0.000   -0.000   -0.000   -0.000 | ok
 91.8 |   -0.000   -0.000   -0.000   -0.000   -0.000   -0.000   -0.000 | ok
 92.0 |   -0.000   -0.000   -0.000   -0.000   -0.000   -0.000   -0.000 | ok
 92.2 |   -0.000   -0.000   -0.000   -0.000   -0.000   -0.000   -0.000 | ok
 92.4 |   -0.000   -0.000   -0.000   -0.000   -0.000   -0.000   -0.000 | ok
 92.6 |   -0.000   -0.000   -0.000   -0.000   -0.000   -0.000   -0.000 | ok
 92.8 |   -0.000   -0.000   -0.000   -0.000   -0.000   -0.000   -0.000 | ok
 93.0 |   -0.000   -0.000   -0.000   -0.000   -0.000   -0.000   -0.000 | ok
 93.2 |   -0.000   -0.000   -0.000   -0.000   -0.000   -0.000   -0.000 | ok
 93.4 |   -0.000   -0.000   -0.000   -0.000   -0.000   -0.000   -0.000 | ok
 93.6 |   -0.000   -0.000   -0.000   -0.000   -0.000   -0.000   -0.000 | ok
 93.8 |   -0.000   -0.000   -0.000   -0.000   -0.000   -0.000   -0.000 | ok
 94.0 |   -0.000   -0.000   -0.000   -0.000   -0.000   -0.000   -0.000 | ok
 94.2 |   -0.000   -0.000   -0.000   -0.000   -0.000   -0.000   -0.000 | ok
 94.4 |   -0.000   -0.000   -0.000   -0.000   -0.000   -0.000   -0.000 | ok
 94.6 |   -0.000   -0.000   -0.000   -0.000   -0.000   -0.000   -0.000 | ok
 94.8 |   -0.000   -0.000   -0.000   -0.000   -0.000   -0.000   -0.000 | ok
 95.0 |   -0.000   -0.000   -0.000   -0.000   -0.000   -0.000   -0.000 | ok
 95.2 |   -0.000   -0.000   -0.000   -0.000   -0.000   -0.000   -0.000 | ok
 95.4 |   -0.000   -0.000   -0.000   -0.000   -0.000   -0.000   -0.000 | ok
 95.6 |   -0.000   -0.000   -0.000   -0.000   -0.000   -0.000   -0.000 | ok
 95.8 |   -0.000   -0.000   -0.000   -0.000   -0.000   -0.000   -0.000 | ok
 96.0 |   -0.000   -0.000   -0.000   -0.000   -0.000   -0.000   -0.000 | ok
 96.2 |   -0.000   -0.000   -0.000   -0.000   -0.000   -0.000   -0.000 | ok
 96.4 |   -0.000   -0.000   -0.000   -0.000   -0.000   -0.000   -0.000 | ok
 96.6 |   -0.000   -0.000   -0.000   -0.000   -0.000   -0.000   -0.000 | ok
 96.8 |   -0.000   -0.000   -0.000   -0.000   -0.000   -0.000   -0.000 | ok
 97.0 |   -0.000   -0.000   -0.000   -0.000   -0.000   -0.000   -0.000 | ok
 97.2 |   -0.000   -0.000   -0.000   -0.000   -0.000   -0.000   -0.000 | ok
 97.5 |   -0.000   -0.000   -0.000   -0.000   -0.000   -0.000   -0.000 | ok
 97.7 |   -0.000   -0.000   -0.000   -0.000   -0.000   -0.000   -0.000 | ok
 97.9 |   -0.000   -0.000   -0.000   -0.000   -0.000   -0.000   -0.000 | ok
 98.1 |   -0.000   -0.000   -0.000   -0.000   -0.000   -0.000   -0.000 | ok
 98.3 |   -0.000   -0.000   -0.000   -0.000   -0.000   -0.000   -0.000 | ok
 98.5 |   -0.000   -0.000   -0.000   -0.000   -0.000   -0.000   -0.000 | ok
 98.7 |   -0.000   -0.000   -0.000   -0.000   -0.000   -0.000   -0.000 | ok
 98.9 |   -0.000   -0.000   -0.000   -0.000   -0.000   -0.000   -0.000 | ok
 99.1 |   -0.000   -0.000   -0.000   -0.000   -0.000   -0.000   -0.000 | ok
 99.3 |   -0.000   -0.000   -0.000   -0.000   -0.000   -0.000   -0.000 | ok
 99.5 |   -0.000   -0.000   -0.000   -0.000   -0.000   -0.000   -0.000 | ok
 99.7 |   -0.000   -0.000   -0.000   -0.000   -0.000   -0.000   -0.000 | ok
 99.9 |   -0.000   -0.000   -0.000   -0.000   -0.000   -0.000   -0.000 | ok
100.1 |   -0.000   -0.000   -0.000   -0.000   -0.000   -0.000   -0.000 | ok
100.3 |   -0.000   -0.000   -0.000   -0.000   -0.000   -0.000   -0.000 | ok
100.5 |   -0.000   -0.000   -0.000   -0.000   -0.000   -0.000   -0.000 | ok
100.7 |   -0.000   -0.000   -0.000   -0.000   -0.000   -0.000   -0.000 | ok
100.9 |   -0.000   -0.000   -0.000   -0.000   -0.000   -0.000   -0.000 | ok
101.1 |   -0.000   -0.000   -0.000   -0.000   -0.000   -0.000   -0.000 | ok
101.3 |   -0.000   -0.000   -0.000   -0.000   -0.000   -0.000   -0.000 | ok
101.5 |   -0.000   -0.000   -0.000   -0.000   -0.000   -0.000   -0.000 | ok
101.7 |   -0.000   -0.000   -0.000   -0.000   -0.000   -0.000   -0.000 | ok
101.9 |   -0.000   -0.000   -0.000   -0.000   -0.000   -0.000   -0.000 | ok
102.1 |   -0.000   -0.000   -0.000   -0.000   -0.000   -0.000   -0.000 | ok
102.3 |   -0.000   -0.000   -0.000   -0.000   -0.000   -0.000   -0.000 | ok
102.5 |   -0.000   -0.000   -0.000   -0.000   -0.000   -0.000   -0.000 | ok
102.7 |   -0.000   -0.000   -0.000   -0.000   -0.000   -0.000   -0.000 | ok
102.9 |   -0.000   -0.000   -0.000   -0.000   -0.000   -0.000   -0.000 | ok
103.1 |   -0.000   -0.000   -0.000   -0.000   -0.000   -0.000   -0.000 | ok
103.3 |   -0.000   -0.000   -0.000   -0.000   -0.000   -0.000   -0.000 | ok
103.5 |   -0.000   -0.000   -0.000   -0.000   -0.000   -0.000   -0.000 | ok
103.7 |   -0.000   -0.000   -0.000   -0.000   -0.000   -0.000   -0.000 | ok
103.9 |   -0.000   -0.000   -0.000   -0.000   -0.000   -0.000   -0.000 | ok
104.1 |   -0.000   -0.000   -0.000   -0.000   -0.000   -0.000   -0.000 | ok
104.3 |   -0.000   -0.000   -0.000   -0.000   -0.000   -0.000   -0.000 | ok
104.5 |   -0.000   -0.000   -0.000   -0.000   -0.000   -0.000   -0.000 | ok
104.7 |   -0.000   -0.000   -0.000   -0.000   -0.000   -0.000   -0.000 | ok
104.9 |   -0.000   -0.000   -0.000   -0.000   -0.000   -0.000   -0.000 | ok
105.1 |   -0.000   -0.000   -0.000   -0.000   -0.000   -0.000   -0.000 | ok
105.3 |   -0.000   -0.000   -0.000   -0.000   -0.000   -0.000   -0.000 | ok
105.5 |   -0.000   -0.000   -0.000   -0.000   -0.000   -0.000   -0.000 | ok
105.7 |   -0.000   -0.000   -0.000   -0.000   -0.000   -0.000   -0.000 | ok
105.9 |   -0.000   -0.000   -0.000   -0.000   -0.000   -0.000   -0.000 | ok
106.1 |   -0.000   -0.000   -0.000   -0.000   -0.000   -0.000   -0.000 | ok
106.3 |   -0.000   -0.000   -0.000   -0.000   -0.000   -0.000   -0.000 | ok
106.5 |   -0.000   -0.000   -0.000   -0.000   -0.000   -0.000   -0.000 | ok
106.7 |   -0.000   -0.000   -0.000   -0.000   -0.000   -0.000   -0.000 | ok
106.9 |   -0.000   -0.000   -0.000   -0.000   -0.000   -0.000   -0.000 | ok
107.1 |   -0.000   -0.000   -0.000   -0.000   -0.000   -0.000   -0.000 | ok
107.3 |   -0.000   -0.000   -0.000   -0.000   -0.000   -0.000   -0.000 | ok
107.5 |   -0.000   -0.000   -0.000   -0.000   -0.000   -0.000   -0.000 | ok
107.7 |   -0.000   -0.000   -0.000   -0.000   -0.000   -0.000   -0.000 | ok
107.9 |   -0.000   -0.000   -0.000   -0.000   -0.000   -0.000   -0.000 | ok
108.1 |   -0.000   -0.000   -0.000   -0.000   -0.000   -0.000   -0.000 | ok
108.3 |   -0.000   -0.000   -0.000   -0.000   -0.000   -0.000   -0.000 | ok
108.5 |   -0.000   -0.000   -0.000   -0.000   -0.000   -0.000   -0.000 | ok
108.7 |   -0.000   -0.000   -0.000   -0.000   -0.000   -0.000   -0.000 | ok
108.9 |   -0.000   -0.000   -0.000   -0.000   -0.000   -0.000   -0.000 | ok
109.1 |   -0.000   -0.000   -0.000   -0.000   -0.000   -0.000   -0.000 | ok
109.3 |   -0.000   -0.000   -0.000   -0.000   -0.000   -0.000   -0.000 | ok
109.5 |   -0.000   -0.000   -0.000   -0.000   -0.000   -0.000   -0.000 | ok
109.7 |   -0.000   -0.000   -0.000   -0.000   -0.000   -0.000   -0.000 | ok
109.9 |   -0.000   -0.000   -0.000   -0.000   -0.000   -0.000   -0.000 | ok
110.1 |   -0.000   -0.000   -0.000   -0.000   -0.000   -0.000   -0.000 | ok
110.3 |   -0.000   -0.000   -0.000   -0.000   -0.000   -0.000   -0.000 | ok
110.5 |   -0.000   -0.000   -0.000   -0.000   -0.000   -0.000   -0.000 | ok
110.7 |   -0.000   -0.000   -0.000   -0.000   -0.000   -0.000   -0.000 | ok
110.9 |   -0.000   -0.000   -0.000   -0.000   -0.000   -0.000   -0.000 | ok
111.1 |   -0.000   -0.000   -0.000   -0.000   -0.000   -0.000   -0.000 | ok
111.3 |   -0.000   -0.000   -0.000   -0.000   -0.000   -0.000   -0.000 | ok
111.5 |   -0.000   -0.000   -0.000   -0.000   -0.000   -0.000   -0.000 | ok
111.7 |   -0.000   -0.000   -0.000   -0.000   -0.000   -0.000   -0.000 | ok
111.9 |   -0.000   -0.000   -0.000   -0.000   -0.000   -0.000   -0.000 | ok
112.1 |   -0.000   -0.000   -0.000   -0.000   -0.000   -0.000   -0.000 | ok
112.3 |   -0.000   -0.000   -0.000   -0.000   -0.000   -0.000   -0.000 | ok
112.5 |   -0.000   -0.000   -0.000   -0.000   -0.000   -0.000   -0.000 | ok
112.7 |   -0.000   -0.000   -0.000   -0.000   -0.000   -0.000   -0.000 | ok
112.9 |   -0.000   -0.000   -0.000   -0.000   -0.000   -0.000   -0.000 | ok
113.1 |   -0.000   -0.000   -0.000   -0.000   -0.000   -0.000   -0.000 | ok
113.3 |   -0.000   -0.000   -0.000   -0.000   -0.000   -0.000   -0.000 | ok
113.5 |   -0.000   -0.000   -0.000   -0.000   -0.000   -0.000   -0.000 | ok
113.7 |   -0.000   -0.000   -0.000   -0.000   -0.000   -0.000   -0.000 | ok
113.9 |   -0.000   -0.000   -0.000   -0.000   -0.000   -0.000   -0.000 | ok
114.1 |   -0.000   -0.000   -0.000   -0.000   -0.000   -0.000   -0.000 | ok
114.3 |   -0.000   -0.000   -0.000   -0.000   -0.000   -0.000   -0.000 | ok
114.5 |   -0.000   -0.000   -0.000   -0.000   -0.000   -0.000   -0.000 | ok
114.7 |   -0.000   -0.000   -0.000   -0.000   -0.000   -0.000   -0.000 | ok
114.9 |   -0.000   -0.000   -0.000   -0.000   -0.000   -0.000   -0.000 | ok
115.1 |   -0.000   -0.000   -0.000   -0.000   -0.000   -0.000   -0.000 | ok
115.3 |   -0.000   -0.000   -0.000   -0.000   -0.000   -0.000   -0.000 | ok
115.5 |   -0.000   -0.000   -0.000   -0.000   -0.000   -0.000   -0.000 | ok
115.7 |   -0.000   -0.000   -0.000   -0.000   -0.000   -0.000   -0.000 | ok
115.9 |   -0.000   -0.000   -0.000   -0.000   -0.000   -0.000   -0.000 | ok
116.1 |   -0.000   -0.000   -0.000   -0.000   -0.000   -0.000   -0.000 | ok
116.3 |   -0.000   -0.000   -0.000   -0.000   -0.000   -0.000   -0.000 | ok
116.5 |   -0.000   -0.000   -0.000   -0.000   -0.000   -0.000   -0.000 | ok
116.7 |   -0.000   -0.000   -0.000   -0.000   -0.000   -0.000   -0.000 | ok
116.9 |   -0.000   -0.000   -0.000   -0.000   -0.000   -0.000   -0.000 | ok
117.1 |   -0.000   -0.000   -0.000   -0.000   -0.000   -0.000   -0.000 | ok
117.3 |   -0.000   -0.000   -0.000   -0.000   -0.000   -0.000   -0.000 | ok
117.5 |   -0.000   -0.000   -0.000   -0.000   -0.000   -0.000   -0.000 | ok
117.7 |   -0.000   -0.000   -0.000   -0.000   -0.000   -0.000   -0.000 | ok
117.9 |   -0.000   -0.000   -0.000   -0.000   -0.000   -0.000   -0.000 | ok
118.1 |   -0.000   -0.000   -0.000   -0.000   -0.000   -0.000   -0.000 | ok
118.3 |   -0.000   -0.000   -0.000   -0.000   -0.000   -0.000   -0.000 | ok
118.5 |   -0.000   -0.000   -0.000   -0.000   -0.000   -0.000   -0.000 | ok
118.7 |   -0.000   -0.000   -0.000   -0.000   -0.000   -0.000   -0.000 | ok
118.9 |   -0.000   -0.000   -0.000   -0.000   -0.000   -0.000   -0.000 | ok
119.1 |   -0.000   -0.000   -0.000   -0.000   -0.000   -0.000   -0.000 | ok
119.3 |   -0.000   -0.000   -0.000   -0.000   -0.000   -0.000   -0.000 | ok
119.5 |   -0.000   -0.000   -0.000   -0.000   -0.000   -0.000   -0.000 | ok
119.7 |   -0.000   -0.000   -0.000   -0.000   -0.000   -0.000   -0.000 | ok
119.9 |   -0.000   -0.000   -0.000   -0.000   -0.000   -0.000   -0.000 | ok
120.1 |   -0.000   -0.000   -0.000   -0.000   -0.000   -0.000   -0.000 | ok
120.3 |   -0.000   -0.000   -0.000   -0.000   -0.000   -0.000   -0.000 | ok
120.5 |   -0.000   -0.000   -0.000   -0.000   -0.000   -0.000   -0.000 | ok
120.7 |   -0.000   -0.000   -0.000   -0.000   -0.000   -0.000   -0.000 | ok
120.9 |   -0.000   -0.000   -0.000   -0.000   -0.000   -0.000   -0.000 | ok
121.1 |   -0.000   -0.000   -0.000   -0.000   -0.000   -0.000   -0.000 | ok
121.3 |   -0.000   -0.000   -0.000   -0.000   -0.000   -0.000   -0.000 | ok
121.5 |   -0.000   -0.000   -0.000   -0.000   -0.000   -0.000   -0.000 | ok
121.7 |   -0.000   -0.000   -0.000   -0.000   -0.000   -0.000   -0.000 | ok
121.9 |   -0.000   -0.000   -0.000   -0.000   -0.000   -0.000   -0.000 | ok
122.1 |   -0.000   -0.000   -0.000   -0.000   -0.000   -0.000   -0.000 | ok
122.3 |   -0.000   -0.000   -0.000   -0.000   -0.000   -0.000   -0.000 | ok
122.5 |   -0.000   -0.000   -0.000   -0.000   -0.000   -0.000   -0.000 | ok
122.7 |   -0.000   -0.000   -0.000   -0.000   -0.000   -0.000   -0.000 | ok
122.9 |   -0.000   -0.000   -0.000   -0.000   -0.000   -0.000   -0.000 | ok
123.1 |   -0.000   -0.000   -0.000   -0.000   -0.000   -0.000   -0.000 | ok
123.3 |   -0.000   -0.000   -0.000   -0.000   -0.000   -0.000   -0.000 | ok
123.5 |   -0.000   -0.000   -0.000   -0.000   -0.000   -0.000   -0.000 | ok
123.7 |   -0.000   -0.000   -0.000   -0.000   -0.000   -0.000   -0.000 | ok
123.9 |   -0.000   -0.000   -0.000   -0.000   -0.000   -0.000   -0.000 | ok
124.1 |   -0.000   -0.000   -0.000   -0.000   -0.000   -0.000   -0.000 | ok
124.3 |   -0.000   -0.000   -0.000   -0.000   -0.000   -0.000   -0.000 | ok
124.5 |   -0.000   -0.000   -0.000   -0.000   -0.000   -0.000   -0.000 | ok
124.7 |   -0.000   -0.000   -0.000   -0.000   -0.000   -0.000   -0.000 | ok
124.9 |   -0.000   -0.000   -0.000   -0.000   -0.000   -0.000   -0.000 | ok
125.1 |   -0.000   -0.002   -0.000   -0.000   -0.000   -0.000   -0.000 | ok
125.3 |   -0.000   -0.012   -0.000   -0.000   -0.000   -0.000   -0.000 | ok
125.5 |   -0.000   -0.013   -0.000   -0.000   -0.000   -0.000   -0.000 | ok
125.7 |   -0.000   -0.013   -0.000   -0.000   -0.001   -0.000   -0.000 | ok
125.9 |   -0.000   -0.013   -0.000   -0.000   -0.001   -0.000   -0.000 | ok
126.1 |   -0.000   -0.013   -0.000   -0.000   -0.001   -0.000   -0.000 | ok
126.3 |   -0.000   -0.013   -0.000   -0.000   -0.001   -0.000   -0.000 | ok
126.5 |   -0.000   -0.013   -0.000   -0.000   -0.002   -0.000   -0.000 | ok
126.7 |   +0.000   -0.013   -0.000   -0.000   -0.006   -0.000   -0.000 | ok
126.9 |   +0.012   -0.013   -0.000   -0.000   -0.010   -0.000   -0.000 | ok
127.1 |   +0.033   -0.013   -0.000   -0.000   -0.010   -0.000   -0.000 | ok
127.3 |   +0.059   -0.013   -0.000   -0.000   -0.013   -0.000   -0.000 | ok
127.5 |   +0.088   -0.013   -0.000   -0.000   -0.013   -0.000   -0.000 | ok
127.7 |   +0.117   -0.013   -0.000   -0.000   -0.013   -0.000   -0.000 | ok
127.9 |   +0.144   -0.013   -0.000   -0.000   -0.014   -0.000   -0.000 | ok
128.1 |   +0.176   -0.013   -0.000   -0.000   -0.017   -0.000   -0.000 | ok
128.3 |   +0.205   -0.013   -0.000   -0.000   -0.017   -0.000   -0.000 | ok
128.5 |   +0.234   -0.013   -0.000   -0.000   -0.017   +0.000   -0.000 | ok
128.7 |   +0.266   -0.013   -0.000   -0.000   -0.017   +0.000   -0.000 | ok
128.9 |   +0.297   -0.013   -0.000   -0.000   -0.018   +0.000   -0.000 | ok
129.1 |   +0.328   -0.013   -0.000   -0.000   -0.019   +0.000   -0.000 | ok
129.3 |   +0.354   -0.013   -0.000   -0.000   -0.021   +0.000   -0.000 | ok
129.5 |   +0.376   -0.013   -0.000   -0.000   -0.022   +0.000   -0.000 | ok
129.7 |   +0.397   -0.013   -0.000   -0.000   -0.024   +0.000   -0.000 | ok
129.9 |   +0.411   -0.013   -0.000   -0.000   -0.024   +0.000   -0.000 | ok
130.1 |   +0.412   -0.013   -0.000   -0.000   -0.023   +0.000   -0.000 | ok
130.3 |   +0.412   -0.012   -0.000   -0.000   -0.023   +0.000   -0.000 | ok
130.5 |   +0.412   -0.012   -0.000   -0.000   -0.021   +0.000   -0.000 | ok
130.7 |   +0.412   -0.012   -0.000   -0.000   -0.020   +0.000   -0.000 | ok
130.9 |   +0.412   -0.012   -0.000   -0.000   -0.018   +0.000   -0.000 | ok
131.1 |   +0.412   -0.012   -0.000   -0.000   -0.013   +0.000   -0.000 | ok
131.3 |   +0.412   -0.012   -0.000   -0.000   -0.013   +0.000   -0.000 | ok
131.5 |   +0.412   -0.012   -0.000   -0.000   -0.013   +0.000   -0.000 | ok
131.7 |   +0.412   -0.012   -0.000   -0.000   -0.013   +0.000   -0.000 | ok
131.9 |   +0.412   -0.012   -0.000   -0.000   -0.012   +0.000   -0.000 | ok
132.1 |   +0.412   -0.012   -0.000   -0.000   -0.012   +0.000   -0.000 | ok
132.3 |   +0.412   -0.012   -0.000   -0.000   -0.012   +0.000   -0.000 | ok
132.5 |   +0.412   -0.012   -0.000   -0.000   -0.012   +0.000   -0.000 | ok
132.7 |   +0.412   -0.012   -0.000   -0.000   -0.012   +0.000   -0.000 | ok
132.9 |   +0.412   -0.012   -0.000   -0.000   -0.012   +0.000   -0.000 | ok
133.1 |   +0.412   -0.012   -0.000   -0.000   -0.012   +0.000   -0.000 | ok
133.3 |   +0.412   -0.012   -0.000   -0.000   -0.012   +0.000   -0.000 | ok
133.5 |   +0.412   -0.012   -0.000   -0.000   -0.012   +0.000   -0.000 | ok
133.7 |   +0.412   -0.012   -0.000   -0.000   -0.012   +0.000   -0.000 | ok
133.9 |   +0.412   -0.012   -0.000   -0.000   -0.012   +0.000   -0.000 | ok
134.1 |   +0.412   -0.012   -0.000   -0.000   -0.012   +0.000   -0.000 | ok
134.3 |   +0.412   -0.012   -0.000   -0.000   -0.012   +0.000   -0.000 | ok
134.5 |   +0.412   -0.012   -0.000   -0.000   -0.012   +0.000   -0.000 | ok
134.7 |   +0.412   -0.012   -0.000   -0.000   -0.012   +0.000   -0.000 | ok
134.9 |   +0.412   -0.012   -0.000   -0.000   -0.012   +0.000   -0.000 | ok
135.1 |   +0.412   -0.012   -0.000   -0.000   -0.012   +0.000   -0.000 | ok
135.3 |   +0.412   -0.012   -0.000   -0.000   -0.012   +0.000   -0.000 | ok
135.5 |   +0.412   -0.012   -0.000   -0.000   -0.012   +0.000   -0.000 | ok
135.7 |   +0.412   -0.012   -0.000   -0.000   -0.012   +0.000   -0.000 | ok
135.9 |   +0.412   -0.012   -0.000   -0.000   -0.012   +0.000   -0.000 | ok
136.1 |   +0.412   -0.012   -0.000   -0.000   -0.012   +0.000   -0.000 | ok
136.3 |   +0.412   -0.012   -0.000   -0.000   -0.012   +0.000   -0.000 | ok
136.5 |   +0.412   -0.012   -0.000   -0.000   -0.012   +0.000   -0.000 | ok
136.7 |   +0.412   -0.012   -0.000   -0.000   -0.012   +0.000   -0.000 | ok
136.9 |   +0.412   -0.012   -0.000   -0.000   -0.012   +0.000   -0.000 | ok
137.1 |   +0.412   -0.012   -0.000   -0.000   -0.012   +0.000   -0.000 | ok
137.3 |   +0.412   -0.012   -0.000   -0.000   -0.012   +0.000   -0.000 | ok
137.5 |   +0.412   -0.012   -0.000   -0.000   -0.012   +0.000   -0.000 | ok
137.7 |   +0.412   -0.012   -0.000   -0.000   -0.013   +0.001   -0.000 | ok
137.9 |   +0.412   -0.012   -0.000   -0.000   -0.013   +0.001   -0.000 | ok
138.1 |   +0.412   -0.012   -0.000   -0.000   -0.013   +0.001   -0.000 | ok
138.3 |   +0.412   -0.012   -0.000   -0.000   -0.013   +0.001   -0.000 | ok
138.5 |   +0.412   -0.012   -0.000   -0.000   -0.013   +0.001   -0.000 | ok
138.7 |   +0.412   -0.012   -0.000   -0.000   -0.012   +0.001   -0.000 | ok
138.9 |   +0.406   -0.013   -0.000   -0.000   -0.010   +0.001   -0.000 | ok
139.1 |   +0.393   -0.013   -0.000   -0.000   -0.009   +0.001   -0.000 | ok
139.3 |   +0.378   -0.013   -0.000   -0.000   -0.008   +0.001   -0.000 | ok
139.5 |   +0.359   -0.013   -0.000   -0.000   -0.008   +0.001   -0.000 | ok
139.7 |   +0.338   -0.013   -0.000   -0.000   -0.008   +0.001   -0.000 | ok
139.9 |   +0.316   -0.013   -0.000   -0.000   -0.008   +0.001   -0.000 | ok
140.1 |   +0.294   -0.013   -0.000   -0.000   -0.008   +0.001   -0.000 | ok
140.3 |   +0.274   -0.013   -0.000   -0.000   -0.008   +0.001   -0.000 | ok
140.5 |   +0.255   -0.013   -0.000   -0.000   -0.004   +0.001   -0.000 | ok
140.7 |   +0.232   -0.013   -0.000   -0.000   -0.004   +0.001   -0.000 | ok
140.9 |   +0.205   -0.013   -0.000   -0.000   -0.002   +0.001   -0.000 | ok
141.1 |   +0.179   -0.013   -0.000   +0.000   -0.002   +0.001   -0.000 | ok
141.3 |   +0.154   -0.013   -0.000   +0.000   -0.002   +0.001   -0.000 | ok
141.5 |   +0.128   -0.013   -0.000   +0.000   -0.002   +0.001   -0.000 | ok
141.7 |   +0.102   -0.013   -0.000   +0.000   -0.002   +0.001   -0.000 | ok
141.9 |   +0.075   -0.013   -0.000   +0.000   -0.002   +0.001   -0.000 | ok
142.1 |   +0.050   -0.013   -0.000   +0.000   -0.002   +0.001   -0.000 | ok
142.3 |   +0.034   -0.013   -0.000   +0.000   -0.002   +0.001   -0.000 | ok
142.5 |   +0.023   -0.013   -0.000   -0.000   -0.004   +0.001   -0.000 | ok
142.7 |   +0.018   -0.013   -0.000   -0.000   -0.006   +0.001   -0.000 | ok
142.9 |   +0.018   -0.013   -0.000   -0.000   -0.011   +0.001   -0.000 | ok
143.1 |   +0.018   -0.013   -0.000   -0.000   -0.013   +0.001   -0.000 | ok
143.3 |   +0.018   -0.013   -0.000   -0.000   -0.013   +0.001   -0.000 | ok
143.5 |   +0.018   -0.013   -0.000   -0.000   -0.013   +0.001   -0.000 | ok
143.7 |   +0.018   -0.012   -0.000   -0.000   -0.013   +0.001   -0.000 | ok
143.9 |   +0.018   -0.012   -0.000   -0.000   -0.013   +0.001   -0.000 | ok
144.1 |   +0.016   -0.012   -0.000   -0.000   -0.013   +0.001   -0.000 | ok
144.3 |   +0.016   -0.012   -0.000   -0.000   -0.013   +0.001   -0.000 | ok
144.5 |   +0.016   -0.012   -0.000   -0.000   -0.013   +0.001   -0.000 | ok
144.7 |   +0.016   -0.012   -0.000   -0.000   -0.013   +0.001   -0.000 | ok
144.9 |   +0.016   -0.012   -0.000   -0.000   -0.013   +0.001   -0.000 | ok
145.1 |   +0.016   -0.010   -0.000   -0.000   -0.013   +0.001   -0.000 | ok
145.3 |   +0.016   -0.000   -0.000   -0.000   -0.012   +0.000   -0.000 | ok
145.5 |   +0.016   -0.000   -0.000   -0.000   -0.012   +0.000   -0.000 | ok
145.7 |   +0.016   -0.000   -0.000   -0.000   -0.010   +0.000   -0.000 | ok
145.9 |   +0.016   -0.000   -0.000   -0.000   -0.009   +0.000   -0.000 | ok
146.1 |   +0.016   -0.000   -0.000   -0.000   -0.009   +0.000   -0.000 | ok
146.3 |   +0.016   -0.000   -0.000   -0.000   -0.009   +0.000   -0.000 | ok
146.5 |   +0.016   -0.000   -0.000   -0.000   -0.009   +0.000   -0.000 | ok
146.7 |   +0.016   -0.000   -0.000   -0.000   -0.009   +0.000   -0.000 | ok
146.9 |   +0.016   -0.000   -0.000   -0.000   -0.009   +0.000   -0.000 | ok
147.1 |   +0.016   -0.000   -0.000   -0.000   -0.009   +0.000   -0.000 | ok
147.3 |   +0.016   -0.000   -0.000   -0.000   -0.009   +0.000   -0.000 | ok
147.5 |   +0.016   -0.000   -0.000   -0.000   -0.009   +0.000   -0.000 | ok
147.7 |   +0.016   -0.000   -0.000   -0.000   -0.009   +0.000   -0.000 | ok
147.9 |   +0.016   -0.000   -0.000   -0.000   -0.009   +0.000   -0.000 | ok
148.1 |   +0.016   -0.000   -0.000   -0.000   -0.009   +0.000   -0.000 | ok
148.3 |   +0.016   -0.000   -0.000   -0.000   -0.009   +0.000   -0.000 | ok
148.5 |   +0.016   -0.000   -0.000   -0.000   -0.009   +0.000   -0.000 | ok
148.7 |   +0.016   -0.000   -0.000   -0.000   -0.009   +0.000   -0.000 | ok
148.9 |   +0.016   -0.000   -0.000   -0.000   -0.009   +0.000   -0.000 | ok
149.1 |   +0.016   -0.000   -0.000   -0.000   -0.009   +0.000   -0.000 | ok
149.3 |   +0.016   -0.000   -0.000   -0.000   -0.009   +0.000   -0.000 | ok
149.5 |   +0.016   -0.000   -0.000   -0.000   -0.009   +0.000   -0.000 | ok
149.7 |   +0.016   -0.000   -0.000   -0.000   -0.009   +0.000   -0.000 | ok
149.9 |   +0.016   -0.000   -0.000   -0.000   -0.009   +0.000   -0.000 | ok
150.1 |   +0.016   -0.000   -0.000   -0.000   -0.009   +0.000   -0.000 | ok
150.3 |   +0.016   -0.000   -0.000   -0.000   -0.009   +0.000   -0.000 | ok
150.5 |   +0.016   -0.000   -0.000   -0.000   -0.009   +0.000   -0.000 | ok
150.7 |   +0.016   -0.000   -0.000   -0.000   -0.009   +0.000   -0.000 | ok
150.9 |   +0.016   -0.000   -0.000   -0.000   -0.009   +0.000   -0.000 | ok
151.1 |   +0.016   -0.000   -0.000   -0.000   -0.009   +0.000   -0.000 | ok
151.3 |   +0.016   -0.000   -0.000   -0.000   -0.009   +0.000   -0.000 | ok
151.5 |   +0.016   -0.000   -0.000   -0.000   -0.009   +0.000   -0.000 | ok
151.7 |   +0.016   -0.000   -0.000   -0.000   -0.009   +0.000   -0.000 | ok
151.9 |   +0.016   -0.000   -0.000   -0.000   -0.009   +0.000   -0.000 | ok
152.1 |   +0.016   -0.000   -0.000   -0.000   -0.009   +0.000   -0.000 | ok
152.3 |   +0.016   -0.000   -0.000   -0.000   -0.009   +0.000   -0.000 | ok
152.5 |   +0.016   -0.000   -0.000   -0.000   -0.009   +0.000   -0.000 | ok
152.7 |   +0.016   -0.000   -0.000   -0.000   -0.009   +0.000   -0.000 | ok
152.9 |   +0.016   -0.000   -0.000   -0.000   -0.009   +0.000   -0.000 | ok
153.1 |   +0.016   -0.000   -0.000   -0.000   -0.009   +0.000   -0.000 | ok
153.3 |   +0.016   -0.000   -0.000   -0.000   -0.009   +0.000   -0.000 | ok
153.5 |   +0.016   -0.000   -0.000   -0.000   -0.009   +0.000   -0.000 | ok
153.7 |   +0.016   -0.000   -0.000   -0.000   -0.009   +0.000   -0.000 | ok
153.9 |   +0.016   -0.000   -0.000   -0.000   -0.009   +0.000   -0.000 | ok
154.1 |   +0.016   -0.000   -0.000   -0.000   -0.009   +0.000   -0.000 | ok
154.3 |   +0.016   -0.000   -0.000   -0.000   -0.009   +0.000   -0.000 | ok
154.5 |   +0.016   -0.000   -0.000   -0.000   -0.009   +0.000   -0.000 | ok
154.7 |   +0.016   -0.000   -0.000   -0.000   -0.009   +0.000   -0.000 | ok
154.9 |   +0.016   -0.000   -0.000   -0.000   -0.007   +0.000   -0.000 | ok
155.1 |   +0.016   -0.000   -0.000   -0.000   -0.005   +0.000   -0.000 | ok
155.3 |   +0.016   -0.000   -0.000   -0.000   -0.005   +0.000   -0.000 | ok
155.5 |   +0.016   -0.000   -0.000   -0.000   -0.005   +0.000   -0.000 | ok
155.7 |   +0.016   -0.000   -0.000   -0.000   -0.005   +0.000   -0.000 | ok
155.9 |   +0.016   -0.000   -0.000   -0.000   -0.005   +0.000   -0.000 | ok
156.1 |   +0.016   -0.000   -0.000   -0.000   -0.005   +0.000   -0.000 | ok
156.3 |   +0.016   -0.000   -0.000   -0.000   -0.005   +0.000   -0.000 | ok
156.5 |   +0.016   -0.000   -0.000   -0.000   -0.005   +0.000   -0.000 | ok
156.7 |   +0.016   -0.000   -0.000   -0.000   -0.005   +0.000   -0.000 | ok
156.9 |   +0.016   -0.000   -0.000   -0.000   -0.005   +0.000   -0.000 | ok
157.1 |   +0.016   -0.000   -0.000   -0.000   -0.005   +0.000   -0.000 | ok
157.3 |   +0.016   -0.000   -0.000   -0.000   -0.005   +0.000   -0.000 | ok
157.5 |   +0.016   -0.000   -0.000   -0.000   -0.005   +0.000   -0.000 | ok
157.7 |   +0.016   -0.000   -0.000   -0.000   -0.005   +0.000   -0.000 | ok
157.9 |   +0.016   -0.000   -0.000   -0.000   -0.005   +0.000   -0.000 | ok
158.1 |   +0.016   -0.000   -0.000   -0.000   -0.005   +0.000   -0.000 | ok
158.3 |   +0.016   -0.000   -0.000   -0.000   -0.005   +0.000   -0.000 | ok
158.5 |   +0.016   -0.000   -0.000   -0.000   -0.005   +0.000   -0.000 | ok
158.7 |   +0.016   -0.000   -0.000   -0.000   -0.005   +0.000   -0.000 | ok
158.9 |   +0.016   -0.000   -0.000   -0.000   -0.005   +0.000   -0.000 | ok
159.1 |   +0.016   -0.000   -0.000   -0.000   -0.005   +0.000   -0.000 | ok
159.3 |   +0.016   -0.000   -0.000   -0.000   -0.005   +0.000   -0.000 | ok
159.5 |   +0.016   -0.000   -0.000   -0.000   -0.005   +0.000   -0.000 | ok
159.7 |   +0.016   -0.000   -0.000   -0.000   -0.005   +0.000   -0.000 | ok
159.9 |   +0.016   -0.000   -0.000   -0.000   -0.005   +0.000   -0.000 | ok
160.1 |   +0.016   -0.000   -0.000   -0.000   -0.005   +0.000   -0.000 | ok
160.3 |   +0.016   -0.000   -0.000   -0.000   -0.005   +0.000   -0.000 | ok
160.5 |   +0.016   -0.000   -0.000   -0.000   -0.005   +0.000   -0.000 | ok
160.7 |   +0.016   -0.000   -0.000   -0.000   -0.005   +0.000   -0.000 | ok
160.9 |   +0.016   -0.000   -0.000   -0.000   -0.005   +0.000   -0.000 | ok
161.1 |   +0.016   -0.000   -0.000   -0.000   -0.005   +0.000   -0.000 | ok
161.3 |   +0.016   -0.000   -0.000   -0.000   -0.005   +0.000   -0.000 | ok
161.5 |   +0.016   -0.000   -0.000   -0.000   -0.005   +0.000   -0.000 | ok
161.7 |   +0.016   -0.000   -0.000   -0.000   -0.005   +0.000   -0.000 | ok
161.9 |   +0.016   -0.000   -0.000   -0.000   -0.005   +0.000   -0.000 | ok
162.1 |   +0.016   -0.000   -0.000   -0.000   -0.005   +0.000   -0.000 | ok
162.3 |   +0.016   -0.000   -0.000   -0.000   -0.005   +0.000   -0.000 | ok
162.5 |   +0.016   -0.000   -0.000   -0.000   -0.005   +0.000   -0.000 | ok
162.7 |   +0.016   -0.000   -0.000   -0.000   -0.005   +0.000   -0.000 | ok
162.9 |   +0.016   -0.000   -0.000   -0.000   -0.005   +0.000   -0.000 | ok
163.1 |   +0.016   -0.000   -0.000   -0.000   -0.005   +0.000   -0.000 | ok
163.3 |   +0.016   -0.000   -0.000   -0.000   -0.005   +0.000   -0.000 | ok
163.5 |   +0.016   -0.000   -0.000   -0.000   -0.005   +0.000   -0.000 | ok
163.7 |   +0.016   -0.000   -0.000   -0.000   -0.005   +0.000   -0.000 | ok
163.9 |   +0.016   -0.000   -0.000   -0.000   -0.005   +0.000   -0.000 | ok
164.1 |   +0.016   -0.000   -0.000   -0.000   -0.005   +0.000   -0.000 | ok
164.3 |   +0.016   -0.000   -0.000   -0.000   -0.005   +0.000   -0.000 | ok
164.5 |   +0.016   -0.000   -0.000   -0.000   -0.005   +0.000   -0.000 | ok
164.7 |   +0.016   -0.000   -0.000   -0.000   -0.005   +0.000   -0.000 | ok
164.9 |   +0.016   -0.000   -0.000   -0.000   -0.005   +0.000   -0.000 | ok
165.1 |   +0.016   -0.000   -0.000   -0.000   -0.005   +0.000   -0.000 | ok
165.3 |   +0.016   -0.000   -0.000   -0.000   -0.005   +0.000   -0.000 | ok
165.5 |   +0.016   -0.000   -0.000   -0.000   -0.005   +0.000   -0.000 | ok
165.7 |   +0.016   -0.000   -0.000   -0.000   -0.005   +0.000   -0.000 | ok
165.9 |   +0.016   -0.000   -0.000   -0.000   -0.005   +0.000   -0.000 | ok
166.1 |   +0.016   -0.000   -0.000   -0.000   -0.005   +0.000   -0.000 | ok
166.3 |   +0.016   -0.000   -0.000   -0.000   -0.005   +0.000   -0.000 | ok
166.5 |   +0.016   -0.000   -0.000   -0.000   -0.005   +0.000   -0.000 | ok
166.7 |   +0.016   -0.000   -0.000   -0.000   -0.005   +0.000   -0.000 | ok
166.9 |   +0.016   -0.000   -0.000   -0.000   -0.005   +0.000   -0.000 | ok
167.1 |   +0.016   -0.000   -0.000   -0.000   -0.005   +0.000   -0.000 | ok
167.3 |   +0.016   -0.000   -0.000   -0.000   -0.005   +0.000   -0.000 | ok
167.5 |   +0.016   -0.000   -0.000   -0.000   -0.005   +0.000   -0.000 | ok
167.7 |   +0.016   -0.000   -0.000   -0.000   -0.005   +0.000   -0.000 | ok
167.9 |   +0.016   -0.000   -0.000   -0.000   -0.005   +0.000   -0.000 | ok
168.1 |   +0.016   -0.000   -0.000   -0.000   -0.005   +0.000   -0.000 | ok
168.3 |   +0.016   -0.000   -0.000   -0.000   -0.005   +0.000   -0.000 | ok
168.5 |   +0.016   -0.000   -0.000   -0.000   -0.005   +0.000   -0.000 | ok
168.7 |   +0.016   -0.000   -0.000   -0.000   -0.005   +0.000   -0.000 | ok
168.9 |   +0.016   -0.000   -0.000   -0.000   -0.005   +0.000   -0.000 | ok
169.1 |   +0.016   -0.000   -0.000   -0.000   -0.005   +0.000   -0.000 | ok
169.3 |   +0.016   -0.000   -0.000   -0.000   -0.005   +0.000   -0.000 | ok
169.5 |   +0.016   -0.000   -0.000   -0.000   -0.005   +0.000   -0.000 | ok
169.7 |   +0.016   -0.000   -0.000   -0.000   -0.005   +0.000   -0.000 | ok
169.9 |   +0.016   -0.000   -0.000   -0.000   -0.005   +0.000   -0.000 | ok
170.1 |   +0.016   -0.000   -0.000   -0.000   -0.005   +0.000   -0.000 | ok
170.3 |   +0.016   -0.000   -0.000   -0.000   -0.005   +0.000   -0.000 | ok
170.5 |   +0.016   -0.000   -0.000   -0.000   -0.005   +0.000   -0.000 | ok
170.7 |   +0.016   -0.000   -0.000   -0.000   -0.005   +0.000   -0.000 | ok
170.9 |   +0.016   -0.000   -0.000   -0.000   -0.005   +0.000   -0.000 | ok
171.1 |   +0.016   -0.000   -0.000   -0.000   -0.005   +0.000   -0.000 | ok
171.3 |   +0.016   -0.000   -0.000   -0.000   -0.005   +0.000   -0.000 | ok
171.5 |   +0.016   -0.000   -0.000   -0.000   -0.005   +0.000   -0.000 | ok
171.7 |   +0.016   -0.000   -0.000   -0.000   -0.005   +0.000   -0.000 | ok
171.9 |   +0.016   -0.000   -0.000   -0.000   -0.005   +0.000   -0.000 | ok
172.1 |   +0.016   -0.000   -0.000   -0.000   -0.005   +0.000   -0.000 | ok
172.3 |   +0.016   -0.000   -0.000   -0.000   -0.005   +0.000   -0.000 | ok
172.5 |   +0.016   -0.000   -0.000   -0.000   -0.005   +0.000   -0.000 | ok
172.7 |   +0.016   -0.000   -0.000   -0.000   -0.005   +0.000   -0.000 | ok
172.9 |   +0.016   -0.000   -0.000   -0.000   -0.005   +0.000   -0.000 | ok
173.1 |   +0.016   -0.000   -0.000   -0.000   -0.005   +0.000   -0.000 | ok
173.3 |   +0.016   -0.000   -0.000   -0.000   -0.005   +0.000   -0.000 | ok
173.5 |   +0.016   -0.000   -0.000   -0.000   -0.005   +0.000   -0.000 | ok
173.7 |   +0.016   -0.000   -0.000   -0.000   -0.005   +0.000   -0.000 | ok
173.9 |   +0.016   -0.000   -0.000   -0.000   -0.005   +0.000   -0.000 | ok
174.1 |   +0.016   -0.000   -0.000   -0.000   -0.005   +0.000   -0.000 | ok
174.3 |   +0.016   -0.000   -0.000   -0.000   -0.005   +0.000   -0.000 | ok
174.5 |   +0.016   -0.000   -0.000   -0.000   -0.005   +0.000   -0.000 | ok
174.7 |   +0.016   -0.000   -0.000   -0.000   -0.005   +0.000   -0.000 | ok
174.9 |   +0.016   -0.000   -0.000   -0.000   -0.005   +0.000   -0.000 | ok
175.1 |   +0.016   -0.000   -0.000   -0.000   -0.005   +0.000   -0.000 | ok
175.3 |   +0.016   -0.000   -0.000   -0.000   -0.005   +0.000   -0.000 | ok
175.5 |   +0.016   -0.000   -0.000   -0.000   -0.005   +0.000   -0.000 | ok
175.7 |   +0.016   -0.000   -0.000   -0.000   -0.005   +0.000   -0.000 | ok
175.9 |   +0.016   -0.000   -0.000   -0.000   -0.005   +0.000   -0.000 | ok
176.1 |   +0.016   -0.000   -0.000   -0.000   -0.005   +0.000   -0.000 | ok
176.3 |   +0.016   -0.000   -0.000   -0.000   -0.005   +0.000   -0.000 | ok
176.5 |   +0.016   -0.000   -0.000   -0.000   -0.005   +0.000   -0.000 | ok
176.7 |   +0.016   -0.000   -0.000   -0.000   -0.005   +0.000   -0.000 | ok
176.9 |   +0.016   -0.000   -0.000   -0.000   -0.005   +0.000   -0.000 | ok
177.1 |   +0.016   -0.000   -0.000   -0.000   -0.005   +0.000   -0.000 | ok
177.3 |   +0.016   -0.000   -0.000   -0.000   -0.005   +0.000   -0.000 | ok
177.5 |   +0.016   -0.000   -0.000   -0.000   -0.005   +0.000   -0.000 | ok
177.7 |   +0.016   -0.000   -0.000   -0.000   -0.005   +0.000   -0.000 | ok
177.9 |   +0.016   -0.000   -0.000   -0.000   -0.005   +0.000   -0.000 | ok
178.1 |   +0.016   -0.000   -0.000   -0.000   -0.005   +0.000   -0.000 | ok
178.3 |   +0.016   -0.000   -0.000   -0.000   -0.005   +0.000   -0.000 | ok
178.5 |   +0.016   -0.000   -0.000   -0.000   -0.005   +0.000   -0.000 | ok
178.7 |   +0.016   -0.000   -0.000   -0.000   -0.005   +0.000   -0.000 | ok
178.9 |   +0.016   -0.000   -0.000   -0.000   -0.005   +0.000   -0.000 | ok
179.1 |   +0.016   -0.000   -0.000   -0.000   -0.005   +0.000   -0.000 | ok
179.3 |   +0.016   -0.000   -0.000   -0.000   -0.005   +0.000   -0.000 | ok
179.5 |   +0.016   -0.000   -0.000   -0.000   -0.005   +0.000   -0.000 | ok
179.7 |   +0.016   -0.000   -0.000   -0.000   -0.005   +0.000   -0.000 | ok
179.9 |   +0.016   -0.000   -0.000   -0.000   -0.005   +0.000   -0.000 | ok
180.1 |   +0.016   -0.000   -0.000   -0.000   -0.005   +0.000   -0.000 | ok
180.3 |   +0.016   -0.000   -0.000   -0.000   -0.005   +0.000   -0.000 | ok
180.5 |   +0.016   -0.000   -0.000   -0.000   -0.005   +0.000   -0.000 | ok
180.7 |   +0.016   -0.000   -0.000   -0.000   -0.005   +0.000   -0.000 | ok
180.9 |   +0.016   -0.000   -0.000   -0.000   -0.005   +0.000   -0.000 | ok
181.1 |   +0.016   -0.000   -0.000   -0.000   -0.005   +0.000   -0.000 | ok
181.3 |   +0.016   -0.000   -0.000   -0.000   -0.005   +0.000   -0.000 | ok
181.5 |   +0.016   -0.000   -0.000   -0.000   -0.005   +0.000   -0.000 | ok
181.7 |   +0.016   -0.000   -0.000   -0.000   -0.005   +0.000   -0.000 | ok
181.9 |   +0.016   -0.000   -0.000   -0.000   -0.005   +0.000   -0.000 | ok
182.1 |   +0.016   -0.000   -0.000   -0.000   -0.005   +0.000   -0.000 | ok
182.3 |   +0.016   -0.000   -0.000   -0.000   -0.005   +0.000   -0.000 | ok
182.5 |   +0.016   -0.000   -0.000   -0.000   -0.005   +0.000   -0.000 | ok
182.7 |   +0.016   -0.000   -0.000   -0.000   -0.005   +0.000   -0.000 | ok
182.9 |   +0.016   -0.000   -0.000   -0.000   -0.005   +0.000   -0.000 | ok
183.1 |   +0.016   -0.000   -0.000   -0.000   -0.005   +0.000   -0.000 | ok
183.3 |   +0.016   -0.000   -0.000   -0.000   -0.005   +0.000   -0.000 | ok
183.5 |   +0.016   -0.000   -0.000   -0.000   -0.005   +0.000   -0.000 | ok
183.7 |   +0.016   -0.000   -0.000   -0.000   -0.005   +0.000   -0.000 | ok
183.9 |   +0.016   -0.000   -0.000   -0.000   -0.005   +0.000   -0.000 | ok
184.1 |   +0.016   -0.000   -0.000   -0.000   -0.005   +0.000   -0.000 | ok
184.3 |   +0.016   -0.000   -0.000   -0.000   -0.005   +0.000   -0.000 | ok
184.5 |   +0.016   -0.000   -0.000   -0.000   -0.005   +0.000   -0.000 | ok
184.7 |   +0.016   -0.000   -0.000   -0.000   -0.005   +0.000   -0.000 | ok
184.9 |   +0.016   -0.000   -0.000   -0.000   -0.005   +0.000   -0.000 | ok
185.1 |   +0.016   -0.000   -0.000   -0.000   -0.005   +0.000   -0.000 | ok
185.3 |   +0.016   -0.000   -0.000   -0.000   -0.005   +0.000   -0.000 | ok
185.5 |   +0.016   -0.000   -0.000   -0.000   -0.005   +0.000   -0.000 | ok
185.7 |   +0.016   -0.000   -0.000   -0.000   -0.005   +0.000   -0.000 | ok
185.9 |   +0.016   -0.000   -0.000   -0.000   -0.005   +0.000   -0.000 | ok
186.1 |   +0.016   -0.000   -0.000   -0.000   -0.005   +0.000   -0.000 | ok
186.3 |   +0.016   -0.000   -0.000   -0.000   -0.005   +0.000   -0.000 | ok
186.5 |   +0.016   -0.000   -0.000   -0.000   -0.005   +0.000   -0.000 | ok
186.7 |   +0.016   -0.000   -0.000   -0.000   -0.005   +0.000   -0.000 | ok
186.9 |   +0.016   -0.000   -0.000   -0.000   -0.005   +0.000   -0.000 | ok
187.1 |   +0.016   -0.000   -0.000   -0.000   -0.005   +0.000   -0.000 | ok
187.3 |   +0.016   -0.000   -0.000   -0.000   -0.005   +0.000   -0.000 | ok
187.5 |   +0.016   -0.000   -0.000   -0.000   -0.005   +0.000   -0.000 | ok
187.7 |   +0.016   -0.000   -0.000   -0.000   -0.005   +0.000   -0.000 | ok
187.9 |   +0.016   -0.000   -0.000   -0.000   -0.005   +0.000   -0.000 | ok
188.1 |   +0.016   -0.000   -0.000   -0.000   -0.005   +0.000   -0.000 | ok
188.3 |   +0.016   -0.000   -0.000   -0.000   -0.005   +0.000   -0.000 | ok
188.5 |   +0.016   -0.000   -0.000   -0.000   -0.005   +0.000   -0.000 | ok
188.7 |   +0.016   -0.000   -0.000   -0.000   -0.005   +0.000   -0.000 | ok
188.9 |   +0.016   -0.000   -0.000   -0.000   -0.005   +0.000   -0.000 | ok
189.1 |   +0.016   -0.000   -0.000   -0.000   -0.005   +0.000   -0.000 | ok
189.3 |   +0.016   -0.000   -0.000   -0.000   -0.005   +0.000   -0.000 | ok
189.5 |   +0.016   -0.000   -0.000   -0.000   -0.005   +0.000   -0.000 | ok
189.7 |   +0.016   -0.000   -0.000   -0.000   -0.005   +0.000   -0.000 | ok
189.9 |   +0.016   -0.000   -0.000   -0.000   -0.005   +0.000   -0.000 | ok
190.1 |   +0.016   -0.000   -0.000   -0.000   -0.005   +0.000   -0.000 | ok
190.3 |   +0.016   -0.000   -0.000   -0.000   -0.005   +0.000   -0.000 | ok
190.5 |   +0.016   -0.000   -0.000   -0.000   -0.005   +0.000   -0.000 | ok
190.7 |   +0.016   -0.000   -0.000   -0.000   -0.005   +0.000   -0.000 | ok
190.9 |   +0.016   -0.000   -0.000   -0.000   -0.005   +0.000   -0.000 | ok
191.1 |   +0.016   -0.000   -0.000   -0.000   -0.005   +0.000   -0.000 | ok
191.3 |   +0.016   -0.000   -0.000   -0.000   -0.005   +0.000   -0.000 | ok
191.5 |   +0.016   -0.000   -0.000   -0.000   -0.005   +0.000   -0.000 | ok
191.7 |   +0.016   -0.000   -0.000   -0.000   -0.005   +0.000   -0.000 | ok
191.9 |   +0.016   -0.000   -0.000   -0.000   -0.005   +0.000   -0.000 | ok
192.1 |   +0.016   -0.000   -0.000   -0.000   -0.005   +0.000   -0.000 | ok
192.3 |   +0.016   -0.000   -0.000   -0.000   -0.005   +0.000   -0.000 | ok
192.5 |   +0.016   -0.000   -0.000   -0.000   -0.005   +0.000   -0.000 | ok
192.7 |   +0.016   -0.000   -0.000   -0.000   -0.005   +0.000   -0.000 | ok
192.9 |   +0.016   -0.000   -0.000   -0.000   -0.005   +0.000   -0.000 | ok
193.1 |   +0.016   -0.000   -0.000   -0.000   -0.005   +0.000   -0.000 | ok
193.3 |   +0.016   -0.000   -0.000   -0.000   -0.005   +0.000   -0.000 | ok
193.5 |   +0.016   -0.000   -0.000   -0.000   -0.005   +0.000   -0.000 | ok
193.7 |   +0.016   -0.000   -0.000   -0.000   -0.005   +0.000   -0.000 | ok
193.9 |   +0.016   -0.000   -0.000   -0.000   -0.005   +0.000   -0.000 | ok
194.1 |   +0.016   -0.000   -0.000   -0.000   -0.005   +0.000   -0.000 | ok
194.3 |   +0.016   -0.000   -0.000   -0.000   -0.005   +0.000   -0.000 | ok
194.5 |   +0.016   -0.000   -0.000   -0.000   -0.005   +0.000   -0.000 | ok
194.7 |   +0.016   -0.000   -0.000   -0.000   -0.005   +0.000   -0.000 | ok
194.9 |   +0.016   -0.000   -0.000   -0.000   -0.005   +0.000   -0.000 | ok
195.1 |   +0.016   -0.000   -0.000   -0.000   -0.005   +0.000   -0.000 | ok
195.3 |   +0.016   -0.000   -0.000   -0.000   -0.005   +0.000   -0.000 | ok
195.5 |   +0.016   -0.000   -0.000   -0.000   -0.005   +0.000   -0.000 | ok
195.7 |   +0.016   -0.000   -0.000   -0.000   -0.005   +0.000   -0.000 | ok
195.9 |   +0.016   -0.000   -0.000   -0.000   -0.005   +0.000   -0.000 | ok
196.1 |   +0.016   -0.000   -0.000   -0.000   -0.005   +0.000   -0.000 | ok
196.3 |   +0.016   -0.000   -0.000   -0.000   -0.005   +0.000   -0.000 | ok
196.5 |   +0.016   -0.000   -0.000   -0.000   -0.005   +0.000   -0.000 | ok
196.7 |   +0.016   -0.000   -0.000   -0.000   -0.005   +0.000   -0.000 | ok
196.9 |   +0.016   -0.000   -0.000   -0.000   -0.005   +0.000   -0.000 | ok
197.1 |   +0.016   -0.000   -0.000   -0.000   -0.005   +0.000   -0.000 | ok
197.3 |   +0.016   -0.000   -0.000   -0.000   -0.005   +0.000   -0.000 | ok
197.5 |   +0.016   -0.000   -0.000   -0.000   -0.005   +0.000   -0.000 | ok
197.7 |   +0.016   -0.000   -0.000   -0.000   -0.005   +0.000   -0.000 | ok
197.9 |   +0.016   -0.000   -0.000   -0.000   -0.005   +0.000   -0.000 | ok
198.1 |   +0.016   -0.000   -0.000   -0.000   -0.005   +0.000   -0.000 | ok
198.3 |   +0.016   -0.000   -0.000   -0.000   -0.005   +0.000   -0.000 | ok
198.5 |   +0.016   -0.000   -0.000   -0.000   -0.005   +0.000   -0.000 | ok
198.7 |   +0.016   -0.000   -0.000   -0.000   -0.005   +0.000   -0.000 | ok
198.9 |   +0.016   -0.000   -0.000   -0.000   -0.005   +0.000   -0.000 | ok
199.1 |   +0.016   -0.000   -0.000   -0.000   -0.005   +0.000   -0.000 | ok
199.3 |   +0.016   -0.000   -0.000   -0.000   -0.005   +0.000   -0.000 | ok
199.5 |   +0.016   -0.000   -0.000   -0.000   -0.005   +0.000   -0.000 | ok
199.7 |   +0.016   -0.000   -0.000   -0.000   -0.005   +0.000   -0.000 | ok
199.9 |   +0.016   -0.000   -0.000   -0.000   -0.005   +0.000   -0.000 | ok
200.1 |   +0.016   -0.000   -0.000   -0.000   -0.005   +0.000   -0.000 | ok
200.3 |   +0.016   -0.000   -0.000   -0.000   -0.005   +0.000   -0.000 | ok
200.5 |   +0.016   -0.000   -0.000   -0.000   -0.005   +0.000   -0.000 | ok
200.7 |   +0.016   -0.000   -0.000   -0.000   -0.005   +0.000   -0.000 | ok
200.9 |   +0.016   -0.000   -0.000   -0.000   -0.005   +0.000   -0.000 | ok
201.1 |   +0.016   -0.000   -0.000   -0.000   -0.005   +0.000   -0.000 | ok
201.3 |   +0.016   -0.000   -0.000   -0.000   -0.005   +0.000   -0.000 | ok
201.5 |   +0.016   -0.000   -0.000   -0.000   -0.005   +0.000   -0.000 | ok
201.7 |   +0.016   -0.000   -0.000   -0.000   -0.005   +0.000   -0.000 | ok
201.9 |   +0.016   -0.000   -0.000   -0.000   -0.005   +0.000   -0.000 | ok
202.1 |   +0.016   -0.000   -0.000   -0.000   -0.005   +0.000   -0.000 | ok
202.3 |   +0.016   -0.000   -0.000   -0.000   -0.005   +0.000   -0.000 | ok
202.5 |   +0.016   -0.000   -0.000   -0.000   -0.005   +0.000   -0.000 | ok
202.7 |   +0.016   -0.000   -0.000   -0.000   -0.005   +0.000   -0.000 | ok
202.9 |   +0.016   -0.000   -0.000   -0.000   -0.005   +0.000   -0.000 | ok
203.1 |   +0.016   -0.000   -0.000   -0.000   -0.005   +0.000   -0.000 | ok
203.3 |   +0.016   -0.000   -0.000   -0.000   -0.005   +0.000   -0.000 | ok
203.5 |   +0.016   -0.000   -0.000   -0.000   -0.005   +0.000   -0.000 | ok
203.7 |   +0.016   -0.000   -0.000   -0.000   -0.005   +0.000   -0.000 | ok
203.9 |   +0.016   -0.000   -0.000   -0.000   -0.005   +0.000   -0.000 | ok
204.1 |   +0.016   -0.000   -0.000   -0.000   -0.005   +0.000   -0.000 | ok
204.3 |   +0.016   -0.000   -0.000   -0.000   -0.005   +0.000   -0.000 | ok
204.5 |   +0.016   -0.000   -0.000   -0.000   -0.005   +0.000   -0.000 | ok
204.7 |   +0.016   -0.000   -0.000   -0.000   -0.005   +0.000   -0.000 | ok
204.9 |   +0.016   -0.000   -0.000   -0.000   -0.005   +0.000   -0.000 | ok
205.1 |   +0.016   -0.000   -0.000   -0.000   -0.005   +0.000   -0.000 | ok
205.3 |   +0.016   -0.000   -0.000   -0.000   -0.005   +0.000   -0.000 | ok
205.5 |   +0.016   -0.000   -0.000   -0.000   -0.005   +0.000   -0.000 | ok
205.7 |   +0.016   -0.000   -0.000   -0.000   -0.005   +0.000   -0.000 | ok
205.9 |   +0.016   -0.000   -0.000   -0.000   -0.005   +0.000   -0.000 | ok
206.1 |   +0.016   -0.000   -0.000   -0.000   -0.005   +0.000   -0.000 | ok
206.3 |   +0.016   -0.000   -0.000   -0.000   -0.005   +0.000   -0.000 | ok
206.5 |   +0.016   -0.000   -0.000   -0.000   -0.005   +0.000   -0.000 | ok
206.7 |   +0.016   -0.000   -0.000   -0.000   -0.005   +0.000   -0.000 | ok
206.9 |   +0.016   -0.000   -0.000   -0.000   -0.005   +0.000   -0.000 | ok
207.1 |   +0.016   -0.000   -0.000   -0.000   -0.005   +0.000   -0.000 | ok
207.3 |   +0.016   -0.000   -0.000   -0.000   -0.005   +0.000   -0.000 | ok
207.5 |   +0.016   -0.000   -0.000   -0.000   -0.005   +0.000   -0.000 | ok
207.7 |   +0.016   -0.000   -0.000   -0.000   -0.005   +0.000   -0.000 | ok
207.9 |   +0.016   -0.000   -0.000   -0.000   -0.005   +0.000   -0.000 | ok
208.1 |   +0.016   -0.000   -0.000   -0.000   -0.005   +0.000   -0.000 | ok
208.3 |   +0.016   -0.000   -0.000   -0.000   -0.005   +0.000   -0.000 | ok
208.5 |   +0.016   -0.000   -0.000   -0.000   -0.005   +0.000   -0.000 | ok
208.7 |   +0.016   -0.000   -0.000   -0.000   -0.005   +0.000   -0.000 | ok
208.9 |   +0.016   -0.000   -0.000   -0.000   -0.005   +0.000   -0.000 | ok
209.1 |   +0.016   -0.000   -0.000   -0.000   -0.005   +0.000   -0.000 | ok
209.3 |   +0.016   -0.000   -0.000   -0.000   -0.005   +0.000   -0.000 | ok
209.5 |   +0.016   -0.000   -0.000   -0.000   -0.005   +0.000   -0.000 | ok
209.7 |   +0.016   -0.000   -0.000   -0.000   -0.005   +0.000   -0.000 | ok
209.9 |   +0.016   -0.000   -0.000   -0.000   -0.005   +0.000   -0.000 | ok
210.1 |   +0.016   -0.000   -0.000   -0.000   -0.005   +0.000   -0.000 | ok
210.3 |   +0.016   -0.000   -0.000   -0.000   -0.005   +0.000   -0.000 | ok
210.5 |   +0.016   -0.000   -0.000   -0.000   -0.005   +0.000   -0.000 | ok
210.7 |   +0.016   -0.000   -0.000   -0.000   -0.005   +0.000   -0.000 | ok
210.9 |   +0.016   -0.000   -0.000   -0.000   -0.005   +0.000   -0.000 | ok
211.1 |   +0.016   -0.000   -0.000   -0.000   -0.005   +0.000   -0.000 | ok
211.3 |   +0.016   -0.000   -0.000   -0.000   -0.005   +0.000   -0.000 | ok
211.5 |   +0.016   -0.000   -0.000   -0.000   -0.005   +0.000   -0.000 | ok
211.7 |   +0.016   -0.000   -0.000   -0.000   -0.005   +0.000   -0.000 | ok
211.9 |   +0.016   -0.000   -0.000   -0.000   -0.005   +0.000   -0.000 | ok
212.1 |   +0.016   -0.000   -0.000   -0.000   -0.005   +0.000   -0.000 | ok
212.3 |   +0.016   -0.000   -0.000   -0.000   -0.005   +0.000   -0.000 | ok
212.5 |   +0.016   -0.000   -0.000   -0.000   -0.005   +0.000   -0.000 | ok
212.7 |   +0.016   -0.000   -0.000   -0.000   -0.005   +0.000   -0.000 | ok
212.9 |   +0.016   -0.000   -0.000   -0.000   -0.005   +0.000   -0.000 | ok
213.1 |   +0.016   -0.000   -0.000   -0.000   -0.005   +0.000   -0.000 | ok
213.3 |   +0.016   -0.000   -0.000   -0.000   -0.005   +0.000   -0.000 | ok
213.5 |   +0.016   -0.000   -0.000   -0.000   -0.005   +0.000   -0.000 | ok
213.7 |   +0.016   -0.000   -0.000   -0.000   -0.005   +0.000   -0.000 | ok
213.9 |   +0.016   -0.000   -0.000   -0.000   -0.005   +0.000   -0.000 | ok
214.1 |   +0.016   -0.000   -0.000   -0.000   -0.005   +0.000   -0.000 | ok
214.3 |   +0.016   -0.000   -0.000   -0.000   -0.005   +0.000   -0.000 | ok
214.5 |   +0.016   -0.000   -0.000   -0.000   -0.005   +0.000   -0.000 | ok
214.7 |   +0.016   -0.000   -0.000   -0.000   -0.005   +0.000   -0.000 | ok
214.9 |   +0.016   -0.000   -0.000   -0.000   -0.005   +0.000   -0.000 | ok
215.1 |   +0.016   -0.000   -0.000   -0.000   -0.005   +0.000   -0.000 | ok
215.3 |   +0.016   -0.000   -0.000   -0.000   -0.005   +0.000   -0.000 | ok
215.5 |   +0.016   -0.000   -0.000   -0.000   -0.005   +0.000   -0.000 | ok
215.7 |   +0.016   -0.000   -0.000   -0.000   -0.005   +0.000   -0.000 | ok
215.9 |   +0.016   -0.000   -0.000   -0.000   -0.005   +0.000   -0.000 | ok
216.1 |   +0.016   -0.000   -0.000   -0.000   -0.005   +0.000   -0.000 | ok
216.3 |   +0.016   -0.000   -0.000   -0.000   -0.005   +0.000   -0.000 | ok
216.5 |   +0.016   -0.000   -0.000   -0.000   -0.005   +0.000   -0.000 | ok
216.7 |   +0.016   -0.000   -0.000   -0.000   -0.005   +0.000   -0.000 | ok
216.9 |   +0.016   -0.000   -0.000   -0.000   -0.005   +0.000   -0.000 | ok
217.1 |   +0.016   -0.000   -0.000   -0.000   -0.005   +0.000   -0.000 | ok
217.3 |   +0.016   -0.000   -0.000   -0.000   -0.005   +0.000   -0.000 | ok
217.5 |   +0.016   -0.000   -0.000   -0.000   -0.005   +0.000   -0.000 | ok
217.7 |   +0.016   -0.000   -0.000   -0.000   -0.005   +0.000   -0.000 | ok
217.9 |   +0.016   -0.000   -0.000   -0.000   -0.005   +0.000   -0.000 | ok
218.1 |   +0.016   -0.000   -0.000   -0.000   -0.005   +0.000   -0.000 | ok
218.3 |   +0.016   -0.000   -0.000   -0.000   -0.005   +0.000   -0.000 | ok
218.5 |   +0.016   -0.000   -0.000   -0.000   -0.005   +0.000   -0.000 | ok
218.7 |   +0.016   -0.000   -0.000   -0.000   -0.005   +0.000   -0.000 | ok
218.9 |   +0.016   -0.000   -0.000   -0.000   -0.005   +0.000   -0.000 | ok
219.1 |   +0.016   -0.000   -0.000   -0.000   -0.005   +0.000   -0.000 | ok
219.3 |   +0.016   -0.000   -0.000   -0.000   -0.005   +0.000   -0.000 | ok
219.5 |   +0.016   -0.000   -0.000   -0.000   -0.005   +0.000   -0.000 | ok
219.7 |   +0.016   -0.000   -0.000   -0.000   -0.005   +0.000   -0.000 | ok
219.9 |   +0.016   -0.000   -0.000   -0.000   -0.005   +0.000   -0.000 | ok
220.1 |   +0.016   -0.000   -0.000   -0.000   -0.005   +0.000   -0.000 | ok
220.3 |   +0.016   -0.000   -0.000   -0.000   -0.005   +0.000   -0.000 | ok
220.5 |   +0.016   -0.000   -0.000   -0.000   -0.005   +0.000   -0.000 | ok
220.7 |   +0.016   -0.000   -0.000   -0.000   -0.005   +0.000   -0.000 | ok
220.9 |   +0.016   -0.000   -0.000   -0.000   -0.005   +0.000   -0.000 | ok
221.1 |   +0.016   -0.000   -0.000   -0.000   -0.005   +0.000   -0.000 | ok
221.3 |   +0.016   -0.000   -0.000   -0.000   -0.005   +0.000   -0.000 | ok
221.5 |   +0.016   -0.000   -0.000   -0.000   -0.004   +0.000   -0.000 | ok
221.7 |   +0.016   -0.000   -0.000   -0.000   -0.004   +0.000   -0.000 | ok
221.9 |   +0.017   -0.000   -0.000   -0.000   -0.004   +0.000   -0.000 | ok
222.1 |   +0.017   -0.000   -0.000   -0.000   -0.005   +0.000   -0.000 | ok
222.3 |   +0.017   -0.000   -0.000   -0.000   -0.005   +0.000   -0.000 | ok
222.5 |   +0.017   -0.000   -0.000   -0.000   -0.005   +0.000   -0.000 | ok
222.7 |   +0.017   -0.000   -0.000   -0.000   -0.005   +0.000   -0.000 | ok
222.9 |   +0.017   -0.000   -0.000   -0.000   -0.005   +0.000   -0.000 | ok
223.1 |   +0.017   -0.000   -0.000   -0.000   -0.005   +0.000   -0.000 | ok
223.3 |   +0.017   -0.001   -0.000   -0.000   -0.005   +0.000   -0.000 | ok
223.5 |   +0.017   -0.003   -0.000   -0.000   -0.005   +0.000   -0.000 | ok
223.7 |   +0.017   -0.007   -0.000   -0.000   -0.005   +0.000   -0.000 | ok
223.9 |   +0.017   -0.018   -0.000   -0.000   -0.004   +0.000   -0.000 | ok
224.1 |   +0.017   -0.034   -0.000   -0.000   -0.004   +0.000   -0.000 | ok
224.3 |   +0.017   -0.050   -0.000   -0.000   -0.003   +0.000   -0.000 | ok
224.5 |   +0.017   -0.065   -0.000   -0.000   -0.003   +0.000   -0.000 | ok
224.7 |   +0.017   -0.080   -0.000   -0.000   -0.001   +0.000   -0.000 | ok
224.9 |   +0.017   -0.099   -0.000   +0.000   +0.002   +0.000   -0.000 | ok
225.1 |   +0.017   -0.122   -0.000   +0.000   +0.004   +0.000   -0.000 | ok
225.3 |   +0.017   -0.147   -0.000   +0.001   +0.006   +0.000   -0.000 | ok
225.5 |   +0.017   -0.177   -0.000   +0.001   +0.006   +0.000   -0.000 | ok
225.7 |   +0.017   -0.214   -0.000   +0.001   +0.007   +0.000   -0.000 | ok
225.9 |   +0.017   -0.255   -0.000   +0.001   +0.010   +0.000   -0.000 | ok
226.1 |   +0.017   -0.294   -0.000   +0.001   +0.010   +0.000   -0.000 | ok
226.3 |   +0.017   -0.327   -0.000   +0.001   +0.011   +0.000   -0.000 | ok
226.5 |   +0.017   -0.363   -0.000   +0.001   +0.014   +0.000   -0.000 | ok
226.7 |   +0.017   -0.398   -0.000   +0.001   +0.014   +0.000   -0.000 | ok
226.9 |   +0.017   -0.434   -0.000   +0.001   +0.014   +0.000   -0.000 | ok
227.1 |   +0.017   -0.470   -0.000   +0.001   +0.014   +0.000   -0.000 | ok
227.3 |   +0.017   -0.510   -0.000   +0.001   +0.014   +0.000   -0.000 | ok
227.5 |   +0.017   -0.544   -0.000   +0.001   +0.013   +0.000   -0.000 | ok
227.7 |   +0.017   -0.572   -0.000   +0.001   +0.013   +0.000   -0.000 | ok
227.9 |   +0.017   -0.595   -0.000   +0.001   +0.013   +0.000   -0.000 | ok
228.1 |   +0.017   -0.606   -0.000   +0.001   +0.012   +0.000   -0.000 | ok
228.3 |   +0.017   -0.608   -0.000   +0.001   +0.010   +0.000   -0.000 | ok
228.5 |   +0.017   -0.608   -0.000   +0.001   +0.010   +0.000   -0.000 | ok
228.7 |   +0.017   -0.608   -0.000   +0.001   +0.010   +0.000   -0.000 | ok
228.9 |   +0.017   -0.609   -0.000   +0.001   +0.006   -0.000   -0.000 | ok
229.1 |   +0.017   -0.609   -0.000   +0.001   +0.002   -0.000   -0.000 | ok
229.3 |   +0.017   -0.613   -0.000   +0.000   -0.006   -0.000   -0.000 | ok
229.5 |   +0.017   -0.620   -0.000   +0.000   -0.006   -0.000   -0.000 | ok
229.7 |   +0.017   -0.622   -0.000   +0.000   -0.005   -0.000   -0.000 | ok
229.9 |   +0.017   -0.622   -0.000   +0.000   -0.005   -0.000   -0.000 | ok
230.1 |   +0.017   -0.622   -0.000   +0.000   -0.004   -0.000   -0.000 | ok
230.3 |   +0.017   -0.622   -0.000   +0.000   -0.002   -0.000   -0.000 | ok
230.5 |   +0.017   -0.623   -0.000   +0.000   -0.002   -0.000   -0.000 | ok
230.7 |   +0.017   -0.624   -0.000   +0.000   -0.002   -0.000   -0.000 | ok
230.9 |   +0.017   -0.624   -0.000   +0.000   -0.002   -0.000   -0.000 | ok
231.1 |   +0.017   -0.627   -0.000   +0.000   -0.002   -0.000   -0.000 | ok
231.3 |   +0.017   -0.629   -0.000   +0.000   -0.002   -0.000   -0.000 | ok
231.5 |   +0.017   -0.629   -0.000   +0.000   -0.002   -0.000   -0.000 | ok
231.7 |   +0.017   -0.629   -0.000   +0.000   -0.002   -0.000   -0.000 | ok
231.9 |   +0.017   -0.629   -0.000   +0.000   -0.002   -0.000   -0.000 | ok
232.1 |   +0.017   -0.629   -0.000   +0.000   -0.002   -0.000   -0.000 | ok
232.3 |   +0.017   -0.629   -0.000   +0.000   -0.002   -0.000   -0.000 | ok
232.5 |   +0.017   -0.629   -0.000   +0.000   -0.002   -0.000   -0.000 | ok
232.7 |   +0.017   -0.629   -0.000   +0.000   -0.002   -0.000   -0.000 | ok
232.9 |   +0.017   -0.629   -0.000   +0.000   -0.002   -0.000   -0.000 | ok
233.1 |   +0.017   -0.629   -0.000   +0.000   -0.002   -0.000   -0.000 | ok
233.3 |   +0.017   -0.629   -0.000   +0.000   -0.002   -0.000   -0.000 | ok
233.5 |   +0.017   -0.629   -0.000   +0.000   -0.002   -0.000   -0.000 | ok
233.7 |   +0.017   -0.627   -0.000   +0.000   -0.002   -0.000   -0.000 | ok
233.9 |   +0.017   -0.627   -0.000   +0.000   -0.002   -0.000   -0.000 | ok
234.1 |   +0.017   -0.624   -0.000   +0.000   -0.002   -0.000   -0.000 | ok
234.3 |   +0.017   -0.614   -0.000   +0.000   -0.002   -0.000   -0.000 | ok
234.5 |   +0.017   -0.604   -0.000   +0.000   -0.002   -0.000   -0.000 | ok
234.7 |   +0.017   -0.592   -0.000   +0.000   -0.002   -0.000   -0.000 | ok
234.9 |   +0.017   -0.573   -0.000   +0.000   -0.002   -0.000   -0.000 | ok
235.1 |   +0.017   -0.545   -0.000   +0.000   -0.002   -0.000   -0.000 | ok
235.3 |   +0.017   -0.516   -0.000   +0.000   -0.002   -0.000   -0.000 | ok
235.5 |   +0.017   -0.486   -0.000   +0.000   -0.002   -0.000   -0.000 | ok
235.7 |   +0.017   -0.453   -0.000   +0.000   -0.002   -0.000   -0.000 | ok
235.9 |   +0.017   -0.421   -0.000   +0.000   -0.002   -0.000   -0.000 | ok
236.1 |   +0.017   -0.385   -0.000   +0.000   -0.002   -0.000   -0.000 | ok
236.3 |   +0.017   -0.347   -0.000   +0.000   -0.002   -0.000   -0.000 | ok
236.5 |   +0.017   -0.303   -0.000   +0.000   -0.002   -0.000   -0.000 | ok
236.7 |   +0.017   -0.259   -0.000   +0.000   -0.002   -0.000   -0.000 | ok
236.9 |   +0.017   -0.216   -0.000   +0.000   -0.002   -0.000   -0.000 | ok
237.1 |   +0.017   -0.178   -0.000   +0.000   -0.002   -0.000   -0.000 | ok
237.3 |   +0.017   -0.142   -0.000   +0.000   -0.002   -0.000   -0.000 | ok
237.5 |   +0.017   -0.109   -0.000   +0.000   -0.002   -0.000   -0.000 | ok
237.7 |   +0.017   -0.081   -0.000   +0.000   -0.002   -0.000   -0.000 | ok
237.9 |   +0.017   -0.059   -0.000   +0.000   -0.002   -0.000   -0.000 | ok
238.1 |   +0.017   -0.038   -0.000   +0.000   -0.002   -0.000   -0.000 | ok
238.3 |   +0.017   -0.018   -0.000   +0.000   -0.002   -0.000   -0.000 | ok
238.5 |   +0.017   -0.002   -0.000   +0.000   -0.002   -0.000   -0.000 | ok
238.7 |   +0.017   -0.000   -0.000   +0.000   -0.002   -0.000   -0.000 | ok
238.9 |   +0.017   -0.000   -0.000   +0.000   -0.002   -0.000   -0.000 | ok
239.1 |   +0.017   -0.000   -0.000   +0.000   -0.002   -0.000   -0.000 | ok
239.3 |   +0.017   -0.000   -0.000   +0.000   -0.002   -0.000   -0.000 | ok
239.5 |   +0.017   -0.000   -0.000   +0.000   -0.002   -0.000   -0.000 | ok
239.7 |   +0.017   -0.000   -0.000   +0.000   -0.002   -0.000   -0.000 | ok
239.9 |   +0.017   -0.000   -0.000   +0.000   -0.002   -0.000   -0.000 | ok
240.1 |   +0.017   -0.000   -0.000   +0.000   -0.002   -0.000   -0.000 | ok
240.3 |   +0.017   -0.000   -0.000   +0.000   -0.002   -0.000   -0.000 | ok
240.5 |   +0.017   -0.000   -0.000   +0.000   -0.002   -0.000   -0.000 | ok
240.7 |   +0.017   -0.000   -0.000   +0.000   -0.002   -0.000   -0.000 | ok
240.9 |   +0.017   -0.000   -0.000   +0.000   -0.002   -0.000   -0.000 | ok
241.1 |   +0.017   -0.000   -0.000   +0.000   -0.002   -0.000   -0.000 | ok
241.3 |   +0.017   -0.000   -0.000   +0.000   -0.002   -0.000   -0.000 | ok
241.5 |   +0.017   -0.000   -0.000   +0.000   -0.002   -0.000   -0.000 | ok
241.7 |   +0.017   -0.000   -0.000   +0.000   -0.002   -0.000   -0.000 | ok
241.9 |   +0.017   -0.000   -0.000   +0.000   -0.002   -0.000   -0.000 | ok
242.1 |   +0.017   -0.000   -0.000   +0.000   -0.002   -0.000   -0.000 | ok
242.3 |   +0.017   -0.000   -0.000   +0.000   -0.002   -0.000   -0.000 | ok
242.5 |   +0.017   -0.000   -0.000   +0.000   -0.002   -0.000   -0.000 | ok
242.7 |   +0.017   -0.000   -0.000   +0.000   -0.002   -0.000   -0.000 | ok
242.9 |   +0.017   -0.000   -0.000   +0.000   -0.002   -0.000   -0.000 | ok
243.1 |   +0.017   -0.000   -0.000   +0.000   -0.002   -0.000   -0.000 | ok
243.3 |   +0.017   -0.000   -0.000   +0.000   -0.002   -0.000   -0.000 | ok
243.5 |   +0.017   -0.000   -0.000   +0.000   -0.002   -0.000   -0.000 | ok
243.7 |   +0.017   -0.000   -0.000   +0.000   -0.002   -0.000   -0.000 | ok
243.9 |   +0.017   -0.000   -0.000   +0.000   -0.001   -0.000   -0.000 | ok
244.1 |   +0.017   -0.000   -0.000   +0.000   -0.001   -0.000   -0.000 | ok
244.3 |   +0.017   -0.000   -0.000   +0.000   -0.001   -0.000   -0.000 | ok
244.5 |   +0.017   -0.000   -0.000   +0.000   -0.001   +0.000   -0.000 | ok
244.7 |   +0.017   -0.000   -0.000   +0.000   +0.003   +0.000   -0.000 | ok
244.9 |   +0.017   -0.000   -0.000   +0.000   +0.006   +0.000   -0.000 | ok
245.1 |   +0.017   -0.000   -0.000   +0.001   +0.007   +0.000   -0.000 | ok
245.3 |   +0.017   +0.000   -0.001   +0.008   +0.014   +0.000   -0.000 | ok
245.5 |   +0.017   +0.000   -0.002   +0.012   +0.014   +0.000   -0.000 | ok
245.7 |   +0.017   +0.001   -0.017   +0.031   +0.015   +0.000   -0.000 | ok
245.9 |   +0.017   +0.001   -0.051   +0.023   +0.027   -0.000   -0.000 | ok
246.1 |   +0.017   +0.001   -0.096   +0.022   +0.033   -0.000   -0.000 | ok
246.3 |   +0.017   +0.001   -0.146   +0.023   +0.033   -0.001   -0.000 | ok
246.5 |   +0.017   +0.001   -0.191   +0.024   +0.033   -0.001   -0.000 | ok
246.7 |   +0.017   +0.001   -0.233   +0.028   +0.033   -0.001   -0.000 | ok
246.9 |   +0.017   +0.001   -0.273   +0.031   +0.033   -0.001   -0.000 | ok
247.1 |   +0.017   +0.001   -0.308   +0.032   +0.033   -0.001   -0.000 | ok
247.3 |   +0.017   +0.001   -0.338   +0.034   +0.033   -0.001   -0.000 | ok
247.5 |   +0.017   +0.001   -0.358   +0.059   +0.033   -0.001   -0.000 | ok
247.7 |   +0.017   +0.001   -0.366   +0.076   +0.033   -0.000   -0.000 | ok
247.9 |   +0.017   +0.001   -0.367   +0.072   +0.033   -0.000   -0.000 | ok
248.1 |   +0.017   +0.001   -0.366   +0.046   +0.033   -0.001   -0.000 | ok
248.3 |   +0.017   +0.001   -0.366   +0.050   +0.033   -0.000   -0.000 | ok
248.5 |   +0.017   +0.001   -0.366   +0.049   +0.033   -0.000   -0.000 | ok
248.7 |   +0.017   +0.001   -0.366   +0.049   +0.033   -0.000   -0.000 | ok
248.9 |   +0.017   +0.001   -0.366   +0.049   +0.033   -0.000   -0.000 | ok
249.1 |   +0.017   +0.001   -0.366   +0.049   +0.033   -0.000   -0.000 | ok
249.3 |   +0.017   +0.001   -0.366   +0.049   +0.033   -0.000   -0.000 | ok
249.5 |   +0.017   +0.001   -0.366   +0.049   +0.033   -0.000   -0.000 | ok
249.7 |   +0.017   +0.001   -0.366   +0.049   +0.033   -0.000   -0.000 | ok
249.9 |   +0.017   +0.001   -0.366   +0.049   +0.033   -0.000   -0.000 | ok
250.1 |   +0.017   +0.001   -0.363   +0.049   +0.033   -0.000   -0.000 | ok
250.3 |   +0.017   +0.001   -0.346   +0.050   +0.033   -0.000   -0.000 | ok
250.5 |   +0.017   +0.001   -0.320   +0.050   +0.033   -0.000   -0.000 | ok
250.7 |   +0.017   +0.001   -0.296   +0.049   +0.033   -0.000   -0.000 | ok
250.9 |   +0.017   +0.001   -0.268   +0.050   +0.033   -0.000   -0.000 | ok
251.1 |   +0.017   +0.001   -0.239   +0.049   +0.033   -0.000   -0.000 | ok
251.3 |   +0.017   +0.001   -0.216   +0.049   +0.033   -0.000   -0.000 | ok
251.5 |   +0.017   +0.001   -0.191   +0.049   +0.033   -0.000   -0.000 | ok
251.7 |   +0.017   +0.002   -0.167   +0.049   +0.033   -0.000   -0.000 | ok
251.9 |   +0.017   +0.002   -0.144   +0.049   +0.033   -0.000   -0.000 | ok
252.1 |   +0.017   +0.002   -0.118   +0.050   +0.033   -0.000   -0.000 | ok
252.3 |   +0.017   +0.002   -0.091   +0.049   +0.033   -0.000   -0.000 | ok
252.5 |   +0.017   +0.002   -0.066   +0.049   +0.037   -0.000   -0.000 | ok
252.7 |   +0.017   +0.002   -0.043   +0.049   +0.037   +0.000   -0.000 | ok
252.9 |   +0.017   +0.002   -0.024   +0.046   +0.037   +0.001   -0.000 | ok
253.1 |   +0.017   +0.002   -0.014   +0.031   +0.037   +0.001   -0.000 | ok
253.3 |   +0.017   +0.002   -0.010   +0.019   +0.037   +0.001   -0.000 | ok
253.5 |   +0.017   +0.002   -0.009   +0.019   +0.036   +0.001   -0.000 | ok
253.7 |   +0.017   +0.002   -0.008   +0.019   +0.036   +0.000   -0.000 | ok
253.9 |   +0.017   +0.002   -0.008   +0.020   +0.036   +0.000   -0.000 | ok
254.1 |   +0.017   +0.002   -0.008   +0.020   +0.036   +0.000   -0.000 | ok
254.3 |   +0.017   +0.002   -0.008   +0.020   +0.036   +0.000   -0.000 | ok
254.5 |   +0.017   +0.002   -0.008   +0.020   +0.036   +0.000   -0.000 | ok
254.7 |   +0.017   +0.002   -0.008   +0.020   +0.036   +0.000   -0.000 | ok
254.9 |   +0.017   +0.002   -0.008   +0.020   +0.036   +0.000   -0.000 | ok
255.1 |   +0.017   +0.002   -0.008   +0.020   +0.036   +0.000   -0.000 | ok
255.3 |   +0.017   +0.002   -0.008   +0.020   +0.036   +0.000   -0.000 | ok
255.5 |   +0.017   +0.002   -0.008   +0.020   +0.036   +0.000   -0.000 | ok
255.7 |   +0.017   +0.002   -0.008   +0.020   +0.036   +0.000   -0.000 | ok
255.9 |   +0.017   +0.002   -0.008   +0.020   +0.036   +0.000   -0.000 | ok
256.1 |   +0.017   +0.002   -0.008   +0.020   +0.036   +0.000   -0.000 | ok
256.3 |   +0.017   +0.002   -0.008   +0.020   +0.036   +0.000   -0.000 | ok
256.5 |   +0.017   +0.002   -0.008   +0.020   +0.036   +0.000   -0.000 | ok
256.7 |   +0.017   +0.002   -0.008   +0.020   +0.036   +0.000   -0.000 | ok
256.9 |   +0.017   +0.002   -0.008   +0.020   +0.036   +0.000   -0.000 | ok
257.1 |   +0.017   +0.002   -0.008   +0.020   +0.036   +0.000   -0.000 | ok
257.3 |   +0.017   +0.002   -0.008   +0.020   +0.036   +0.000   -0.000 | ok
257.5 |   +0.017   +0.002   -0.008   +0.020   +0.036   +0.000   -0.000 | ok
257.7 |   +0.017   +0.002   -0.008   +0.020   +0.036   +0.000   -0.000 | ok
257.9 |   +0.017   +0.002   -0.008   +0.020   +0.036   +0.000   -0.000 | ok
258.1 |   +0.017   +0.002   -0.008   +0.020   +0.036   +0.000   -0.000 | ok
258.3 |   +0.017   +0.002   -0.008   +0.020   +0.036   +0.000   -0.000 | ok
258.5 |   +0.017   +0.002   -0.008   +0.020   +0.036   +0.000   -0.000 | ok
258.7 |   +0.017   +0.002   -0.008   +0.020   +0.036   +0.000   -0.000 | ok
258.9 |   +0.017   +0.002   -0.008   +0.020   +0.036   +0.000   -0.000 | ok
259.1 |   +0.017   +0.002   -0.008   +0.020   +0.036   +0.000   -0.000 | ok
259.3 |   +0.017   +0.002   -0.008   +0.020   +0.036   +0.000   -0.000 | ok
259.5 |   +0.017   +0.002   -0.008   +0.020   +0.036   +0.000   -0.000 | ok
259.7 |   +0.017   +0.002   -0.008   +0.020   +0.036   +0.000   -0.000 | ok
259.9 |   +0.017   +0.002   -0.008   +0.020   +0.036   +0.000   -0.000 | ok
260.1 |   +0.017   +0.002   -0.008   +0.020   +0.036   +0.000   -0.000 | ok
260.3 |   +0.017   +0.002   -0.008   +0.020   +0.036   +0.000   -0.000 | ok
260.5 |   +0.017   +0.002   -0.008   +0.020   +0.036   +0.000   -0.000 | ok
260.7 |   +0.017   +0.002   -0.008   +0.020   +0.036   +0.000   -0.000 | ok
260.9 |   +0.017   +0.002   -0.008   +0.020   +0.036   +0.000   -0.000 | ok
261.1 |   +0.017   +0.002   -0.008   +0.020   +0.036   +0.000   -0.000 | ok
261.3 |   +0.017   +0.002   -0.008   +0.020   +0.036   +0.000   -0.000 | ok
261.5 |   +0.017   +0.002   -0.008   +0.020   +0.036   +0.000   -0.000 | ok
261.7 |   +0.017   +0.002   -0.008   +0.020   +0.036   +0.000   -0.000 | ok
261.9 |   +0.017   +0.002   -0.008   +0.020   +0.036   +0.000   -0.000 | ok
262.1 |   +0.017   +0.002   -0.008   +0.020   +0.036   +0.000   -0.000 | ok
262.3 |   +0.017   +0.002   -0.008   +0.020   +0.036   +0.000   -0.000 | ok
262.5 |   +0.017   +0.002   -0.008   +0.020   +0.036   +0.000   -0.000 | ok
262.7 |   +0.017   +0.002   -0.008   +0.020   +0.036   +0.000   -0.000 | ok
262.9 |   +0.017   +0.002   -0.008   +0.020   +0.036   +0.000   -0.000 | ok
263.1 |   +0.017   +0.002   -0.008   +0.020   +0.036   +0.000   -0.000 | ok
263.3 |   +0.017   +0.002   -0.008   +0.020   +0.036   +0.000   -0.000 | ok
263.5 |   +0.017   +0.002   -0.008   +0.020   +0.036   +0.000   -0.000 | ok
263.7 |   +0.017   +0.002   -0.008   +0.020   +0.036   +0.000   -0.000 | ok
263.9 |   +0.017   +0.002   -0.008   +0.020   +0.036   +0.000   -0.000 | ok
264.1 |   +0.017   +0.002   -0.008   +0.020   +0.036   +0.000   -0.000 | ok
264.3 |   +0.017   +0.002   -0.008   +0.020   +0.036   +0.000   -0.000 | ok
264.5 |   +0.017   +0.002   -0.008   +0.020   +0.036   +0.000   -0.000 | ok
264.7 |   +0.017   +0.002   -0.008   +0.020   +0.036   +0.000   -0.000 | ok
264.9 |   +0.017   +0.002   -0.008   +0.020   +0.036   +0.000   -0.000 | ok
265.1 |   +0.017   +0.002   -0.008   +0.020   +0.036   +0.000   -0.000 | ok
265.3 |   +0.017   +0.002   -0.008   +0.020   +0.036   +0.000   -0.000 | ok
265.5 |   +0.017   +0.002   -0.008   +0.020   +0.036   +0.000   -0.000 | ok
265.7 |   +0.017   +0.002   -0.008   +0.020   +0.036   +0.000   -0.000 | ok
265.9 |   +0.017   +0.002   -0.008   +0.020   +0.036   +0.000   -0.000 | ok
266.1 |   +0.017   +0.002   -0.008   +0.020   +0.036   +0.000   -0.000 | ok
266.3 |   +0.017   +0.002   -0.008   +0.020   +0.036   +0.000   -0.000 | ok
266.5 |   +0.017   +0.002   -0.008   +0.020   +0.036   +0.000   -0.000 | ok
266.7 |   +0.017   +0.002   -0.008   +0.020   +0.036   +0.000   -0.000 | ok
266.9 |   +0.017   +0.002   -0.008   +0.020   +0.036   +0.000   -0.000 | ok
267.1 |   +0.017   +0.002   -0.008   +0.020   +0.036   +0.000   -0.000 | ok
267.3 |   +0.017   +0.002   -0.008   +0.019   +0.036   +0.001   -0.000 | ok
267.5 |   +0.017   +0.002   -0.008   +0.015   +0.036   +0.012   -0.000 | ok
267.7 |   +0.017   +0.002   -0.008   +0.014   +0.037   +0.011   -0.000 | ok
267.9 |   +0.017   +0.002   -0.008   +0.011   +0.037   +0.007   -0.000 | ok
268.1 |   +0.017   +0.002   -0.008   +0.004   +0.037   +0.007   -0.000 | ok
268.3 |   +0.017   +0.002   -0.009   -0.026   +0.036   +0.007   -0.000 | ok
268.5 |   +0.017   +0.002   -0.013   -0.050   +0.036   +0.007   -0.000 | ok
268.7 |   +0.017   +0.002   -0.022   -0.096   +0.036   +0.007   -0.000 | ok
268.9 |   +0.017   +0.002   -0.023   -0.181   +0.036   +0.007   -0.000 | ok
269.1 |   +0.017   +0.002   -0.022   -0.274   +0.036   +0.007   -0.000 | ok
269.3 |   +0.017   +0.002   -0.022   -0.349   +0.036   +0.007   -0.000 | ok
269.5 |   +0.017   +0.002   -0.022   -0.468   +0.036   +0.007   -0.000 | ok
269.7 |   +0.017   +0.002   -0.020   -0.571   +0.036   +0.007   -0.000 | ok
269.9 |   +0.017   +0.002   -0.019   -0.663   +0.036   +0.007   -0.000 | ok
270.1 |   +0.017   +0.002   -0.007   -0.765   +0.036   +0.007   -0.000 | ok
270.3 |   +0.017   +0.002   -0.002   -0.843   +0.036   +0.007   -0.000 | ok
270.5 |   +0.017   +0.002   -0.002   -0.900   +0.036   +0.007   -0.000 | ok
270.7 |   +0.017   +0.002   -0.002   -0.928   +0.036   +0.007   -0.000 | ok
270.9 |   +0.017   +0.002   -0.002   -0.923   +0.036   +0.007   -0.000 | ok
271.1 |   +0.017   +0.002   -0.002   -0.920   +0.036   +0.007   -0.000 | ok
271.3 |   +0.017   +0.002   -0.002   -0.920   +0.036   +0.007   -0.000 | ok
271.5 |   +0.017   +0.002   -0.002   -0.924   +0.036   +0.007   -0.000 | ok
271.7 |   +0.017   +0.002   -0.002   -0.939   +0.036   +0.007   -0.000 | ok
271.9 |   +0.017   +0.002   -0.002   -0.943   +0.036   +0.007   -0.000 | ok
272.1 |   +0.017   +0.002   -0.002   -0.944   +0.036   +0.007   -0.000 | ok
272.3 |   +0.017   +0.002   -0.002   -0.946   +0.036   +0.007   -0.000 | ok
272.5 |   +0.017   +0.002   -0.002   -0.946   +0.036   +0.007   -0.000 | ok
272.7 |   +0.017   +0.002   -0.002   -0.946   +0.036   +0.007   -0.000 | ok
272.9 |   +0.017   +0.002   -0.002   -0.946   +0.036   +0.007   -0.000 | ok
273.1 |   +0.017   +0.002   -0.002   -0.946   +0.036   +0.007   -0.000 | ok
273.3 |   +0.017   +0.002   -0.002   -0.946   +0.036   +0.007   -0.000 | ok
273.5 |   +0.017   +0.002   -0.002   -0.946   +0.036   +0.007   -0.000 | ok
273.7 |   +0.017   +0.002   -0.002   -0.946   +0.036   +0.007   -0.000 | ok
273.9 |   +0.017   +0.002   -0.002   -0.946   +0.036   +0.007   -0.000 | ok
274.1 |   +0.017   +0.002   -0.002   -0.946   +0.036   +0.007   -0.000 | ok
274.3 |   +0.017   +0.002   -0.002   -0.946   +0.036   +0.007   -0.000 | ok
274.5 |   +0.017   +0.002   -0.002   -0.941   +0.036   +0.007   -0.000 | ok
274.7 |   +0.017   +0.002   -0.002   -0.919   +0.036   +0.007   -0.000 | ok
274.9 |   +0.017   +0.002   -0.002   -0.877   +0.036   +0.007   -0.000 | ok
275.1 |   +0.017   +0.002   -0.002   -0.803   +0.036   +0.007   -0.000 | ok
275.3 |   +0.017   +0.002   -0.002   -0.717   +0.036   +0.007   -0.000 | ok
275.5 |   +0.017   +0.002   -0.002   -0.622   +0.036   +0.007   -0.000 | ok
275.7 |   +0.017   +0.002   -0.002   -0.524   +0.036   +0.007   -0.000 | ok
275.9 |   +0.017   +0.002   -0.002   -0.410   +0.036   +0.007   -0.000 | ok
276.1 |   +0.017   +0.002   -0.002   -0.304   +0.036   +0.007   -0.000 | ok
276.3 |   +0.017   +0.002   -0.002   -0.206   +0.036   +0.007   -0.000 | ok
276.5 |   +0.017   +0.002   -0.002   -0.104   +0.036   +0.007   -0.000 | ok
276.7 |   +0.017   +0.002   -0.002   -0.019   +0.036   +0.007   -0.000 | ok
276.9 |   +0.017   +0.002   -0.002   -0.005   +0.036   +0.007   -0.000 | ok
277.1 |   +0.017   +0.002   -0.002   -0.004   +0.036   +0.007   -0.000 | ok
277.3 |   +0.017   +0.002   -0.002   -0.002   +0.036   +0.007   -0.000 | ok
277.5 |   +0.017   +0.002   -0.002   -0.002   +0.036   +0.007   -0.000 | ok
277.7 |   +0.017   +0.002   -0.002   -0.002   +0.036   +0.007   -0.000 | ok
277.9 |   +0.017   +0.002   -0.002   -0.002   +0.036   +0.007   -0.000 | ok
278.1 |   +0.017   +0.002   -0.002   -0.002   +0.036   +0.007   -0.000 | ok
278.3 |   +0.017   +0.002   -0.002   -0.002   +0.036   +0.007   -0.000 | ok
278.5 |   +0.017   +0.002   -0.002   -0.002   +0.036   +0.007   -0.000 | ok
278.7 |   +0.017   +0.002   -0.002   -0.002   +0.036   +0.007   -0.000 | ok
278.9 |   +0.017   +0.002   -0.002   -0.002   +0.036   +0.007   -0.000 | ok
279.1 |   +0.017   +0.002   -0.002   -0.002   +0.036   +0.007   -0.000 | ok
279.3 |   +0.017   +0.002   -0.002   -0.002   +0.036   +0.007   -0.000 | ok
279.5 |   +0.017   +0.002   -0.002   -0.002   +0.036   +0.007   -0.000 | ok
279.7 |   +0.017   +0.002   -0.002   -0.002   +0.036   +0.007   -0.000 | ok
279.9 |   +0.017   +0.002   -0.002   -0.002   +0.036   +0.007   -0.000 | ok
280.1 |   +0.017   +0.002   -0.002   -0.002   +0.036   +0.007   -0.000 | ok
280.3 |   +0.017   +0.002   -0.002   -0.002   +0.036   +0.007   -0.000 | ok
280.5 |   +0.017   +0.002   -0.002   -0.002   +0.036   +0.007   -0.000 | ok
280.7 |   +0.017   +0.002   -0.002   -0.002   +0.036   +0.007   -0.000 | ok
280.9 |   +0.017   +0.002   -0.002   -0.002   +0.036   +0.007   -0.000 | ok
281.1 |   +0.017   +0.002   -0.002   -0.002   +0.036   +0.007   -0.000 | ok
281.3 |   +0.017   +0.002   -0.002   -0.002   +0.036   +0.007   -0.000 | ok
281.5 |   +0.017   +0.002   -0.002   -0.002   +0.036   +0.007   -0.000 | ok
281.7 |   +0.017   +0.002   -0.002   -0.002   +0.036   +0.007   -0.000 | ok
281.9 |   +0.017   +0.002   -0.002   -0.002   +0.036   +0.007   -0.000 | ok
282.1 |   +0.017   +0.002   -0.002   -0.002   +0.036   +0.007   -0.000 | ok
282.3 |   +0.017   +0.002   -0.002   -0.002   +0.036   +0.007   -0.000 | ok
282.5 |   +0.017   +0.002   -0.002   -0.002   +0.036   +0.007   -0.000 | ok
282.7 |   +0.017   +0.002   -0.002   -0.002   +0.036   +0.007   -0.000 | ok
282.9 |   +0.017   +0.002   -0.002   -0.002   +0.036   +0.007   -0.000 | ok
283.1 |   +0.017   +0.002   -0.002   -0.002   +0.036   +0.007   -0.000 | ok
283.3 |   +0.017   +0.002   -0.002   -0.002   +0.036   +0.007   -0.000 | ok
283.5 |   +0.017   +0.002   -0.002   -0.002   +0.036   +0.007   -0.000 | ok
283.7 |   +0.017   +0.002   -0.002   -0.002   +0.036   +0.007   -0.000 | ok
283.9 |   +0.017   +0.002   -0.002   -0.002   +0.036   +0.007   -0.000 | ok
284.1 |   +0.017   +0.002   -0.002   -0.002   +0.036   +0.007   -0.000 | ok
284.3 |   +0.017   +0.002   -0.002   -0.002   +0.036   +0.007   -0.000 | ok
284.5 |   +0.017   +0.002   -0.002   -0.002   +0.036   +0.007   -0.000 | ok
284.7 |   +0.017   +0.002   -0.002   -0.002   +0.036   +0.007   -0.000 | ok
284.9 |   +0.017   +0.002   -0.002   -0.002   +0.036   +0.007   -0.000 | ok
285.1 |   +0.017   +0.002   -0.002   -0.002   +0.036   +0.007   -0.000 | ok
285.3 |   +0.017   +0.002   -0.002   -0.002   +0.036   +0.007   -0.000 | ok
285.5 |   +0.017   +0.002   -0.002   -0.002   +0.036   +0.007   -0.000 | ok
285.7 |   +0.017   +0.002   -0.002   -0.002   +0.036   +0.007   -0.000 | ok
285.9 |   +0.017   +0.002   -0.002   -0.002   +0.036   +0.007   -0.000 | ok
286.2 |   +0.017   +0.002   -0.002   -0.002   +0.036   +0.007   -0.000 | ok
286.4 |   +0.017   +0.002   -0.002   -0.002   +0.036   +0.007   -0.000 | ok
286.6 |   +0.017   +0.002   -0.002   -0.002   +0.036   +0.007   -0.000 | ok
286.8 |   +0.017   +0.002   -0.002   -0.002   +0.036   +0.007   -0.000 | ok
287.0 |   +0.017   +0.002   -0.002   -0.002   +0.036   +0.007   -0.000 | ok
287.2 |   +0.017   +0.002   -0.002   -0.002   +0.036   +0.007   -0.000 | ok
287.4 |   +0.017   +0.002   -0.002   -0.002   +0.036   +0.007   -0.000 | ok
287.6 |   +0.017   +0.002   -0.002   -0.002   +0.036   +0.007   -0.000 | ok
287.8 |   +0.017   +0.002   -0.002   -0.002   +0.036   +0.007   -0.000 | ok
288.0 |   +0.017   +0.002   -0.002   -0.002   +0.036   +0.007   -0.000 | ok
288.2 |   +0.017   +0.002   -0.002   -0.002   +0.036   +0.007   -0.000 | ok
288.4 |   +0.017   +0.002   -0.002   -0.002   +0.036   +0.007   -0.000 | ok
288.6 |   +0.017   +0.002   -0.002   -0.002   +0.036   +0.007   -0.000 | ok
288.8 |   +0.017   +0.002   -0.002   -0.002   +0.036   +0.007   -0.000 | ok
289.0 |   +0.017   +0.002   -0.002   -0.002   +0.036   +0.007   -0.000 | ok
289.2 |   +0.017   +0.002   -0.002   -0.002   +0.036   +0.007   -0.000 | ok
289.4 |   +0.017   +0.002   -0.002   -0.002   +0.036   +0.007   -0.000 | ok
289.6 |   +0.017   +0.002   -0.002   -0.002   +0.036   +0.007   -0.000 | ok
289.8 |   +0.017   +0.002   -0.002   -0.002   +0.036   +0.007   -0.000 | ok
290.0 |   +0.017   +0.002   -0.002   -0.002   +0.036   +0.007   -0.000 | ok
290.2 |   +0.017   +0.002   -0.002   -0.002   +0.036   +0.007   -0.000 | ok
290.4 |   +0.017   +0.002   -0.002   -0.002   +0.036   +0.007   -0.000 | ok
290.6 |   +0.017   +0.002   -0.002   -0.002   +0.036   +0.007   -0.000 | ok
290.8 |   +0.017   +0.002   -0.002   -0.002   +0.036   +0.007   -0.000 | ok
291.0 |   +0.017   +0.002   -0.002   -0.002   +0.036   +0.007   -0.000 | ok
291.2 |   +0.017   +0.002   -0.002   -0.002   +0.036   +0.007   -0.000 | ok
291.4 |   +0.017   +0.002   -0.002   -0.002   +0.036   +0.007   -0.000 | ok
291.6 |   +0.017   +0.002   -0.002   -0.002   +0.036   +0.007   -0.000 | ok
291.8 |   +0.017   +0.002   -0.002   -0.002   +0.036   +0.007   -0.000 | ok
292.0 |   +0.017   +0.002   -0.002   -0.002   +0.036   +0.007   -0.000 | ok
292.2 |   +0.017   +0.002   -0.002   -0.002   +0.036   +0.007   -0.000 | ok
292.4 |   +0.017   +0.002   -0.002   -0.002   +0.036   +0.007   -0.000 | ok
292.6 |   +0.017   +0.002   -0.002   -0.002   +0.036   +0.007   -0.000 | ok
292.8 |   +0.017   +0.002   -0.002   -0.002   +0.036   +0.007   -0.000 | ok
293.0 |   +0.017   +0.002   -0.002   -0.002   +0.036   +0.007   -0.000 | ok
293.2 |   +0.017   +0.002   -0.002   -0.002   +0.036   +0.007   -0.000 | ok
293.4 |   +0.017   +0.002   -0.002   -0.002   +0.036   +0.007   -0.000 | ok
293.6 |   +0.017   +0.002   -0.002   -0.002   +0.036   +0.007   -0.000 | ok
293.8 |   +0.017   +0.002   -0.002   -0.002   +0.036   +0.007   -0.000 | ok
294.0 |   +0.017   +0.002   -0.002   -0.002   +0.036   +0.007   -0.000 | ok
294.2 |   +0.017   +0.002   -0.002   -0.002   +0.036   +0.007   -0.000 | ok
294.4 |   +0.017   +0.002   -0.002   -0.002   +0.036   +0.007   -0.000 | ok
294.6 |   +0.017   +0.002   -0.002   -0.002   +0.036   +0.007   -0.000 | ok
294.8 |   +0.017   +0.002   -0.002   -0.002   +0.036   +0.007   -0.000 | ok
295.0 |   +0.017   +0.002   -0.002   -0.002   +0.036   +0.007   -0.000 | ok
295.2 |   +0.017   +0.002   -0.002   -0.002   +0.036   +0.007   -0.000 | ok
295.4 |   +0.017   +0.002   -0.002   -0.002   +0.036   +0.007   -0.000 | ok
295.6 |   +0.017   +0.002   -0.002   -0.002   +0.036   +0.007   -0.000 | ok
295.8 |   +0.017   +0.002   -0.002   -0.002   +0.036   +0.007   -0.000 | ok
296.0 |   +0.017   +0.002   -0.002   -0.002   +0.036   +0.007   -0.000 | ok
296.2 |   +0.017   +0.002   -0.002   -0.002   +0.036   +0.007   -0.000 | ok
296.4 |   +0.017   +0.002   -0.002   -0.002   +0.036   +0.007   -0.000 | ok
296.6 |   +0.017   +0.002   -0.002   -0.002   +0.036   +0.007   -0.000 | ok
296.8 |   +0.017   +0.002   -0.002   -0.002   +0.036   +0.007   -0.000 | ok
297.0 |   +0.017   +0.002   -0.002   -0.002   +0.036   +0.007   -0.000 | ok
297.2 |   +0.017   +0.002   -0.002   -0.002   +0.036   +0.007   -0.000 | ok
297.4 |   +0.017   +0.002   -0.002   -0.002   +0.036   +0.007   -0.000 | ok
297.6 |   +0.017   +0.002   -0.002   -0.002   +0.036   +0.007   -0.000 | ok
297.8 |   +0.017   +0.002   -0.002   -0.002   +0.036   +0.007   -0.000 | ok
298.0 |   +0.017   +0.002   -0.002   -0.002   +0.036   +0.007   -0.000 | ok
298.2 |   +0.017   +0.002   -0.002   -0.002   +0.036   +0.007   -0.000 | ok
298.4 |   +0.017   +0.002   -0.002   -0.002   +0.036   +0.007   -0.000 | ok
298.6 |   +0.017   +0.002   -0.002   -0.002   +0.036   +0.007   -0.000 | ok
298.8 |   +0.017   +0.002   -0.002   -0.002   +0.036   +0.007   -0.000 | ok
299.0 |   +0.017   +0.002   -0.002   -0.002   +0.036   +0.007   -0.000 | ok
299.2 |   +0.017   +0.002   -0.002   -0.002   +0.036   +0.007   -0.000 | ok
299.4 |   +0.017   +0.002   -0.002   -0.002   +0.036   +0.007   -0.000 | ok
299.6 |   +0.017   +0.002   -0.002   -0.002   +0.036   +0.007   -0.000 | ok
299.8 |   +0.017   +0.002   -0.002   -0.002   +0.036   +0.007   -0.000 | ok
300.0 |   +0.017   +0.002   -0.002   -0.002   +0.036   +0.007   -0.000 | ok
300.2 |   +0.017   +0.002   -0.002   -0.002   +0.036   +0.007   -0.000 | ok
300.4 |   +0.017   +0.002   -0.002   -0.002   +0.036   +0.007   -0.000 | ok
300.6 |   +0.017   +0.002   -0.002   -0.002   +0.036   +0.007   -0.000 | ok
300.8 |   +0.017   +0.002   -0.002   -0.002   +0.036   +0.007   -0.000 | ok
301.0 |   +0.017   +0.002   -0.002   -0.002   +0.036   +0.007   -0.000 | ok
301.2 |   +0.017   +0.002   -0.002   -0.002   +0.036   +0.007   -0.000 | ok
301.4 |   +0.017   +0.002   -0.002   -0.002   +0.036   +0.007   -0.000 | ok
301.6 |   +0.017   +0.002   -0.002   -0.002   +0.036   +0.007   -0.000 | ok
301.8 |   +0.017   +0.002   -0.002   -0.002   +0.036   +0.007   -0.000 | ok
302.0 |   +0.017   +0.002   -0.002   -0.002   +0.036   +0.007   -0.000 | ok
302.2 |   +0.017   +0.002   -0.002   -0.002   +0.036   +0.007   -0.000 | ok
302.4 |   +0.017   +0.002   -0.002   -0.002   +0.036   +0.007   -0.000 | ok
302.6 |   +0.017   +0.002   -0.002   -0.002   +0.036   +0.007   -0.000 | ok
302.8 |   +0.017   +0.002   -0.002   -0.002   +0.036   +0.007   -0.000 | ok
303.0 |   +0.017   +0.002   -0.002   -0.002   +0.036   +0.007   -0.000 | ok
303.2 |   +0.017   +0.002   -0.002   -0.002   +0.036   +0.007   -0.000 | ok
303.4 |   +0.017   +0.002   -0.002   -0.002   +0.036   +0.007   -0.000 | ok
303.6 |   +0.017   +0.002   -0.002   -0.002   +0.036   +0.007   -0.000 | ok
303.8 |   +0.017   +0.002   -0.002   -0.002   +0.036   +0.007   -0.000 | ok
304.0 |   +0.017   +0.002   -0.002   -0.002   +0.036   +0.007   -0.000 | ok
304.2 |   +0.017   +0.002   -0.002   -0.002   +0.036   +0.007   -0.000 | ok
304.4 |   +0.017   +0.002   -0.002   -0.002   +0.036   +0.007   -0.000 | ok
304.6 |   +0.017   +0.002   -0.002   -0.002   +0.036   +0.007   -0.000 | ok
304.8 |   +0.017   +0.002   -0.002   -0.002   +0.036   +0.007   -0.000 | ok
305.0 |   +0.017   +0.002   -0.002   -0.002   +0.036   +0.007   -0.000 | ok
305.2 |   +0.017   +0.002   -0.002   -0.002   +0.036   +0.007   -0.000 | ok
305.4 |   +0.017   +0.002   -0.002   -0.002   +0.036   +0.007   -0.000 | ok
305.6 |   +0.017   +0.002   -0.002   -0.002   +0.036   +0.007   -0.000 | ok
305.8 |   +0.017   +0.002   -0.002   -0.002   +0.036   +0.007   -0.000 | ok
306.0 |   +0.017   +0.002   -0.002   -0.002   +0.036   +0.007   -0.000 | ok
306.2 |   +0.017   +0.002   -0.002   -0.002   +0.036   +0.007   -0.000 | ok
306.4 |   +0.017   +0.002   -0.002   -0.002   +0.036   +0.007   -0.000 | ok
306.6 |   +0.017   +0.002   -0.002   -0.002   +0.036   +0.007   -0.000 | ok
306.8 |   +0.017   +0.002   -0.002   -0.002   +0.036   +0.007   -0.000 | ok
307.0 |   +0.017   +0.002   -0.002   -0.002   +0.036   +0.007   -0.000 | ok
307.2 |   +0.017   +0.002   -0.002   -0.002   +0.036   +0.007   -0.000 | ok
307.4 |   +0.017   +0.002   -0.002   -0.002   +0.036   +0.007   -0.000 | ok
307.6 |   +0.017   +0.002   -0.002   -0.002   +0.036   +0.007   -0.000 | ok
307.8 |   +0.017   +0.002   -0.002   -0.002   +0.036   +0.007   -0.000 | ok
308.0 |   +0.017   +0.002   -0.002   -0.002   +0.036   +0.007   -0.000 | ok
308.2 |   +0.017   +0.002   -0.002   -0.002   +0.036   +0.007   -0.000 | ok
308.4 |   +0.017   +0.002   -0.002   -0.002   +0.036   +0.007   -0.000 | ok
308.6 |   +0.017   +0.002   -0.002   -0.002   +0.036   +0.007   -0.000 | ok
308.8 |   +0.017   +0.002   -0.002   -0.002   +0.036   +0.007   -0.000 | ok
309.0 |   +0.017   +0.002   -0.002   -0.002   +0.036   +0.007   -0.000 | ok
309.2 |   +0.017   +0.002   -0.002   -0.002   +0.036   +0.007   -0.000 | ok
309.4 |   +0.017   +0.002   -0.002   -0.002   +0.036   +0.007   -0.000 | ok
309.6 |   +0.017   +0.002   -0.002   -0.002   +0.036   +0.007   -0.000 | ok
309.8 |   +0.017   +0.002   -0.002   -0.002   +0.036   +0.007   -0.000 | ok
310.0 |   +0.017   +0.002   -0.002   -0.002   +0.036   +0.007   -0.000 | ok
310.2 |   +0.017   +0.002   -0.002   -0.002   +0.036   +0.007   -0.000 | ok
310.4 |   +0.017   +0.002   -0.002   -0.002   +0.036   +0.007   -0.000 | ok
310.6 |   +0.017   +0.002   -0.002   -0.002   +0.036   +0.007   -0.000 | ok
310.8 |   +0.017   +0.002   -0.002   -0.002   +0.036   +0.007   -0.000 | ok
311.0 |   +0.017   +0.002   -0.002   -0.002   +0.036   +0.007   -0.000 | ok
311.2 |   +0.017   +0.002   -0.002   -0.002   +0.036   +0.007   -0.000 | ok
311.4 |   +0.017   +0.002   -0.002   -0.002   +0.036   +0.007   -0.000 | ok
311.6 |   +0.017   +0.002   -0.002   -0.002   +0.036   +0.007   -0.000 | ok
311.8 |   +0.017   +0.002   -0.002   -0.002   +0.036   +0.007   -0.000 | ok
312.0 |   +0.017   +0.002   -0.002   -0.002   +0.036   +0.007   -0.000 | ok
312.2 |   +0.017   +0.002   -0.002   -0.002   +0.036   +0.007   -0.000 | ok
312.4 |   +0.017   +0.002   -0.002   -0.002   +0.036   +0.007   -0.000 | ok
312.6 |   +0.017   +0.002   -0.002   -0.002   +0.036   +0.007   -0.000 | ok
312.8 |   +0.017   +0.002   -0.002   -0.002   +0.036   +0.007   -0.000 | ok
313.0 |   +0.017   +0.002   -0.002   -0.002   +0.036   +0.007   -0.000 | ok
313.2 |   +0.017   +0.002   -0.002   -0.002   +0.036   +0.007   -0.000 | ok
313.4 |   +0.017   +0.002   -0.002   -0.002   +0.036   +0.007   -0.000 | ok
313.6 |   +0.017   +0.002   -0.002   -0.002   +0.036   +0.007   -0.000 | ok
313.8 |   +0.017   +0.002   -0.002   -0.002   +0.036   +0.007   -0.000 | ok
314.0 |   +0.017   +0.002   -0.002   -0.002   +0.036   +0.007   -0.000 | ok
314.2 |   +0.017   +0.002   -0.002   -0.002   +0.036   +0.007   -0.000 | ok
314.4 |   +0.017   +0.002   -0.002   -0.002   +0.036   +0.007   -0.000 | ok
314.6 |   +0.017   +0.002   -0.002   -0.002   +0.036   +0.007   -0.000 | ok
314.8 |   +0.017   +0.002   -0.002   -0.002   +0.036   +0.007   -0.000 | ok
315.0 |   +0.017   +0.002   -0.002   -0.002   +0.036   +0.007   -0.000 | ok
315.2 |   +0.017   +0.002   -0.002   -0.002   +0.036   +0.007   -0.000 | ok
315.4 |   +0.017   +0.002   -0.002   -0.002   +0.036   +0.007   -0.000 | ok
315.6 |   +0.017   +0.002   -0.002   -0.002   +0.036   +0.007   -0.000 | ok
315.8 |   +0.017   +0.002   -0.002   -0.002   +0.036   +0.007   -0.000 | ok
316.0 |   +0.017   +0.002   -0.002   -0.002   +0.036   +0.007   -0.000 | ok
316.2 |   +0.017   +0.002   -0.002   -0.002   +0.036   +0.007   -0.000 | ok
316.4 |   +0.017   +0.002   -0.002   -0.002   +0.036   +0.007   -0.000 | ok
316.6 |   +0.017   +0.002   -0.002   -0.002   +0.036   +0.007   -0.000 | ok
316.8 |   +0.017   +0.002   -0.002   -0.002   +0.036   +0.007   -0.000 | ok
317.0 |   +0.017   +0.002   -0.002   -0.002   +0.036   +0.007   -0.000 | ok
317.2 |   +0.017   +0.002   -0.002   -0.002   +0.036   +0.007   -0.000 | ok
317.4 |   +0.017   +0.002   -0.002   -0.002   +0.036   +0.007   -0.000 | ok
317.6 |   +0.017   +0.002   -0.002   -0.002   +0.036   +0.007   -0.000 | ok
317.8 |   +0.017   +0.002   -0.002   -0.002   +0.036   +0.007   -0.000 | ok
318.0 |   +0.017   +0.002   -0.002   -0.002   +0.036   +0.007   -0.000 | ok
318.2 |   +0.017   +0.002   -0.002   -0.002   +0.036   +0.007   -0.000 | ok
318.4 |   +0.017   +0.002   -0.002   -0.002   +0.036   +0.007   -0.000 | ok
318.6 |   +0.017   +0.002   -0.002   -0.002   +0.036   +0.007   -0.000 | ok
318.8 |   +0.017   +0.002   -0.002   -0.002   +0.036   +0.007   -0.000 | ok
319.0 |   +0.017   +0.002   -0.002   -0.002   +0.036   +0.007   -0.000 | ok
319.2 |   +0.017   +0.002   -0.002   -0.002   +0.036   +0.007   -0.000 | ok
319.4 |   +0.017   +0.002   -0.002   -0.002   +0.036   +0.007   -0.000 | ok
319.6 |   +0.017   +0.002   -0.002   -0.002   +0.036   +0.007   -0.000 | ok
319.8 |   +0.017   +0.002   -0.002   -0.002   +0.036   +0.007   -0.000 | ok
320.0 |   +0.017   +0.002   -0.002   -0.002   +0.036   +0.007   -0.000 | ok
320.2 |   +0.017   +0.002   -0.002   -0.002   +0.036   +0.007   -0.000 | ok
320.4 |   +0.017   +0.002   -0.002   -0.002   +0.036   +0.007   -0.000 | ok
320.6 |   +0.017   +0.002   -0.002   -0.002   +0.036   +0.007   -0.000 | ok
320.8 |   +0.017   +0.002   -0.002   -0.002   +0.036   +0.007   -0.000 | ok
321.0 |   +0.017   +0.002   -0.002   -0.002   +0.036   +0.007   -0.000 | ok
321.2 |   +0.017   +0.002   -0.002   -0.002   +0.036   +0.007   -0.000 | ok
321.4 |   +0.017   +0.002   -0.002   -0.002   +0.036   +0.007   -0.000 | ok
321.6 |   +0.017   +0.002   -0.002   -0.002   +0.036   +0.007   -0.000 | ok
321.8 |   +0.017   +0.002   -0.002   -0.002   +0.036   +0.007   -0.000 | ok
322.0 |   +0.017   +0.002   -0.002   -0.002   +0.036   +0.007   -0.000 | ok
322.2 |   +0.017   +0.002   -0.002   -0.002   +0.036   +0.007   -0.000 | ok
322.4 |   +0.017   +0.002   -0.002   -0.002   +0.036   +0.007   -0.000 | ok
322.6 |   +0.017   +0.002   -0.002   -0.002   +0.036   +0.007   -0.000 | ok
322.8 |   +0.017   +0.002   -0.002   -0.002   +0.036   +0.007   -0.000 | ok
323.0 |   +0.017   +0.002   -0.002   -0.002   +0.036   +0.007   -0.000 | ok
323.2 |   +0.017   +0.002   -0.002   -0.002   +0.036   +0.007   -0.000 | ok
323.4 |   +0.017   +0.002   -0.002   -0.002   +0.036   +0.007   -0.000 | ok
323.6 |   +0.017   +0.002   -0.002   -0.002   +0.036   +0.007   -0.000 | ok
323.8 |   +0.017   +0.002   -0.002   -0.002   +0.036   +0.007   -0.000 | ok
324.0 |   +0.017   +0.002   -0.002   -0.002   +0.036   +0.007   -0.000 | ok
324.2 |   +0.017   +0.002   -0.002   -0.002   +0.036   +0.007   -0.000 | ok
324.4 |   +0.017   +0.002   -0.002   -0.002   +0.036   +0.007   -0.000 | ok
324.6 |   +0.017   +0.002   -0.002   -0.002   +0.036   +0.007   -0.000 | ok
324.8 |   +0.017   +0.002   -0.002   -0.002   +0.036   +0.007   -0.000 | ok
325.0 |   +0.017   +0.002   -0.002   -0.002   +0.036   +0.007   -0.000 | ok
325.2 |   +0.017   +0.002   -0.002   -0.002   +0.036   +0.007   -0.000 | ok
325.4 |   +0.017   +0.002   -0.002   -0.002   +0.036   +0.007   -0.000 | ok
325.6 |   +0.017   +0.002   -0.002   -0.002   +0.036   +0.007   -0.000 | ok
325.8 |   +0.017   +0.002   -0.002   -0.002   +0.036   +0.007   -0.000 | ok
326.0 |   +0.017   +0.002   -0.002   -0.002   +0.036   +0.007   -0.000 | ok
326.2 |   +0.017   +0.002   -0.002   -0.002   +0.036   +0.007   -0.000 | ok
326.4 |   +0.017   +0.002   -0.002   -0.002   +0.036   +0.007   -0.000 | ok
326.6 |   +0.017   +0.002   -0.002   -0.002   +0.036   +0.007   -0.000 | ok
326.8 |   +0.017   +0.002   -0.002   -0.002   +0.036   +0.007   -0.000 | ok
327.0 |   +0.017   +0.002   -0.002   -0.002   +0.036   +0.007   -0.000 | ok
327.2 |   +0.017   +0.002   -0.002   -0.002   +0.036   +0.007   -0.000 | ok
327.4 |   +0.017   +0.002   -0.002   -0.002   +0.036   +0.007   -0.000 | ok
327.6 |   +0.017   +0.002   -0.002   -0.002   +0.036   +0.007   -0.000 | ok
327.8 |   +0.017   +0.002   -0.002   -0.002   +0.036   +0.007   -0.000 | ok
328.0 |   +0.017   +0.002   -0.002   -0.002   +0.036   +0.007   -0.000 | ok
328.2 |   +0.017   +0.002   -0.002   -0.002   +0.036   +0.007   -0.000 | ok
328.4 |   +0.017   +0.002   -0.002   -0.002   +0.036   +0.007   -0.000 | ok
328.6 |   +0.017   +0.002   -0.002   -0.002   +0.036   +0.007   -0.000 | ok
328.8 |   +0.017   +0.002   -0.002   -0.002   +0.036   +0.007   -0.000 | ok
329.0 |   +0.017   +0.002   -0.002   -0.002   +0.036   +0.007   -0.000 | ok
329.2 |   +0.017   +0.002   -0.002   -0.002   +0.036   +0.007   -0.000 | ok
329.4 |   +0.017   +0.002   -0.002   -0.002   +0.036   +0.007   -0.000 | ok
329.6 |   +0.017   +0.002   -0.002   -0.002   +0.036   +0.007   -0.000 | ok
329.8 |   +0.017   +0.002   -0.002   -0.002   +0.036   +0.007   -0.000 | ok
330.0 |   +0.017   +0.002   -0.002   -0.002   +0.036   +0.007   -0.000 | ok
330.2 |   +0.017   +0.002   -0.002   -0.002   +0.036   +0.008   -0.000 | ok
330.4 |   +0.017   +0.002   -0.002   -0.002   +0.036   +0.008   -0.000 | ok
330.6 |   +0.017   +0.002   -0.002   -0.002   +0.036   +0.008   -0.000 | ok
330.8 |   +0.017   +0.002   -0.002   -0.002   +0.036   +0.008   -0.000 | ok
331.0 |   +0.017   +0.002   -0.002   -0.002   +0.036   +0.008   -0.000 | ok
331.2 |   +0.017   +0.002   -0.002   -0.002   +0.036   +0.008   -0.000 | ok
331.4 |   +0.017   +0.002   -0.002   -0.002   +0.036   +0.008   -0.000 | ok
331.6 |   +0.017   +0.002   -0.002   -0.002   +0.036   +0.008   -0.000 | ok
331.8 |   +0.017   +0.002   -0.002   -0.002   +0.036   +0.008   -0.000 | ok
332.0 |   +0.017   +0.002   -0.002   -0.002   +0.036   +0.008   -0.000 | ok
332.2 |   +0.017   +0.002   -0.002   -0.002   +0.036   +0.008   -0.000 | ok
332.4 |   +0.017   +0.002   -0.002   -0.002   +0.036   +0.008   -0.000 | ok
332.6 |   +0.017   +0.002   -0.002   -0.002   +0.036   +0.008   -0.000 | ok
332.8 |   +0.017   +0.002   -0.002   -0.002   +0.036   +0.008   -0.000 | ok
333.0 |   +0.017   +0.002   -0.002   -0.002   +0.036   +0.008   -0.000 | ok
333.2 |   +0.017   +0.002   -0.002   -0.002   +0.036   +0.008   -0.000 | ok
333.4 |   +0.017   +0.002   -0.002   -0.002   +0.036   +0.008   -0.000 | ok
333.6 |   +0.017   +0.002   -0.002   -0.002   +0.036   +0.008   -0.000 | ok
333.8 |   +0.017   +0.002   -0.002   -0.002   +0.036   +0.008   -0.000 | ok
334.0 |   +0.017   +0.002   -0.002   -0.002   +0.036   +0.008   -0.000 | ok
334.2 |   +0.017   +0.002   -0.002   -0.002   +0.036   +0.008   -0.000 | ok
334.4 |   +0.017   +0.002   -0.002   -0.002   +0.036   +0.008   -0.000 | ok
334.6 |   +0.017   +0.002   -0.002   -0.002   +0.036   +0.008   -0.000 | ok
334.8 |   +0.017   +0.002   -0.002   -0.002   +0.036   +0.008   -0.000 | ok
335.0 |   +0.017   +0.002   -0.002   -0.002   +0.036   +0.008   -0.000 | ok
335.2 |   +0.017   +0.002   -0.002   -0.002   +0.036   +0.008   -0.000 | ok
335.4 |   +0.017   +0.002   -0.002   -0.002   +0.036   +0.008   -0.000 | ok
335.6 |   +0.017   +0.002   -0.002   -0.002   +0.036   +0.008   -0.000 | ok
335.8 |   +0.017   +0.002   -0.002   -0.002   +0.036   +0.008   -0.000 | ok
336.0 |   +0.017   +0.002   -0.002   -0.002   +0.037   +0.008   -0.000 | ok
336.2 |   +0.017   +0.002   -0.002   -0.002   +0.037   +0.008   -0.000 | ok
336.4 |   +0.017   +0.002   -0.002   -0.002   +0.036   +0.008   -0.000 | ok
336.6 |   +0.017   +0.002   -0.002   -0.002   +0.036   +0.008   -0.000 | ok
336.8 |   +0.017   +0.002   -0.002   -0.002   +0.036   +0.008   -0.000 | ok
337.0 |   +0.017   +0.002   -0.002   -0.002   +0.036   +0.008   -0.000 | ok
337.2 |   +0.017   +0.002   -0.002   -0.002   +0.036   +0.008   -0.000 | ok
337.4 |   +0.017   +0.002   -0.002   -0.002   +0.036   +0.008   -0.000 | ok
337.6 |   +0.017   +0.002   -0.002   +0.003   +0.036   +0.008   -0.000 | ok
337.8 |   +0.017   +0.002   -0.002   +0.005   +0.036   +0.008   -0.000 | ok
338.0 |   +0.017   +0.002   -0.002   +0.005   +0.041   +0.008   -0.000 | ok
338.2 |   +0.017   +0.002   -0.002   +0.004   +0.048   +0.007   -0.000 | ok
338.4 |   +0.017   +0.002   -0.002   +0.001   +0.059   -0.052   -0.000 | ok
338.6 |   +0.017   +0.002   -0.001   -0.000   +0.069   -0.077   -0.000 | ok
338.8 |   +0.017   +0.002   -0.001   -0.002   +0.075   -0.054   -0.000 | ok
339.0 |   +0.017   +0.002   -0.001   -0.002   +0.076   +0.052   -0.000 | ok
339.2 |   +0.017   +0.002   -0.001   -0.002   +0.100   +0.064   -0.000 | ok
339.4 |   +0.016   +0.002   -0.001   -0.007   +0.146   +0.064   -0.000 | ok
339.6 |   +0.016   +0.002   -0.001   -0.013   +0.196   +0.064   -0.000 | ok
339.8 |   +0.016   +0.002   -0.001   -0.025   +0.274   +0.064   -0.000 | ok
340.0 |   +0.016   +0.002   -0.001   -0.037   +0.374   +0.064   -0.000 | ok
340.2 |   +0.016   +0.002   -0.001   -0.047   +0.503   +0.063   -0.000 | ok
340.4 |   +0.016   +0.002   -0.001   -0.048   +0.645   +0.063   -0.000 | ok
340.6 |   +0.016   +0.002   -0.001   -0.038   +0.817   +0.063   -0.000 | ok
340.8 |   +0.016   +0.002   -0.001   -0.019   +0.949   +0.063   -0.000 | ok
341.0 |   +0.016   +0.002   -0.001   -0.009   +0.999   +0.064   -0.000 | ok
341.2 |   +0.016   +0.002   -0.001   +0.009   +1.081   +0.064   -0.000 | ok
341.4 |   +0.016   +0.002   -0.001   +0.009   +1.084   +0.064   -0.000 | ok
341.6 |   +0.016   +0.002   -0.001   +0.010   +1.083   +0.064   -0.000 | ok
341.8 |   +0.016   +0.002   -0.001   +0.010   +1.083   +0.064   -0.000 | ok
342.0 |   +0.016   +0.002   -0.001   +0.010   +1.083   +0.064   -0.000 | ok
342.2 |   +0.016   +0.002   -0.001   +0.010   +1.084   +0.064   -0.000 | ok
342.4 |   +0.016   +0.002   -0.001   +0.010   +1.084   +0.064   -0.000 | ok
342.6 |   +0.016   +0.002   -0.001   +0.010   +1.084   +0.063   -0.000 | ok
342.8 |   +0.016   +0.002   -0.001   +0.010   +1.084   +0.064   -0.000 | ok
343.0 |   +0.016   +0.002   -0.001   +0.010   +1.084   +0.064   -0.000 | ok
343.2 |   +0.016   +0.002   -0.001   +0.010   +1.084   +0.063   -0.000 | ok
343.4 |   +0.016   +0.002   -0.001   +0.012   +1.090   +0.063   -0.000 | ok
343.6 |   +0.016   +0.002   -0.001   +0.012   +1.090   +0.063   -0.000 | ok
343.8 |   +0.017   +0.002   -0.001   +0.012   +1.090   +0.063   -0.000 | ok
344.0 |   +0.017   +0.002   -0.001   +0.012   +1.090   +0.063   -0.000 | ok
344.2 |   +0.017   +0.002   -0.001   +0.012   +1.087   +0.063   -0.000 | ok
344.4 |   +0.017   +0.002   -0.001   +0.012   +1.081   +0.063   -0.000 | ok
344.6 |   +0.017   +0.002   -0.001   +0.004   +1.052   +0.063   -0.000 | ok
344.8 |   +0.017   +0.002   -0.001   -0.003   +1.018   +0.064   -0.000 | ok
345.0 |   +0.017   +0.002   -0.001   -0.014   +0.963   +0.064   -0.000 | ok
345.2 |   +0.017   +0.002   -0.001   -0.026   +0.888   +0.064   -0.000 | ok
345.4 |   +0.017   +0.002   -0.001   -0.036   +0.806   +0.064   -0.000 | ok
345.6 |   +0.017   +0.002   -0.001   -0.045   +0.713   +0.064   -0.000 | ok
345.8 |   +0.017   +0.002   -0.001   -0.049   +0.602   +0.064   -0.000 | ok
346.0 |   +0.017   +0.002   -0.001   -0.048   +0.478   +0.064   -0.000 | ok
346.2 |   +0.017   +0.002   -0.001   -0.041   +0.356   +0.064   -0.000 | ok
346.4 |   +0.017   +0.002   -0.001   -0.030   +0.275   +0.064   -0.000 | ok
346.6 |   +0.017   +0.002   -0.001   -0.022   +0.213   +0.064   -0.000 | ok
346.8 |   +0.017   +0.002   -0.001   -0.015   +0.151   +0.064   -0.000 | ok
347.0 |   +0.017   +0.002   -0.001   -0.006   +0.084   +0.064   -0.000 | ok
347.2 |   +0.017   +0.002   -0.001   -0.003   +0.055   +0.064   -0.000 | ok
347.4 |   +0.017   +0.002   -0.001   -0.002   +0.048   +0.064   -0.000 | ok
347.6 |   +0.017   +0.002   -0.001   -0.002   +0.051   +0.064   -0.000 | ok
347.8 |   +0.017   +0.002   -0.001   -0.002   +0.062   +0.064   -0.000 | ok
348.0 |   +0.017   +0.002   -0.001   -0.002   +0.062   +0.064   -0.000 | ok
348.2 |   +0.017   +0.002   -0.001   -0.002   +0.062   +0.064   -0.000 | ok
348.4 |   +0.017   +0.002   -0.001   -0.002   +0.062   +0.064   -0.000 | ok
348.6 |   +0.017   +0.002   -0.001   -0.002   +0.062   +0.064   -0.000 | ok
348.8 |   +0.017   +0.002   -0.001   -0.002   +0.062   +0.064   -0.000 | ok
349.0 |   +0.017   +0.002   -0.001   -0.002   +0.062   +0.064   -0.000 | ok
349.2 |   +0.017   +0.002   -0.001   -0.002   +0.062   +0.064   -0.000 | ok
349.4 |   +0.017   +0.002   -0.001   -0.002   +0.062   +0.064   -0.000 | ok
349.6 |   +0.017   +0.002   -0.001   -0.002   +0.062   +0.064   -0.000 | ok
349.8 |   +0.017   +0.002   -0.001   -0.002   +0.062   +0.064   -0.000 | ok
350.0 |   +0.017   +0.002   -0.001   -0.002   +0.062   +0.064   -0.000 | ok
350.2 |   +0.017   +0.002   -0.001   -0.002   +0.062   +0.064   -0.000 | ok
350.4 |   +0.017   +0.002   -0.001   -0.002   +0.062   +0.064   -0.000 | ok
350.6 |   +0.017   +0.002   -0.001   -0.002   +0.062   +0.064   -0.000 | ok
350.8 |   +0.017   +0.002   -0.001   -0.002   +0.062   +0.064   -0.000 | ok
351.0 |   +0.017   +0.002   -0.001   -0.002   +0.062   +0.064   -0.000 | ok
351.2 |   +0.017   +0.002   -0.001   -0.002   +0.062   +0.064   -0.000 | ok
351.4 |   +0.017   +0.002   -0.001   -0.002   +0.062   +0.064   -0.000 | ok
351.6 |   +0.017   +0.002   -0.001   -0.002   +0.062   +0.064   -0.000 | ok
351.8 |   +0.017   +0.002   -0.001   -0.002   +0.062   +0.064   -0.000 | ok
352.0 |   +0.017   +0.002   -0.001   -0.002   +0.062   +0.064   -0.000 | ok
352.2 |   +0.017   +0.002   -0.001   -0.002   +0.062   +0.064   -0.000 | ok
352.4 |   +0.017   +0.002   -0.001   -0.002   +0.062   +0.064   -0.000 | ok
352.6 |   +0.017   +0.002   -0.001   -0.002   +0.062   +0.064   -0.000 | ok
352.8 |   +0.017   +0.002   -0.001   -0.002   +0.062   +0.064   -0.000 | ok
353.0 |   +0.017   +0.002   -0.001   -0.002   +0.062   +0.064   -0.000 | ok
353.2 |   +0.017   +0.002   -0.001   -0.002   +0.062   +0.064   -0.000 | ok
353.4 |   +0.017   +0.002   -0.001   -0.002   +0.062   +0.064   -0.000 | ok
353.6 |   +0.017   +0.002   -0.001   -0.002   +0.062   +0.064   -0.000 | ok
353.8 |   +0.017   +0.002   -0.001   -0.002   +0.062   +0.064   -0.000 | ok
354.0 |   +0.017   +0.002   -0.001   -0.002   +0.062   +0.064   -0.000 | ok
354.2 |   +0.017   +0.002   -0.001   -0.002   +0.062   +0.064   -0.000 | ok
354.4 |   +0.017   +0.002   -0.001   -0.002   +0.062   +0.064   -0.000 | ok
354.6 |   +0.017   +0.002   -0.001   -0.002   +0.062   +0.064   -0.000 | ok
354.8 |   +0.017   +0.002   -0.001   -0.002   +0.062   +0.064   -0.000 | ok
355.0 |   +0.017   +0.002   -0.001   -0.002   +0.062   +0.064   -0.000 | ok
355.2 |   +0.017   +0.002   -0.001   -0.002   +0.062   +0.064   -0.000 | ok
355.4 |   +0.017   +0.002   -0.001   -0.002   +0.062   +0.064   -0.000 | ok
355.6 |   +0.017   +0.002   -0.001   -0.002   +0.062   +0.064   -0.000 | ok
355.8 |   +0.017   +0.002   -0.001   -0.002   +0.062   +0.064   -0.000 | ok
356.0 |   +0.017   +0.002   -0.001   -0.002   +0.062   +0.064   -0.000 | ok
356.2 |   +0.017   +0.002   -0.001   -0.002   +0.062   +0.064   -0.000 | ok
356.4 |   +0.017   +0.002   -0.001   -0.002   +0.062   +0.064   -0.000 | ok
356.6 |   +0.017   +0.002   -0.001   -0.002   +0.062   +0.064   -0.000 | ok
356.8 |   +0.017   +0.002   -0.001   -0.002   +0.062   +0.064   -0.000 | ok
357.0 |   +0.017   +0.002   -0.001   -0.002   +0.062   +0.064   -0.000 | ok
357.2 |   +0.017   +0.002   -0.001   -0.002   +0.062   +0.064   -0.000 | ok
357.4 |   +0.017   +0.002   -0.001   -0.002   +0.062   +0.064   -0.000 | ok
357.6 |   +0.017   +0.002   -0.001   -0.002   +0.062   +0.064   -0.000 | ok
357.8 |   +0.017   +0.002   -0.001   -0.002   +0.062   +0.064   -0.000 | ok
358.0 |   +0.017   +0.002   -0.001   -0.002   +0.062   +0.064   -0.000 | ok
358.2 |   +0.017   +0.002   -0.001   -0.002   +0.062   +0.064   -0.000 | ok
358.4 |   +0.017   +0.002   -0.001   -0.002   +0.062   +0.064   -0.000 | ok
358.6 |   +0.017   +0.002   -0.001   -0.002   +0.062   +0.064   -0.000 | ok
358.8 |   +0.017   +0.002   -0.001   -0.002   +0.062   +0.064   -0.000 | ok
359.0 |   +0.017   +0.002   -0.001   -0.002   +0.062   +0.064   -0.000 | ok
359.2 |   +0.017   +0.002   -0.001   -0.002   +0.062   +0.064   -0.000 | ok
359.4 |   +0.017   +0.002   -0.001   -0.002   +0.062   +0.064   -0.000 | ok
359.6 |   +0.017   +0.002   -0.001   -0.002   +0.062   +0.064   -0.000 | ok
359.8 |   +0.017   +0.002   -0.001   -0.002   +0.062   +0.064   -0.000 | ok
360.0 |   +0.017   +0.002   -0.001   -0.002   +0.062   +0.064   -0.000 | ok
360.2 |   +0.017   +0.002   -0.001   -0.002   +0.062   +0.064   -0.000 | ok
360.4 |   +0.017   +0.002   -0.001   -0.002   +0.062   +0.064   -0.000 | ok
360.6 |   +0.017   +0.002   -0.001   -0.002   +0.062   +0.064   -0.000 | ok
360.8 |   +0.017   +0.002   -0.001   -0.002   +0.062   +0.064   -0.000 | ok
361.0 |   +0.017   +0.002   -0.001   -0.002   +0.062   +0.064   -0.000 | ok
361.2 |   +0.017   +0.002   -0.001   -0.002   +0.062   +0.064   -0.000 | ok
361.4 |   +0.017   +0.002   -0.001   -0.002   +0.062   +0.064   -0.000 | ok
361.6 |   +0.017   +0.002   -0.001   -0.002   +0.062   +0.064   -0.000 | ok
361.8 |   +0.017   +0.002   -0.001   -0.002   +0.062   +0.064   -0.000 | ok
362.0 |   +0.017   +0.002   -0.001   -0.002   +0.062   +0.064   -0.000 | ok
362.2 |   +0.017   +0.002   -0.001   -0.002   +0.062   +0.064   -0.000 | ok
362.4 |   +0.017   +0.002   -0.001   -0.002   +0.062   +0.064   -0.000 | ok
362.6 |   +0.017   +0.002   -0.001   -0.002   +0.062   +0.064   -0.000 | ok
362.8 |   +0.017   +0.002   -0.001   -0.002   +0.062   +0.064   -0.000 | ok
363.0 |   +0.017   +0.002   -0.001   -0.002   +0.062   +0.064   -0.000 | ok
363.2 |   +0.017   +0.002   -0.001   -0.002   +0.062   +0.064   -0.000 | ok
363.4 |   +0.017   +0.002   -0.001   -0.002   +0.062   +0.064   -0.000 | ok
363.6 |   +0.017   +0.002   -0.001   -0.002   +0.062   +0.064   -0.000 | ok
363.8 |   +0.017   +0.002   -0.001   -0.002   +0.062   +0.064   -0.000 | ok
364.0 |   +0.017   +0.002   -0.001   -0.002   +0.062   +0.064   -0.000 | ok
364.2 |   +0.017   +0.002   -0.001   -0.002   +0.062   +0.064   -0.000 | ok
364.4 |   +0.017   +0.002   -0.001   -0.002   +0.062   +0.064   -0.000 | ok
364.6 |   +0.017   +0.002   -0.001   -0.002   +0.062   +0.064   -0.000 | ok
364.8 |   +0.017   +0.002   -0.001   -0.002   +0.062   +0.064   -0.000 | ok
365.0 |   +0.017   +0.002   -0.001   -0.002   +0.062   +0.064   -0.000 | ok
365.2 |   +0.017   +0.002   -0.001   -0.002   +0.062   +0.064   -0.000 | ok
365.4 |   +0.017   +0.002   -0.001   -0.002   +0.062   +0.064   -0.000 | ok
365.6 |   +0.017   +0.002   -0.001   -0.002   +0.062   +0.086   -0.000 | ok
365.8 |   +0.017   +0.002   -0.001   -0.002   +0.062   +0.186   -0.000 | ok
366.0 |   +0.017   +0.002   -0.001   -0.002   +0.062   +0.327   -0.000 | ok
366.2 |   +0.017   +0.002   -0.001   -0.002   +0.062   +0.478   -0.000 | ok
366.4 |   +0.017   +0.002   -0.001   -0.002   +0.062   +0.634   -0.000 | ok
366.6 |   +0.017   +0.002   -0.001   -0.002   +0.062   +0.804   -0.000 | ok
366.8 |   +0.017   +0.002   -0.001   -0.002   +0.062   +0.980   -0.000 | ok
367.0 |   +0.017   +0.002   -0.001   -0.002   +0.062   +1.156   -0.000 | ok
367.2 |   +0.017   +0.002   -0.001   -0.002   +0.062   +1.274   -0.000 | ok
367.4 |   +0.017   +0.002   -0.001   -0.002   +0.062   +1.287   -0.000 | ok
367.6 |   +0.017   +0.002   -0.001   -0.002   +0.062   +1.287   -0.000 | ok
367.8 |   +0.017   +0.002   -0.001   -0.002   +0.062   +1.287   -0.000 | ok
368.0 |   +0.017   +0.002   -0.001   -0.002   +0.062   +1.287   -0.000 | ok
368.2 |   +0.017   +0.002   -0.001   -0.002   +0.062   +1.287   -0.000 | ok
368.4 |   +0.017   +0.002   -0.001   -0.002   +0.062   +1.288   -0.000 | ok
368.6 |   +0.017   +0.002   -0.001   -0.002   +0.062   +1.288   -0.000 | ok
368.8 |   +0.017   +0.002   -0.001   -0.002   +0.062   +1.296   -0.000 | ok
369.0 |   +0.017   +0.002   -0.001   -0.002   +0.062   +1.295   -0.000 | ok
369.2 |   +0.017   +0.002   -0.001   -0.002   +0.065   +1.295   -0.000 | ok
369.4 |   +0.017   +0.002   -0.001   -0.002   +0.065   +1.295   -0.000 | ok
369.6 |   +0.017   +0.002   -0.001   -0.002   +0.065   +1.294   -0.000 | ok
369.8 |   +0.017   +0.002   -0.001   -0.002   +0.065   +1.280   -0.000 | ok
370.0 |   +0.017   +0.002   -0.001   -0.002   +0.065   +1.171   -0.000 | ok
370.2 |   +0.017   +0.002   -0.001   -0.002   +0.065   +1.034   -0.000 | ok
370.4 |   +0.017   +0.002   -0.001   -0.002   +0.065   +0.892   -0.000 | ok
370.6 |   +0.017   +0.002   -0.001   -0.002   +0.065   +0.749   -0.000 | ok
370.8 |   +0.017   +0.002   -0.001   -0.002   +0.066   +0.602   -0.000 | ok
371.0 |   +0.017   +0.002   -0.001   -0.002   +0.066   +0.458   -0.000 | ok
371.2 |   +0.017   +0.002   -0.001   -0.002   +0.066   +0.318   -0.000 | ok
371.4 |   +0.017   +0.002   -0.001   -0.002   +0.066   +0.196   -0.000 | ok
371.6 |   +0.017   +0.002   -0.001   -0.002   +0.066   +0.113   -0.000 | ok
371.8 |   +0.017   +0.002   -0.001   -0.002   +0.066   +0.097   -0.000 | ok
372.0 |   +0.017   +0.002   -0.001   -0.002   +0.066   +0.031   -0.000 | ok
372.2 |   +0.017   +0.002   -0.001   -0.002   +0.066   +0.030   -0.000 | ok
372.4 |   +0.017   +0.002   -0.001   -0.002   +0.066   +0.029   -0.000 | ok
372.6 |   +0.017   +0.002   -0.001   -0.002   +0.066   +0.027   -0.000 | ok
372.8 |   +0.017   +0.002   -0.001   -0.002   +0.066   +0.026   -0.000 | ok
373.0 |   +0.017   +0.002   -0.001   -0.002   +0.066   +0.026   -0.000 | ok
373.2 |   +0.017   +0.002   -0.001   -0.002   +0.066   +0.026   -0.000 | ok
373.4 |   +0.017   +0.002   -0.001   -0.002   +0.067   +0.025   -0.000 | ok
373.6 |   +0.017   +0.002   -0.001   -0.002   +0.070   -0.008   -0.000 | ok
373.8 |   +0.017   +0.002   -0.001   -0.002   +0.070   -0.004   -0.000 | ok
374.0 |   +0.017   +0.002   -0.001   -0.002   +0.070   +0.002   -0.000 | ok
374.2 |   +0.017   +0.002   -0.001   -0.002   +0.070   +0.002   -0.000 | ok
374.4 |   +0.017   +0.002   -0.001   -0.002   +0.070   +0.002   -0.000 | ok
374.6 |   +0.017   +0.002   -0.001   -0.002   +0.070   +0.002   -0.000 | ok
374.8 |   +0.017   +0.002   -0.001   -0.002   +0.070   +0.002   -0.000 | ok
375.0 |   +0.017   +0.002   -0.001   -0.002   +0.070   +0.002   -0.000 | ok
375.2 |   +0.017   +0.002   -0.001   -0.002   +0.070   +0.002   -0.000 | ok
375.4 |   +0.017   +0.002   -0.001   -0.002   +0.070   +0.002   -0.000 | ok
375.6 |   +0.017   +0.002   -0.001   -0.002   +0.070   +0.002   -0.000 | ok
375.8 |   +0.017   +0.002   -0.001   -0.002   +0.070   +0.002   -0.000 | ok
376.0 |   +0.017   +0.002   -0.001   -0.002   +0.070   +0.002   -0.000 | ok
376.2 |   +0.017   +0.002   -0.001   -0.002   +0.070   +0.002   -0.000 | ok
376.4 |   +0.017   +0.002   -0.001   -0.002   +0.070   +0.002   -0.000 | ok
376.6 |   +0.017   +0.002   -0.001   -0.002   +0.070   +0.002   -0.000 | ok
376.8 |   +0.017   +0.002   -0.001   -0.002   +0.070   +0.002   -0.000 | ok
377.0 |   +0.017   +0.002   -0.001   -0.002   +0.070   +0.002   -0.000 | ok
377.2 |   +0.017   +0.002   -0.001   -0.002   +0.070   +0.002   -0.000 | ok
377.4 |   +0.017   +0.002   -0.001   -0.002   +0.070   +0.002   -0.000 | ok
377.6 |   +0.017   +0.002   -0.001   -0.002   +0.070   +0.002   -0.000 | ok
377.8 |   +0.017   +0.002   -0.001   -0.002   +0.070   +0.002   -0.000 | ok
378.0 |   +0.017   +0.002   -0.001   -0.002   +0.070   +0.002   -0.000 | ok
378.2 |   +0.017   +0.002   -0.001   -0.002   +0.070   +0.002   -0.000 | ok
378.4 |   +0.017   +0.002   -0.001   -0.002   +0.070   +0.002   -0.000 | ok
378.6 |   +0.017   +0.002   -0.001   -0.002   +0.070   +0.002   -0.000 | ok
378.8 |   +0.017   +0.002   -0.001   -0.002   +0.072   +0.002   -0.001 | ok
379.0 |   +0.017   +0.002   -0.001   -0.002   +0.074   +0.002   -0.003 | ok
379.2 |   +0.017   +0.002   -0.001   -0.002   +0.073   +0.001   -0.012 | ok
379.4 |   +0.017   +0.002   -0.001   -0.002   +0.073   -0.001   -0.046 | ok
379.6 |   +0.017   +0.002   -0.001   -0.002   +0.073   -0.001   -0.074 | ok
379.8 |   +0.017   +0.002   -0.001   -0.002   +0.073   -0.001   -0.080 | ok
380.0 |   +0.017   +0.002   -0.001   -0.002   +0.073   -0.001   -0.083 | ok
380.2 |   +0.017   +0.002   -0.001   -0.002   +0.073   -0.001   -0.083 | ok
380.4 |   +0.017   +0.002   -0.001   -0.002   +0.073   -0.001   -0.171 | ok
380.6 |   +0.017   +0.002   -0.001   -0.003   +0.073   -0.001   -0.306 | ok
380.8 |   +0.017   +0.002   -0.001   -0.003   +0.070   -0.001   -0.437 | ok
381.0 |   +0.017   +0.002   -0.001   -0.003   +0.065   -0.001   -0.508 | ok
381.2 |   +0.017   +0.002   -0.001   -0.003   +0.065   -0.001   -0.603 | ok
381.4 |   +0.017   +0.002   -0.001   -0.003   +0.064   -0.001   -0.749 | ok
381.6 |   +0.017   +0.002   -0.001   -0.004   +0.063   -0.001   -0.870 | ok
381.8 |   +0.017   +0.002   -0.001   -0.004   +0.061   -0.000   -0.945 | ok
382.0 |   +0.017   +0.002   -0.001   -0.004   +0.061   -0.000   -1.093 | ok
382.2 |   +0.017   +0.002   -0.001   -0.006   +0.060   -0.000   -1.237 | ok
382.4 |   +0.017   +0.002   -0.001   -0.006   +0.057   -0.000   -1.326 | ok
382.6 |   +0.017   +0.002   -0.001   -0.005   +0.057   +0.000   -1.476 | ok
382.8 |   +0.017   +0.002   -0.001   -0.004   +0.055   +0.001   -1.621 | ok
383.0 |   +0.017   +0.002   -0.001   -0.004   +0.054   +0.003   -1.707 | ok
383.2 |   +0.017   +0.002   -0.001   -0.003   +0.050   +0.003   -1.776 | ok
383.4 |   +0.017   +0.002   -0.001   -0.002   +0.054   +0.003   -1.776 | ok
383.6 |   +0.017   +0.002   -0.001   -0.002   +0.054   +0.003   -1.776 | ok
383.8 |   +0.017   +0.002   -0.001   -0.002   +0.054   +0.003   -1.776 | ok
384.0 |   +0.017   +0.002   -0.001   -0.002   +0.054   +0.003   -1.776 | ok
384.2 |   +0.017   +0.002   -0.001   -0.002   +0.054   +0.003   -1.776 | ok
384.4 |   +0.017   +0.002   -0.001   -0.002   +0.054   +0.003   -1.776 | ok
384.6 |   +0.017   +0.002   -0.001   -0.002   +0.054   +0.003   -1.776 | ok
384.8 |   +0.017   +0.002   -0.001   -0.002   +0.054   +0.003   -1.776 | ok
385.0 |   +0.017   +0.002   -0.001   -0.002   +0.054   +0.003   -1.776 | ok
385.2 |   +0.017   +0.002   -0.001   -0.002   +0.054   +0.003   -1.776 | ok
385.4 |   +0.017   +0.002   -0.001   -0.002   +0.054   +0.002   -1.776 | ok
385.6 |   +0.017   +0.002   -0.001   -0.002   +0.054   +0.002   -1.776 | ok
385.8 |   +0.017   +0.002   -0.001   -0.002   +0.054   +0.002   -1.776 | ok
386.0 |   +0.017   +0.002   -0.001   -0.002   +0.054   +0.002   -1.774 | ok
386.2 |   +0.017   +0.002   -0.001   -0.002   +0.054   +0.003   -1.773 | ok
386.4 |   +0.017   +0.002   -0.001   -0.002   +0.054   +0.002   -1.736 | ok
386.6 |   +0.017   +0.002   -0.001   -0.002   +0.054   +0.002   -1.617 | ok
386.8 |   +0.017   +0.002   -0.001   -0.002   +0.056   +0.002   -1.464 | ok
387.0 |   +0.017   +0.002   -0.001   -0.002   +0.057   -0.000   -1.333 | ok
387.2 |   +0.017   +0.002   -0.001   -0.002   +0.057   -0.001   -1.158 | ok
387.4 |   +0.017   +0.002   -0.001   -0.002   +0.058   -0.001   -0.978 | ok
387.6 |   +0.017   +0.002   -0.001   -0.002   +0.058   -0.001   -0.790 | ok
387.8 |   +0.017   +0.002   -0.001   -0.002   +0.058   -0.001   -0.590 | ok
388.0 |   +0.017   +0.002   -0.001   -0.002   +0.058   -0.001   -0.386 | ok
388.2 |   +0.017   +0.002   -0.001   -0.002   +0.058   -0.001   -0.185 | ok
388.4 |   +0.017   +0.002   -0.001   -0.002   +0.057   -0.001   -0.005 | ok
388.6 |   +0.017   +0.002   -0.001   -0.002   +0.058   -0.001   +0.008 | ok
388.8 |   +0.017   +0.002   -0.001   -0.002   +0.058   -0.000   +0.008 | ok
389.0 |   +0.017   +0.002   -0.001   -0.002   +0.057   +0.000   +0.008 | ok
389.2 |   +0.017   +0.002   -0.001   -0.002   +0.057   +0.000   +0.008 | ok
389.4 |   +0.017   +0.002   -0.001   -0.002   +0.057   +0.000   +0.008 | ok
389.6 |   +0.017   +0.002   -0.001   -0.002   +0.057   +0.000   +0.008 | ok
389.8 |   +0.017   +0.002   -0.001   -0.002   +0.057   +0.000   +0.008 | ok
390.0 |   +0.017   +0.002   -0.001   -0.002   +0.057   +0.000   +0.008 | ok
390.2 |   +0.017   +0.002   -0.001   -0.002   +0.057   +0.000   +0.008 | ok
390.4 |   +0.017   +0.002   -0.001   -0.002   +0.057   +0.000   +0.008 | ok
390.6 |   +0.017   +0.002   -0.001   -0.002   +0.057   +0.000   +0.008 | ok
390.8 |   +0.017   +0.002   -0.001   -0.002   +0.057   +0.000   +0.008 | ok
391.0 |   +0.017   +0.002   -0.001   -0.002   +0.057   +0.000   +0.008 | ok
391.2 |   +0.017   +0.002   -0.001   -0.002   +0.057   +0.000   +0.008 | ok
391.4 |   +0.017   +0.002   -0.001   -0.002   +0.057   +0.000   +0.008 | ok
391.6 |   +0.017   +0.002   -0.001   -0.002   +0.057   +0.000   +0.008 | ok
391.8 |   +0.017   +0.002   -0.001   -0.002   +0.057   +0.000   +0.008 | ok
392.0 |   +0.017   +0.002   -0.001   -0.002   +0.057   +0.000   +0.008 | ok
392.2 |   +0.017   +0.002   -0.001   -0.002   +0.057   +0.000   +0.008 | ok
392.4 |   +0.017   +0.002   -0.001   -0.002   +0.057   +0.000   +0.008 | ok
392.6 |   +0.017   +0.002   -0.001   -0.002   +0.057   +0.000   +0.008 | ok
392.8 |   +0.017   +0.002   -0.001   -0.002   +0.057   +0.000   +0.008 | ok
393.0 |   +0.017   +0.002   -0.001   -0.002   +0.057   +0.000   +0.008 | ok
393.2 |   +0.017   +0.002   -0.001   -0.002   +0.057   +0.000   +0.008 | ok
393.4 |   +0.017   +0.002   -0.001   -0.002   +0.057   +0.000   +0.008 | ok
393.6 |   +0.017   +0.002   -0.001   -0.002   +0.057   +0.000   +0.008 | ok
393.8 |   +0.017   +0.002   -0.001   -0.002   +0.057   +0.000   +0.008 | ok
394.0 |   +0.017   +0.002   -0.001   -0.002   +0.057   +0.000   +0.008 | ok
394.2 |   +0.017   +0.002   -0.001   -0.002   +0.057   +0.000   +0.008 | ok
394.4 |   +0.017   +0.002   -0.001   -0.002   +0.057   +0.000   +0.008 | ok
394.6 |   +0.017   +0.002   -0.001   -0.002   +0.057   +0.000   +0.008 | ok
394.8 |   +0.017   +0.002   -0.001   -0.002   +0.057   +0.000   +0.008 | ok
395.0 |   +0.017   +0.002   -0.001   -0.002   +0.057   +0.000   +0.008 | ok
395.2 |   +0.017   +0.002   -0.001   -0.002   +0.057   +0.000   +0.008 | ok
395.4 |   +0.017   +0.002   -0.001   -0.002   +0.057   +0.000   +0.008 | ok
395.6 |   +0.017   +0.002   -0.001   -0.002   +0.057   +0.000   +0.008 | ok
395.8 |   +0.017   +0.002   -0.001   -0.002   +0.057   +0.000   +0.008 | ok
396.0 |   +0.017   +0.002   -0.001   -0.002   +0.057   +0.000   +0.008 | ok
396.2 |   +0.017   +0.002   -0.001   -0.002   +0.057   +0.000   +0.008 | ok
396.4 |   +0.017   +0.002   -0.001   -0.002   +0.057   +0.000   +0.008 | ok
396.6 |   +0.017   +0.002   -0.001   -0.002   +0.057   +0.000   +0.008 | ok
396.8 |   +0.017   +0.002   -0.001   -0.002   +0.057   +0.000   +0.008 | ok
397.0 |   +0.017   +0.002   -0.001   -0.002   +0.057   +0.000   +0.008 | ok
397.2 |   +0.017   +0.002   -0.001   -0.002   +0.057   +0.000   +0.008 | ok
397.4 |   +0.017   +0.002   -0.001   -0.002   +0.057   +0.000   +0.008 | ok
397.6 |   +0.017   +0.002   -0.001   -0.002   +0.057   +0.000   +0.008 | ok
397.8 |   +0.017   +0.002   -0.001   -0.002   +0.057   +0.000   +0.008 | ok
398.0 |   +0.017   +0.002   -0.001   -0.002   +0.057   +0.000   +0.008 | ok
398.2 |   +0.017   +0.002   -0.001   -0.002   +0.057   +0.000   +0.008 | ok
398.4 |   +0.017   +0.002   -0.001   -0.002   +0.057   +0.000   +0.008 | ok
398.6 |   +0.017   +0.002   -0.001   -0.002   +0.057   +0.000   +0.008 | ok
398.8 |   +0.017   +0.002   -0.001   -0.002   +0.057   +0.000   +0.008 | ok
399.0 |   +0.017   +0.002   -0.001   -0.002   +0.057   +0.000   +0.008 | ok
399.2 |   +0.017   +0.002   -0.001   -0.002   +0.057   +0.000   +0.008 | ok
399.4 |   +0.017   +0.002   -0.001   -0.002   +0.057   +0.000   +0.008 | ok
399.6 |   +0.017   +0.002   -0.001   -0.002   +0.057   +0.000   +0.008 | ok
399.8 |   +0.017   +0.002   -0.001   -0.002   +0.057   +0.000   +0.008 | ok
400.0 |   +0.017   +0.002   -0.001   -0.002   +0.057   +0.000   +0.008 | ok
400.2 |   +0.017   +0.002   -0.001   -0.002   +0.057   +0.000   +0.008 | ok
400.4 |   +0.017   +0.002   -0.001   -0.002   +0.057   +0.000   +0.008 | ok
400.6 |   +0.017   +0.002   -0.001   -0.002   +0.057   +0.000   +0.008 | ok
400.8 |   +0.017   +0.002   -0.001   -0.002   +0.057   +0.000   +0.008 | ok
401.0 |   +0.017   +0.002   -0.001   -0.002   +0.057   +0.000   +0.008 | ok
401.2 |   +0.017   +0.002   -0.001   -0.002   +0.057   +0.000   +0.008 | ok
401.4 |   +0.017   +0.002   -0.001   -0.002   +0.057   +0.000   +0.008 | ok
401.6 |   +0.017   +0.002   -0.001   -0.002   +0.057   +0.000   +0.008 | ok
401.8 |   +0.017   +0.002   -0.001   -0.002   +0.057   +0.000   +0.008 | ok
402.0 |   +0.017   +0.002   -0.001   -0.002   +0.057   +0.000   +0.008 | ok
402.2 |   +0.017   +0.002   -0.001   -0.002   +0.057   +0.000   +0.008 | ok
402.4 |   +0.017   +0.002   -0.001   -0.002   +0.057   +0.000   +0.008 | ok
402.6 |   +0.017   +0.002   -0.001   -0.002   +0.057   +0.000   +0.008 | ok
402.8 |   +0.017   +0.002   -0.001   -0.002   +0.057   +0.000   +0.008 | ok
403.0 |   +0.017   +0.002   -0.001   -0.002   +0.057   +0.000   +0.008 | ok
403.2 |   +0.017   +0.002   -0.001   -0.002   +0.057   +0.000   +0.008 | ok
403.4 |   +0.017   +0.002   -0.001   -0.002   +0.057   +0.000   +0.008 | ok
403.6 |   +0.017   +0.002   -0.001   -0.002   +0.057   +0.000   +0.008 | ok
403.8 |   +0.017   +0.002   -0.001   -0.002   +0.057   +0.000   +0.008 | ok
404.0 |   +0.017   +0.002   -0.001   -0.002   +0.057   +0.000   +0.008 | ok
404.2 |   +0.017   +0.002   -0.001   -0.002   +0.057   +0.000   +0.008 | ok
404.4 |   +0.017   +0.002   -0.001   -0.002   +0.057   +0.000   +0.008 | ok
404.6 |   +0.017   +0.002   -0.001   -0.002   +0.057   +0.000   +0.008 | ok
404.8 |   +0.017   +0.002   -0.001   -0.002   +0.057   +0.000   +0.008 | ok
405.0 |   +0.017   +0.002   -0.001   -0.002   +0.057   +0.000   +0.008 | ok
405.2 |   +0.017   +0.002   -0.001   -0.002   +0.057   +0.000   +0.008 | ok
405.4 |   +0.017   +0.002   -0.001   -0.002   +0.057   +0.000   +0.008 | ok
405.6 |   +0.017   +0.002   -0.001   -0.002   +0.057   +0.000   +0.008 | ok
405.8 |   +0.017   +0.002   -0.001   -0.002   +0.057   +0.000   +0.008 | ok
406.0 |   +0.017   +0.002   -0.001   -0.002   +0.057   +0.000   +0.008 | ok
406.2 |   +0.017   +0.002   -0.001   -0.002   +0.057   +0.000   +0.008 | ok
406.4 |   +0.017   +0.002   -0.001   -0.002   +0.057   +0.000   +0.008 | ok
406.6 |   +0.017   +0.002   -0.001   -0.002   +0.057   +0.000   +0.008 | ok
406.8 |   +0.017   +0.002   -0.001   -0.002   +0.057   +0.000   +0.008 | ok
407.0 |   +0.017   +0.002   -0.001   -0.002   +0.057   +0.000   +0.008 | ok
407.2 |   +0.017   +0.002   -0.001   -0.002   +0.057   +0.000   +0.008 | ok
407.4 |   +0.017   +0.002   -0.001   -0.002   +0.057   +0.000   +0.008 | ok
407.6 |   +0.017   +0.002   -0.001   -0.002   +0.057   +0.000   +0.008 | ok
407.8 |   +0.017   +0.002   -0.001   -0.002   +0.057   +0.000   +0.008 | ok
408.0 |   +0.017   +0.002   -0.001   -0.002   +0.057   +0.000   +0.008 | ok
408.2 |   +0.017   +0.002   -0.001   -0.002   +0.057   +0.000   +0.008 | ok
408.4 |   +0.017   +0.002   -0.001   -0.002   +0.057   +0.000   +0.008 | ok
408.6 |   +0.017   +0.002   -0.001   -0.002   +0.057   +0.000   +0.008 | ok
408.8 |   +0.017   +0.002   -0.001   -0.002   +0.057   +0.000   +0.008 | ok
409.0 |   +0.017   +0.002   -0.001   -0.002   +0.057   +0.000   +0.008 | ok
409.2 |   +0.017   +0.002   -0.001   -0.002   +0.057   +0.000   +0.008 | ok
409.4 |   +0.017   +0.002   -0.001   -0.002   +0.057   +0.000   +0.008 | ok
409.6 |   +0.017   +0.002   -0.001   -0.002   +0.057   +0.000   +0.008 | ok
409.8 |   +0.017   +0.002   -0.001   -0.002   +0.057   +0.000   +0.008 | ok
410.0 |   +0.017   +0.002   -0.001   -0.002   +0.057   +0.000   +0.008 | ok
410.2 |   +0.017   +0.002   -0.001   -0.002   +0.057   +0.000   +0.008 | ok
410.4 |   +0.017   +0.002   -0.001   -0.002   +0.057   +0.000   +0.008 | ok
410.6 |   +0.017   +0.002   -0.001   -0.002   +0.057   +0.000   +0.008 | ok
410.8 |   +0.017   +0.002   -0.001   -0.002   +0.057   +0.000   +0.008 | ok
411.0 |   +0.017   +0.002   -0.001   -0.002   +0.057   +0.000   +0.008 | ok
411.2 |   +0.017   +0.002   -0.001   -0.002   +0.057   +0.000   +0.008 | ok
411.4 |   +0.017   +0.002   -0.001   -0.002   +0.057   +0.000   +0.008 | ok
411.6 |   +0.017   +0.002   -0.001   -0.002   +0.057   +0.000   +0.008 | ok
411.8 |   +0.017   +0.002   -0.001   -0.002   +0.057   +0.000   +0.008 | ok
412.0 |   +0.017   +0.002   -0.001   -0.002   +0.057   +0.000   +0.008 | ok
412.2 |   +0.017   +0.002   -0.001   -0.002   +0.057   +0.000   +0.008 | ok
412.4 |   +0.017   +0.002   -0.001   -0.002   +0.057   +0.000   +0.008 | ok
412.6 |   +0.017   +0.002   -0.001   -0.002   +0.057   +0.000   +0.008 | ok
412.8 |   +0.017   +0.002   -0.001   -0.002   +0.057   +0.000   +0.008 | ok
413.0 |   +0.017   +0.002   -0.001   -0.002   +0.057   +0.000   +0.008 | ok
413.2 |   +0.017   +0.002   -0.001   -0.002   +0.057   +0.000   +0.008 | ok
413.4 |   +0.017   +0.002   -0.001   -0.002   +0.057   +0.000   +0.008 | ok
413.6 |   +0.017   +0.002   -0.001   -0.002   +0.057   +0.000   +0.008 | ok
413.8 |   +0.017   +0.002   -0.001   -0.002   +0.057   +0.000   +0.008 | ok
414.0 |   +0.017   +0.002   -0.001   -0.002   +0.057   +0.000   +0.008 | ok
414.2 |   +0.017   +0.002   -0.001   -0.002   +0.057   +0.000   +0.008 | ok
414.4 |   +0.017   +0.002   -0.001   -0.002   +0.057   +0.000   +0.008 | ok
414.6 |   +0.017   +0.002   -0.001   -0.002   +0.057   +0.000   +0.008 | ok
414.8 |   +0.017   +0.002   -0.001   -0.002   +0.057   +0.000   +0.008 | ok
415.0 |   +0.017   +0.002   -0.001   -0.002   +0.057   +0.000   +0.008 | ok
415.2 |   +0.017   +0.002   -0.001   -0.002   +0.057   +0.000   +0.008 | ok
415.4 |   +0.017   +0.002   -0.001   -0.002   +0.057   +0.000   +0.008 | ok
415.6 |   +0.017   +0.002   -0.001   -0.002   +0.057   +0.000   +0.008 | ok
415.8 |   +0.017   +0.002   -0.001   -0.002   +0.057   +0.000   +0.008 | ok
416.0 |   +0.017   +0.002   -0.001   -0.002   +0.057   +0.000   +0.008 | ok
416.2 |   +0.017   +0.002   -0.001   -0.002   +0.057   +0.000   +0.008 | ok
416.4 |   +0.017   +0.002   -0.001   -0.002   +0.057   +0.000   +0.008 | ok
416.6 |   +0.017   +0.002   -0.001   -0.002   +0.057   +0.000   +0.008 | ok
416.8 |   +0.017   +0.002   -0.001   -0.002   +0.057   +0.000   +0.008 | ok
417.0 |   +0.017   +0.002   -0.001   -0.002   +0.057   +0.000   +0.008 | ok
417.2 |   +0.017   +0.002   -0.001   -0.002   +0.057   +0.000   +0.008 | ok
417.4 |   +0.017   +0.002   -0.001   -0.002   +0.057   +0.000   +0.008 | ok
417.6 |   +0.017   +0.002   -0.001   -0.002   +0.057   +0.000   +0.008 | ok
417.8 |   +0.017   +0.002   -0.001   -0.002   +0.057   +0.000   +0.008 | ok
418.0 |   +0.017   +0.002   -0.001   -0.002   +0.057   +0.000   +0.008 | ok
418.2 |   +0.017   +0.002   -0.001   -0.002   +0.057   +0.000   +0.008 | ok
418.4 |   +0.017   +0.002   -0.001   -0.002   +0.057   +0.000   +0.008 | ok
418.6 |   +0.017   +0.002   -0.001   -0.002   +0.057   +0.000   +0.008 | ok
418.8 |   +0.017   +0.002   -0.001   -0.002   +0.057   +0.000   +0.008 | ok
419.0 |   +0.017   +0.002   -0.001   -0.002   +0.057   +0.000   +0.008 | ok
419.2 |   +0.017   +0.002   -0.001   -0.002   +0.057   +0.000   +0.008 | ok
419.4 |   +0.017   +0.002   -0.001   -0.002   +0.057   +0.000   +0.008 | ok
419.6 |   +0.017   +0.002   -0.001   -0.002   +0.057   +0.000   +0.008 | ok
419.8 |   +0.017   +0.002   -0.001   -0.002   +0.057   +0.000   +0.008 | ok
420.0 |   +0.017   +0.002   -0.001   -0.002   +0.057   +0.000   +0.008 | ok
420.2 |   +0.017   +0.002   -0.001   -0.002   +0.057   +0.000   +0.008 | ok
420.4 |   +0.017   +0.002   -0.001   -0.002   +0.057   +0.000   +0.008 | ok
420.6 |   +0.017   +0.002   -0.001   -0.002   +0.057   +0.000   +0.008 | ok
420.8 |   +0.017   +0.002   -0.001   -0.002   +0.057   +0.000   +0.008 | ok
421.0 |   +0.017   +0.002   -0.001   -0.002   +0.057   +0.000   +0.008 | ok
421.2 |   +0.017   +0.002   -0.001   -0.002   +0.057   +0.000   +0.008 | ok
421.4 |   +0.017   +0.002   -0.001   -0.002   +0.057   +0.000   +0.008 | ok
421.6 |   +0.017   +0.002   -0.001   -0.002   +0.057   +0.000   +0.008 | ok
421.8 |   +0.017   +0.002   -0.001   -0.002   +0.057   +0.000   +0.008 | ok
422.0 |   +0.017   +0.002   -0.001   -0.002   +0.057   +0.000   +0.008 | ok
422.2 |   +0.017   +0.002   -0.001   -0.002   +0.057   +0.000   +0.008 | ok
422.4 |   +0.017   +0.002   -0.001   -0.002   +0.057   +0.000   +0.008 | ok
422.6 |   +0.017   +0.002   -0.001   -0.002   +0.057   +0.000   +0.008 | ok
422.8 |   +0.017   +0.002   -0.001   -0.002   +0.057   +0.000   +0.008 | ok
423.0 |   +0.017   +0.002   -0.001   -0.002   +0.057   +0.000   +0.008 | ok
423.2 |   +0.017   +0.002   -0.001   -0.002   +0.057   +0.000   +0.008 | ok
423.4 |   +0.017   +0.002   -0.001   -0.002   +0.057   +0.000   +0.008 | ok
423.6 |   +0.017   +0.002   -0.001   -0.002   +0.057   +0.000   +0.008 | ok
423.8 |   +0.017   +0.002   -0.001   -0.002   +0.057   +0.000   +0.008 | ok
424.0 |   +0.017   +0.002   -0.001   -0.002   +0.057   +0.000   +0.008 | ok
424.2 |   +0.017   +0.002   -0.001   -0.002   +0.057   +0.000   +0.008 | ok
424.4 |   +0.017   +0.002   -0.001   -0.002   +0.057   +0.000   +0.008 | ok
424.6 |   +0.017   +0.002   -0.001   -0.002   +0.057   +0.000   +0.008 | ok
424.8 |   +0.017   +0.002   -0.001   -0.002   +0.057   +0.000   +0.008 | ok
425.0 |   +0.017   +0.002   -0.001   -0.002   +0.057   +0.000   +0.008 | ok
425.2 |   +0.017   +0.002   -0.001   -0.002   +0.057   +0.000   +0.008 | ok
425.4 |   +0.017   +0.002   -0.001   -0.002   +0.057   +0.000   +0.008 | ok
425.6 |   +0.017   +0.002   -0.001   -0.002   +0.057   +0.000   +0.008 | ok
425.8 |   +0.017   +0.002   -0.001   -0.002   +0.057   +0.000   +0.008 | ok
426.0 |   +0.017   +0.002   -0.001   -0.002   +0.057   +0.000   +0.008 | ok
426.2 |   +0.017   +0.002   -0.001   -0.002   +0.057   +0.000   +0.008 | ok
426.4 |   +0.017   +0.002   -0.001   -0.002   +0.057   +0.000   +0.008 | ok
426.6 |   +0.017   +0.002   -0.001   -0.002   +0.057   +0.000   +0.008 | ok
426.8 |   +0.017   +0.002   -0.001   -0.002   +0.057   +0.000   +0.008 | ok
427.0 |   +0.017   +0.002   -0.001   -0.002   +0.057   +0.000   +0.008 | ok
427.2 |   +0.017   +0.002   -0.001   -0.002   +0.057   +0.000   +0.008 | ok
427.4 |   +0.017   +0.002   -0.001   -0.002   +0.057   +0.000   +0.008 | ok
427.6 |   +0.017   +0.002   -0.001   -0.002   +0.057   +0.000   +0.008 | ok
427.8 |   +0.017   +0.002   -0.001   -0.002   +0.057   +0.000   +0.008 | ok
428.0 |   +0.017   +0.002   -0.001   -0.002   +0.057   +0.000   +0.008 | ok
428.2 |   +0.017   +0.002   -0.001   -0.002   +0.057   +0.000   +0.008 | ok
428.4 |   +0.017   +0.002   -0.001   -0.002   +0.057   +0.000   +0.008 | ok
428.6 |   +0.017   +0.002   -0.001   -0.002   +0.057   +0.000   +0.008 | ok
428.8 |   +0.017   +0.002   -0.001   -0.002   +0.057   +0.000   +0.008 | ok
429.0 |   +0.017   +0.002   -0.001   -0.002   +0.057   +0.000   +0.008 | ok
429.2 |   +0.017   +0.002   -0.001   -0.002   +0.057   +0.000   +0.008 | ok
429.4 |   +0.017   +0.002   -0.001   -0.002   +0.057   +0.000   +0.008 | ok
429.6 |   +0.017   +0.002   -0.001   -0.002   +0.057   +0.000   +0.008 | ok
429.8 |   +0.017   +0.002   -0.001   -0.002   +0.057   +0.000   +0.008 | ok
430.0 |   +0.017   +0.002   -0.001   -0.002   +0.057   +0.000   +0.008 | ok
430.2 |   +0.017   +0.002   -0.001   -0.002   +0.057   +0.000   +0.008 | ok
430.4 |   +0.017   +0.002   -0.001   -0.002   +0.057   +0.000   +0.008 | ok
430.6 |   +0.017   +0.002   -0.001   -0.002   +0.057   +0.000   +0.008 | ok
430.8 |   +0.017   +0.002   -0.001   -0.002   +0.057   +0.000   +0.008 | ok
431.0 |   +0.017   +0.002   -0.001   -0.002   +0.057   +0.000   +0.008 | ok
431.2 |   +0.017   +0.002   -0.001   -0.002   +0.057   +0.000   +0.008 | ok
431.4 |   +0.017   +0.002   -0.001   -0.002   +0.057   +0.000   +0.008 | ok
431.6 |   +0.017   +0.002   -0.001   -0.002   +0.057   +0.000   +0.008 | ok
431.8 |   +0.017   +0.002   -0.001   -0.002   +0.057   +0.000   +0.008 | ok
432.0 |   +0.017   +0.002   -0.001   -0.002   +0.057   +0.000   +0.008 | ok
432.2 |   +0.017   +0.002   -0.001   -0.002   +0.057   +0.000   +0.008 | ok
432.4 |   +0.017   +0.002   -0.001   -0.002   +0.057   +0.000   +0.008 | ok
432.6 |   +0.017   +0.002   -0.001   -0.002   +0.057   +0.000   +0.008 | ok
432.8 |   +0.017   +0.002   -0.001   -0.002   +0.057   +0.000   +0.008 | ok
433.0 |   +0.017   +0.002   -0.001   -0.002   +0.057   +0.000   +0.008 | ok
433.2 |   +0.017   +0.002   -0.001   -0.002   +0.057   +0.000   +0.008 | ok
433.4 |   +0.017   +0.002   -0.001   -0.002   +0.057   +0.000   +0.008 | ok
433.6 |   +0.017   +0.002   -0.001   -0.002   +0.057   +0.000   +0.008 | ok
433.8 |   +0.017   +0.002   -0.001   -0.002   +0.057   +0.000   +0.008 | ok
434.0 |   +0.017   +0.002   -0.001   -0.002   +0.057   +0.000   +0.008 | ok
434.2 |   +0.017   +0.002   -0.001   -0.002   +0.057   +0.000   +0.008 | ok
434.4 |   +0.017   +0.002   -0.001   -0.002   +0.057   +0.000   +0.008 | ok
434.6 |   +0.017   +0.002   -0.001   -0.002   +0.057   +0.000   +0.008 | ok
434.8 |   +0.017   +0.002   -0.001   -0.002   +0.057   +0.000   +0.008 | ok
435.0 |   +0.017   +0.002   -0.001   -0.002   +0.057   +0.000   +0.008 | ok
435.2 |   +0.017   +0.002   -0.001   -0.002   +0.057   +0.000   +0.008 | ok
435.4 |   +0.017   +0.002   -0.001   -0.002   +0.057   +0.000   +0.008 | ok
435.6 |   +0.017   +0.002   -0.001   -0.002   +0.057   +0.000   +0.008 | ok
435.8 |   +0.017   +0.002   -0.001   -0.002   +0.057   +0.000   +0.008 | ok
436.0 |   +0.017   +0.002   -0.001   -0.002   +0.057   +0.000   +0.008 | ok
436.2 |   +0.017   +0.002   -0.001   -0.002   +0.057   +0.000   +0.008 | ok
436.4 |   +0.017   +0.002   -0.001   -0.002   +0.057   +0.000   +0.008 | ok
436.6 |   +0.017   +0.002   -0.001   -0.002   +0.057   +0.000   +0.008 | ok
436.8 |   +0.017   +0.002   -0.001   -0.002   +0.057   +0.000   +0.008 | ok
437.0 |   +0.017   +0.002   -0.001   -0.002   +0.057   +0.000   +0.008 | ok
437.2 |   +0.017   +0.002   -0.001   -0.002   +0.057   +0.000   +0.008 | ok
437.4 |   +0.017   +0.002   -0.001   -0.002   +0.057   +0.000   +0.008 | ok
437.6 |   +0.017   +0.002   -0.001   -0.002   +0.057   +0.000   +0.008 | ok
437.8 |   +0.017   +0.002   -0.001   -0.002   +0.057   +0.000   +0.008 | ok
438.0 |   +0.017   +0.002   -0.001   -0.002   +0.057   +0.000   +0.008 | ok
438.2 |   +0.017   +0.002   -0.001   -0.002   +0.057   +0.000   +0.008 | ok
438.4 |   +0.017   +0.002   -0.001   -0.002   +0.057   +0.000   +0.008 | ok
438.6 |   +0.017   +0.002   -0.001   -0.002   +0.057   +0.000   +0.008 | ok
438.8 |   +0.017   +0.002   -0.001   -0.002   +0.057   +0.000   +0.008 | ok
439.0 |   +0.017   +0.002   -0.001   -0.002   +0.057   +0.000   +0.008 | ok
439.2 |   +0.017   +0.002   -0.001   -0.002   +0.057   +0.000   +0.008 | ok
439.4 |   +0.017   +0.002   -0.001   -0.002   +0.057   +0.000   +0.008 | ok
439.6 |   +0.017   +0.002   -0.001   -0.002   +0.057   +0.000   +0.008 | ok
439.8 |   +0.017   +0.002   -0.001   -0.002   +0.057   +0.000   +0.008 | ok
440.0 |   +0.017   +0.002   -0.001   -0.002   +0.057   +0.000   +0.008 | ok
440.2 |   +0.017   +0.002   -0.001   -0.002   +0.057   +0.000   +0.008 | ok
440.4 |   +0.017   +0.002   -0.001   -0.002   +0.057   +0.000   +0.008 | ok
440.6 |   +0.017   +0.002   -0.001   -0.002   +0.057   +0.000   +0.008 | ok
440.8 |   +0.017   +0.002   -0.001   -0.002   +0.057   +0.000   +0.008 | ok
441.0 |   +0.017   +0.002   -0.001   -0.002   +0.057   +0.000   +0.008 | ok
441.2 |   +0.017   +0.002   -0.001   -0.002   +0.057   +0.000   +0.008 | ok
441.4 |   +0.017   +0.002   -0.001   -0.002   +0.057   +0.000   +0.008 | ok
441.6 |   +0.017   +0.002   -0.001   -0.002   +0.057   +0.000   +0.008 | ok
441.8 |   +0.017   +0.002   -0.001   -0.002   +0.057   +0.000   +0.008 | ok
442.0 |   +0.017   +0.002   -0.001   -0.002   +0.057   +0.000   +0.008 | ok
442.2 |   +0.017   +0.002   -0.001   -0.002   +0.057   +0.000   +0.008 | ok
442.4 |   +0.017   +0.002   -0.001   -0.002   +0.057   +0.000   +0.008 | ok
442.6 |   +0.017   +0.002   -0.001   -0.002   +0.057   +0.000   +0.008 | ok
442.8 |   +0.017   +0.002   -0.001   -0.002   +0.057   +0.000   +0.008 | ok
443.0 |   +0.017   +0.002   -0.001   -0.002   +0.057   +0.000   +0.008 | ok
443.2 |   +0.017   +0.002   -0.001   -0.002   +0.057   +0.000   +0.008 | ok
443.4 |   +0.017   +0.002   -0.001   -0.002   +0.057   +0.000   +0.008 | ok
443.6 |   +0.017   +0.002   -0.001   -0.002   +0.057   +0.000   +0.008 | ok
443.8 |   +0.017   +0.002   -0.001   -0.002   +0.057   +0.000   +0.008 | ok
444.0 |   +0.017   +0.002   -0.001   -0.002   +0.057   +0.000   +0.008 | ok
444.2 |   +0.017   +0.002   -0.001   -0.002   +0.057   +0.000   +0.008 | ok
444.4 |   +0.017   +0.002   -0.001   -0.002   +0.057   +0.000   +0.008 | ok
444.6 |   +0.017   +0.002   -0.001   -0.002   +0.057   +0.000   +0.008 | ok
444.8 |   +0.017   +0.002   -0.001   -0.002   +0.057   +0.000   +0.008 | ok
445.0 |   +0.017   +0.002   -0.001   -0.002   +0.057   +0.000   +0.008 | ok
445.2 |   +0.017   +0.002   -0.001   -0.002   +0.057   +0.000   +0.008 | ok
445.4 |   +0.017   +0.002   -0.001   -0.002   +0.057   +0.000   +0.008 | ok
445.6 |   +0.017   +0.002   -0.001   -0.002   +0.057   +0.000   +0.008 | ok
445.8 |   +0.017   +0.002   -0.001   -0.002   +0.057   +0.000   +0.008 | ok
446.0 |   +0.017   +0.002   -0.001   -0.002   +0.057   +0.000   +0.008 | ok
446.2 |   +0.017   +0.002   -0.001   -0.002   +0.057   +0.000   +0.008 | ok
446.4 |   +0.017   +0.002   -0.001   -0.002   +0.057   +0.000   +0.008 | ok
446.6 |   +0.017   +0.002   -0.001   -0.002   +0.057   +0.000   +0.008 | ok
446.8 |   +0.017   +0.002   -0.001   -0.002   +0.057   +0.000   +0.008 | ok
447.0 |   +0.017   +0.002   -0.001   -0.002   +0.057   +0.000   +0.008 | ok
447.2 |   +0.017   +0.002   -0.001   -0.002   +0.057   +0.000   +0.008 | ok
447.4 |   +0.017   +0.002   -0.001   -0.002   +0.057   +0.000   +0.008 | ok
447.6 |   +0.017   +0.002   -0.001   -0.002   +0.057   +0.000   +0.008 | ok
447.8 |   +0.017   +0.002   -0.001   -0.002   +0.057   +0.000   +0.008 | ok
448.0 |   +0.017   +0.002   -0.001   -0.002   +0.057   +0.000   +0.008 | ok
448.2 |   +0.017   +0.002   -0.001   -0.002   +0.057   +0.000   +0.008 | ok
448.4 |   +0.017   +0.002   -0.001   -0.002   +0.057   +0.000   +0.008 | ok
448.6 |   +0.017   +0.002   -0.001   -0.002   +0.057   +0.000   +0.008 | ok
448.8 |   +0.017   +0.002   -0.001   -0.002   +0.057   +0.000   +0.008 | ok
449.0 |   +0.017   +0.002   -0.001   -0.002   +0.057   +0.000   +0.008 | ok
449.2 |   +0.017   +0.002   -0.001   -0.002   +0.057   +0.000   +0.008 | ok
449.4 |   +0.017   +0.002   -0.001   -0.002   +0.057   +0.000   +0.008 | ok
449.6 |   +0.017   +0.002   -0.001   -0.002   +0.057   +0.000   +0.008 | ok
449.8 |   +0.017   +0.002   -0.001   -0.002   +0.057   +0.000   +0.008 | ok
450.0 |   +0.017   +0.002   -0.001   -0.002   +0.057   +0.000   +0.008 | ok
450.2 |   +0.017   +0.002   -0.001   -0.002   +0.057   +0.000   +0.008 | ok
450.4 |   +0.017   +0.002   -0.001   -0.002   +0.057   +0.000   +0.008 | ok
450.6 |   +0.017   +0.002   -0.001   -0.002   +0.057   +0.000   +0.008 | ok
450.8 |   +0.017   +0.002   -0.001   -0.002   +0.057   +0.000   +0.008 | ok
451.0 |   +0.017   +0.002   -0.001   -0.002   +0.057   +0.000   +0.008 | ok
451.2 |   +0.017   +0.002   -0.001   -0.002   +0.057   +0.000   +0.008 | ok
451.4 |   +0.017   +0.002   -0.001   -0.002   +0.057   +0.000   +0.008 | ok
451.6 |   +0.017   +0.002   -0.001   -0.002   +0.057   +0.000   +0.008 | ok
451.8 |   +0.017   +0.002   -0.001   -0.002   +0.057   +0.000   +0.008 | ok
452.0 |   +0.017   +0.002   -0.001   -0.002   +0.057   +0.000   +0.008 | ok
452.2 |   +0.017   +0.002   -0.001   -0.002   +0.057   +0.000   +0.008 | ok
452.4 |   +0.017   +0.002   -0.001   -0.002   +0.057   +0.000   +0.008 | ok
452.6 |   +0.017   +0.002   -0.001   -0.002   +0.057   +0.000   +0.008 | ok
452.8 |   +0.017   +0.002   -0.001   -0.002   +0.057   +0.000   +0.008 | ok
453.0 |   +0.017   +0.002   -0.001   -0.002   +0.057   +0.000   +0.008 | ok
453.2 |   +0.017   +0.002   -0.001   -0.002   +0.057   +0.000   +0.008 | ok
453.4 |   +0.017   +0.002   -0.001   -0.002   +0.057   +0.000   +0.008 | ok
453.6 |   +0.017   +0.002   -0.001   -0.002   +0.057   +0.000   +0.008 | ok
453.8 |   +0.017   +0.002   -0.001   -0.002   +0.057   +0.000   +0.008 | ok
454.0 |   +0.017   +0.002   -0.001   -0.002   +0.057   +0.000   +0.008 | ok
454.2 |   +0.017   +0.002   -0.001   -0.002   +0.057   +0.000   +0.008 | ok
454.4 |   +0.017   +0.002   -0.001   -0.002   +0.057   +0.000   +0.008 | ok
454.6 |   +0.017   +0.002   -0.001   -0.002   +0.057   +0.000   +0.008 | ok
454.8 |   +0.017   +0.002   -0.001   -0.002   +0.057   +0.000   +0.008 | ok
455.0 |   +0.017   +0.002   -0.001   -0.002   +0.057   +0.000   +0.008 | ok
455.2 |   +0.017   +0.002   -0.001   -0.002   +0.057   +0.000   +0.008 | ok
455.4 |   +0.017   +0.002   -0.001   -0.002   +0.057   +0.000   +0.008 | ok
455.6 |   +0.017   +0.002   -0.001   -0.002   +0.057   +0.000   +0.008 | ok
455.8 |   +0.017   +0.002   -0.001   -0.002   +0.057   +0.000   +0.008 | ok
456.0 |   +0.017   +0.002   -0.001   -0.002   +0.057   +0.000   +0.008 | ok
456.2 |   +0.017   +0.002   -0.001   -0.002   +0.057   +0.000   +0.008 | ok
456.4 |   +0.017   +0.002   -0.001   -0.002   +0.057   +0.000   +0.008 | ok
456.6 |   +0.017   +0.002   -0.001   -0.002   +0.057   +0.000   +0.008 | ok
456.8 |   +0.017   +0.002   -0.001   -0.002   +0.057   +0.000   +0.008 | ok
457.0 |   +0.017   +0.002   -0.001   -0.002   +0.057   +0.000   +0.008 | ok
457.2 |   +0.017   +0.002   -0.001   -0.002   +0.057   +0.000   +0.008 | ok
457.4 |   +0.017   +0.002   -0.001   -0.002   +0.057   +0.000   +0.008 | ok
457.6 |   +0.017   +0.002   -0.001   -0.002   +0.057   +0.000   +0.008 | ok
457.8 |   +0.017   +0.002   -0.001   -0.002   +0.057   +0.000   +0.008 | ok
458.0 |   +0.017   +0.002   -0.001   -0.002   +0.057   +0.000   +0.008 | ok
458.2 |   +0.017   +0.002   -0.001   -0.002   +0.057   +0.000   +0.008 | ok
458.4 |   +0.017   +0.002   -0.001   -0.002   +0.057   +0.000   +0.008 | ok
458.6 |   +0.017   +0.002   -0.001   -0.002   +0.057   +0.000   +0.008 | ok
458.8 |   +0.017   +0.002   -0.001   -0.002   +0.057   +0.000   +0.008 | ok
459.0 |   +0.017   +0.002   -0.001   -0.002   +0.057   +0.000   +0.008 | ok
459.2 |   +0.017   +0.002   -0.001   -0.002   +0.057   +0.000   +0.008 | ok
459.4 |   +0.017   +0.002   -0.001   -0.002   +0.057   +0.000   +0.008 | ok
459.6 |   +0.017   +0.002   -0.001   -0.002   +0.057   +0.000   +0.008 | ok
459.8 |   +0.017   +0.002   -0.001   -0.002   +0.057   +0.000   +0.008 | ok
460.0 |   +0.017   +0.002   -0.001   -0.002   +0.057   +0.000   +0.008 | ok
460.2 |   +0.017   +0.002   -0.001   -0.002   +0.057   +0.000   +0.008 | ok
460.4 |   +0.017   +0.002   -0.001   -0.002   +0.057   +0.000   +0.008 | ok
460.6 |   +0.017   +0.002   -0.001   -0.002   +0.057   +0.000   +0.008 | ok
460.8 |   +0.017   +0.002   -0.001   -0.002   +0.057   +0.000   +0.008 | ok
461.0 |   +0.017   +0.002   -0.001   -0.002   +0.057   +0.000   +0.008 | ok
461.2 |   +0.017   +0.002   -0.001   -0.002   +0.057   +0.000   +0.008 | ok
461.4 |   +0.017   +0.002   -0.001   -0.002   +0.057   +0.000   +0.008 | ok
461.6 |   +0.017   +0.002   -0.001   -0.002   +0.057   +0.000   +0.008 | ok
461.8 |   +0.017   +0.002   -0.001   -0.002   +0.057   +0.000   +0.008 | ok
462.0 |   +0.017   +0.002   -0.001   -0.002   +0.057   +0.000   +0.008 | ok
462.2 |   +0.017   +0.002   -0.001   -0.002   +0.057   +0.000   +0.008 | ok
462.4 |   +0.017   +0.002   -0.001   -0.002   +0.057   +0.000   +0.008 | ok
462.6 |   +0.017   +0.002   -0.001   -0.002   +0.057   +0.000   +0.008 | ok
462.8 |   +0.017   +0.002   -0.001   -0.002   +0.057   +0.000   +0.008 | ok
463.0 |   +0.017   +0.002   -0.001   -0.002   +0.057   +0.000   +0.008 | ok
463.2 |   +0.017   +0.002   -0.001   -0.002   +0.057   +0.000   +0.008 | ok
463.4 |   +0.017   +0.002   -0.001   -0.002   +0.057   +0.000   +0.008 | ok
463.6 |   +0.017   +0.002   -0.001   -0.002   +0.057   +0.000   +0.008 | ok
463.8 |   +0.017   +0.002   -0.001   -0.002   +0.057   +0.000   +0.008 | ok
464.0 |   +0.017   +0.002   -0.001   -0.002   +0.057   +0.000   +0.008 | ok
464.2 |   +0.017   +0.002   -0.001   -0.002   +0.057   +0.000   +0.008 | ok
464.5 |   +0.017   +0.002   -0.001   -0.002   +0.057   +0.000   +0.008 | ok
464.7 |   +0.017   +0.002   -0.001   -0.002   +0.057   +0.000   +0.008 | ok
464.9 |   +0.017   +0.002   -0.001   -0.002   +0.057   +0.000   +0.008 | ok
465.1 |   +0.017   +0.002   -0.001   -0.002   +0.057   +0.000   +0.008 | ok
465.3 |   +0.017   +0.002   -0.001   -0.002   +0.057   +0.000   +0.008 | ok
465.5 |   +0.017   +0.002   -0.001   -0.002   +0.057   +0.000   +0.008 | ok
465.7 |   +0.017   +0.002   -0.001   -0.002   +0.057   +0.000   +0.008 | ok
465.9 |   +0.017   +0.002   -0.001   -0.002   +0.057   +0.000   +0.008 | ok
466.1 |   +0.017   +0.002   -0.001   -0.002   +0.057   +0.000   +0.008 | ok
466.3 |   +0.017   +0.002   -0.001   -0.002   +0.057   +0.000   +0.008 | ok
466.5 |   +0.017   +0.002   -0.001   -0.002   +0.057   +0.000   +0.008 | ok
466.7 |   +0.017   +0.002   -0.001   -0.002   +0.057   +0.000   +0.008 | ok
466.9 |   +0.017   +0.002   -0.001   -0.002   +0.057   +0.000   +0.008 | ok
467.1 |   +0.017   +0.002   -0.001   -0.002   +0.057   +0.000   +0.008 | ok
467.3 |   +0.017   +0.002   -0.001   -0.002   +0.057   +0.000   +0.008 | ok
467.5 |   +0.017   +0.002   -0.001   -0.002   +0.057   +0.000   +0.008 | ok
467.7 |   +0.017   +0.002   -0.001   -0.002   +0.057   +0.000   +0.008 | ok
467.9 |   +0.017   +0.002   -0.001   -0.002   +0.057   +0.000   +0.008 | ok
468.1 |   +0.017   +0.002   -0.001   -0.002   +0.057   +0.000   +0.008 | ok
468.3 |   +0.017   +0.002   -0.001   -0.002   +0.057   +0.000   +0.008 | ok
468.5 |   +0.017   +0.002   -0.001   -0.002   +0.057   +0.000   +0.008 | ok
468.7 |   +0.017   +0.002   -0.001   -0.002   +0.057   +0.000   +0.008 | ok
468.9 |   +0.017   +0.002   -0.001   -0.002   +0.057   +0.000   +0.008 | ok
469.1 |   +0.017   +0.002   -0.001   -0.002   +0.057   +0.000   +0.008 | ok
469.3 |   +0.017   +0.002   -0.001   -0.002   +0.057   +0.000   +0.008 | ok
469.5 |   +0.017   +0.002   -0.001   -0.002   +0.057   +0.000   +0.008 | ok
469.7 |   +0.017   +0.002   -0.001   -0.002   +0.057   +0.000   +0.008 | ok
469.9 |   +0.017   +0.002   -0.001   -0.002   +0.057   +0.000   +0.008 | ok
470.1 |   +0.017   +0.002   -0.001   -0.002   +0.057   +0.000   +0.008 | ok
470.3 |   +0.017   +0.002   -0.001   -0.002   +0.057   +0.000   +0.008 | ok
470.5 |   +0.017   +0.002   -0.001   -0.002   +0.057   +0.000   +0.008 | ok
470.7 |   +0.017   +0.002   -0.001   -0.002   +0.057   +0.000   +0.008 | ok
470.9 |   +0.017   +0.002   -0.001   -0.002   +0.057   +0.000   +0.008 | ok
471.1 |   +0.017   +0.002   -0.001   -0.002   +0.057   +0.000   +0.008 | ok
471.3 |   +0.017   +0.002   -0.001   -0.002   +0.057   +0.000   +0.008 | ok
471.5 |   +0.017   +0.002   -0.001   -0.002   +0.057   +0.000   +0.008 | ok
471.7 |   +0.017   +0.002   -0.001   -0.002   +0.057   +0.000   +0.008 | ok
471.9 |   +0.017   +0.002   -0.001   -0.002   +0.057   +0.000   +0.008 | ok
472.1 |   +0.017   +0.002   -0.001   -0.002   +0.057   +0.000   +0.008 | ok
472.3 |   +0.017   +0.002   -0.001   -0.002   +0.057   +0.000   +0.008 | ok
472.5 |   +0.017   +0.002   -0.001   -0.002   +0.057   +0.000   +0.008 | ok
472.7 |   +0.017   +0.002   -0.001   -0.002   +0.057   +0.000   +0.008 | ok
472.9 |   +0.017   +0.002   -0.001   -0.002   +0.057   +0.000   +0.008 | ok
473.1 |   +0.017   +0.002   -0.001   -0.002   +0.057   +0.000   +0.008 | ok
473.3 |   +0.017   +0.002   -0.001   -0.002   +0.057   +0.000   +0.008 | ok
473.5 |   +0.017   +0.002   -0.001   -0.002   +0.057   +0.000   +0.008 | ok
473.7 |   +0.017   +0.002   -0.001   -0.002   +0.057   +0.000   +0.008 | ok
473.9 |   +0.017   +0.002   -0.001   -0.002   +0.057   +0.000   +0.008 | ok
474.1 |   +0.017   +0.002   -0.001   -0.002   +0.057   +0.000   +0.008 | ok
474.3 |   +0.017   +0.002   -0.001   -0.002   +0.057   +0.000   +0.008 | ok
474.5 |   +0.017   +0.002   -0.001   -0.002   +0.057   +0.000   +0.008 | ok
474.7 |   +0.017   +0.002   -0.001   -0.002   +0.057   +0.000   +0.008 | ok
474.9 |   +0.017   +0.002   -0.001   -0.002   +0.057   +0.000   +0.008 | ok
475.1 |   +0.017   +0.002   -0.001   -0.002   +0.057   +0.000   +0.008 | ok
475.3 |   +0.017   +0.002   -0.001   -0.002   +0.057   +0.000   +0.008 | ok
475.5 |   +0.017   +0.002   -0.001   -0.002   +0.057   +0.000   +0.008 | ok
475.7 |   +0.017   +0.002   -0.001   -0.002   +0.057   +0.000   +0.008 | ok
475.9 |   +0.017   +0.002   -0.001   -0.002   +0.057   +0.000   +0.008 | ok
476.1 |   +0.017   +0.002   -0.001   -0.002   +0.057   +0.000   +0.008 | ok
476.3 |   +0.017   +0.002   -0.001   -0.002   +0.057   +0.000   +0.008 | ok
476.5 |   +0.017   +0.002   -0.001   -0.002   +0.057   +0.000   +0.008 | ok
476.7 |   +0.017   +0.002   -0.001   -0.002   +0.057   +0.000   +0.008 | ok
476.9 |   +0.017   +0.002   -0.001   -0.002   +0.057   +0.000   +0.008 | ok
477.1 |   +0.017   +0.002   -0.001   -0.002   +0.057   +0.000   +0.008 | ok
477.3 |   +0.017   +0.002   -0.001   -0.002   +0.057   +0.000   +0.008 | ok
477.5 |   +0.017   +0.002   -0.001   -0.002   +0.057   +0.000   +0.008 | ok
477.7 |   +0.017   +0.002   -0.001   -0.002   +0.057   +0.000   +0.008 | ok
477.9 |   +0.017   +0.002   -0.001   -0.002   +0.057   +0.000   +0.008 | ok
478.1 |   +0.017   +0.002   -0.001   -0.002   +0.057   +0.000   +0.008 | ok
478.3 |   +0.017   +0.002   -0.001   -0.002   +0.057   +0.000   +0.008 | ok
478.5 |   +0.017   +0.002   -0.001   -0.002   +0.057   +0.000   +0.008 | ok
478.7 |   +0.017   +0.002   -0.001   -0.002   +0.057   +0.000   +0.008 | ok
478.9 |   +0.017   +0.002   -0.001   -0.002   +0.057   +0.000   +0.008 | ok
479.1 |   +0.017   +0.002   -0.001   -0.002   +0.057   +0.000   +0.008 | ok
479.3 |   +0.017   +0.002   -0.001   -0.002   +0.057   +0.000   +0.008 | ok
479.5 |   +0.017   +0.002   -0.001   -0.002   +0.057   +0.000   +0.008 | ok
479.7 |   +0.017   +0.002   -0.001   -0.002   +0.057   +0.000   +0.008 | ok
479.9 |   +0.017   +0.002   -0.001   -0.002   +0.057   +0.000   +0.008 | ok
480.1 |   +0.017   +0.002   -0.001   -0.002   +0.057   +0.000   +0.008 | ok
480.3 |   +0.017   +0.002   -0.001   -0.002   +0.057   +0.000   +0.008 | ok
480.5 |   +0.017   +0.002   -0.001   -0.002   +0.057   +0.000   +0.008 | ok
480.7 |   +0.017   +0.002   -0.001   -0.002   +0.057   +0.000   +0.008 | ok
480.9 |   +0.017   +0.002   -0.001   -0.002   +0.057   +0.000   +0.008 | ok
481.1 |   +0.017   +0.002   -0.001   -0.002   +0.057   +0.000   +0.008 | ok
481.3 |   +0.017   +0.002   -0.001   -0.002   +0.057   +0.000   +0.008 | ok
481.5 |   +0.017   +0.002   -0.001   -0.002   +0.057   +0.000   +0.008 | ok
481.7 |   +0.017   +0.002   -0.001   -0.002   +0.057   +0.000   +0.008 | ok
481.9 |   +0.017   +0.002   -0.001   -0.002   +0.057   +0.000   +0.008 | ok
482.1 |   +0.017   +0.002   -0.001   -0.002   +0.057   +0.000   +0.008 | ok
482.3 |   +0.017   +0.002   -0.001   -0.002   +0.057   +0.000   +0.008 | ok
482.5 |   +0.017   +0.002   -0.001   -0.002   +0.057   +0.000   +0.008 | ok
482.7 |   +0.017   +0.002   -0.001   -0.002   +0.057   +0.000   +0.008 | ok
482.9 |   +0.017   +0.002   -0.001   -0.002   +0.057   +0.000   +0.008 | ok
483.1 |   +0.017   +0.002   -0.001   -0.002   +0.057   +0.000   +0.008 | ok
483.3 |   +0.017   +0.002   -0.001   -0.002   +0.057   +0.000   +0.008 | ok
483.5 |   +0.017   +0.002   -0.001   -0.002   +0.057   +0.000   +0.008 | ok
483.7 |   +0.017   +0.002   -0.001   -0.002   +0.057   +0.000   +0.008 | ok
483.9 |   +0.017   +0.002   -0.001   -0.002   +0.057   +0.000   +0.008 | ok
484.1 |   +0.017   +0.002   -0.001   -0.002   +0.057   +0.000   +0.008 | ok
484.3 |   +0.017   +0.002   -0.001   -0.002   +0.057   +0.000   +0.008 | ok
484.5 |   +0.017   +0.002   -0.001   -0.002   +0.057   +0.000   +0.008 | ok
484.7 |   +0.017   +0.002   -0.001   -0.002   +0.057   +0.000   +0.008 | ok
484.9 |   +0.017   +0.002   -0.001   -0.002   +0.057   +0.000   +0.008 | ok
485.1 |   +0.017   +0.002   -0.001   -0.002   +0.057   +0.000   +0.008 | ok
485.3 |   +0.017   +0.002   -0.001   -0.002   +0.057   +0.000   +0.008 | ok
485.5 |   +0.017   +0.002   -0.001   -0.002   +0.057   +0.000   +0.008 | ok
485.7 |   +0.017   +0.002   -0.001   -0.002   +0.057   +0.000   +0.008 | ok
485.9 |   +0.017   +0.002   -0.001   -0.002   +0.057   +0.000   +0.008 | ok
486.1 |   +0.017   +0.002   -0.001   -0.002   +0.057   +0.000   +0.008 | ok
486.3 |   +0.017   +0.002   -0.001   -0.002   +0.057   +0.000   +0.008 | ok
486.5 |   +0.017   +0.002   -0.001   -0.002   +0.057   +0.000   +0.008 | ok
486.7 |   +0.017   +0.002   -0.001   -0.002   +0.057   +0.000   +0.008 | ok
486.9 |   +0.017   +0.002   -0.001   -0.002   +0.057   +0.000   +0.008 | ok
487.1 |   +0.017   +0.002   -0.001   -0.002   +0.057   +0.000   +0.008 | ok
487.3 |   +0.017   +0.002   -0.001   -0.002   +0.057   +0.000   +0.008 | ok
487.5 |   +0.017   +0.002   -0.001   -0.002   +0.057   +0.000   +0.008 | ok
487.7 |   +0.017   +0.002   -0.001   -0.002   +0.057   +0.000   +0.008 | ok
487.9 |   +0.017   +0.002   -0.001   -0.002   +0.057   +0.000   +0.008 | ok
488.1 |   +0.017   +0.002   -0.001   -0.002   +0.057   +0.000   +0.008 | ok
488.3 |   +0.017   +0.002   -0.001   -0.002   +0.057   +0.000   +0.008 | ok
488.5 |   +0.017   +0.002   -0.001   -0.002   +0.057   +0.000   +0.008 | ok
488.7 |   +0.017   +0.002   -0.001   -0.002   +0.057   +0.000   +0.008 | ok
488.9 |   +0.017   +0.002   -0.001   -0.002   +0.057   +0.000   +0.008 | ok
489.1 |   +0.017   +0.002   -0.001   -0.002   +0.057   +0.000   +0.008 | ok
489.3 |   +0.017   +0.002   -0.001   -0.002   +0.057   +0.000   +0.008 | ok
489.5 |   +0.017   +0.002   -0.001   -0.002   +0.057   +0.000   +0.008 | ok
489.7 |   +0.017   +0.002   -0.001   -0.002   +0.057   +0.000   +0.008 | ok
489.9 |   +0.017   +0.002   -0.001   -0.002   +0.057   +0.000   +0.008 | ok
490.1 |   +0.017   +0.002   -0.001   -0.002   +0.057   +0.000   +0.008 | ok
490.3 |   +0.017   +0.002   -0.001   -0.002   +0.057   +0.000   +0.008 | ok
490.5 |   +0.017   +0.002   -0.001   -0.002   +0.057   +0.000   +0.008 | ok
490.7 |   +0.017   +0.002   -0.001   -0.002   +0.057   +0.000   +0.008 | ok
490.9 |   +0.017   +0.002   -0.001   -0.002   +0.057   +0.000   +0.008 | ok
491.1 |   +0.017   +0.002   -0.001   -0.002   +0.057   +0.000   +0.008 | ok
491.3 |   +0.017   +0.002   -0.001   -0.002   +0.057   +0.000   +0.008 | ok
491.5 |   +0.017   +0.002   -0.001   -0.002   +0.057   +0.000   +0.008 | ok
491.7 |   +0.017   +0.002   -0.001   -0.002   +0.057   +0.000   +0.008 | ok
491.9 |   +0.017   +0.002   -0.001   -0.002   +0.057   +0.000   +0.008 | ok
492.1 |   +0.017   +0.002   -0.001   -0.002   +0.057   +0.000   +0.008 | ok
492.3 |   +0.017   +0.002   -0.001   -0.002   +0.057   +0.000   +0.008 | ok
492.5 |   +0.017   +0.002   -0.001   -0.002   +0.057   +0.000   +0.008 | ok
492.7 |   +0.017   +0.002   -0.001   -0.002   +0.057   +0.000   +0.008 | ok
492.9 |   +0.017   +0.002   -0.001   -0.002   +0.057   +0.000   +0.008 | ok
493.1 |   +0.017   +0.002   -0.001   -0.002   +0.057   +0.000   +0.008 | ok
493.3 |   +0.017   +0.002   -0.001   -0.002   +0.057   +0.000   +0.008 | ok
493.5 |   +0.017   +0.002   -0.001   -0.002   +0.057   +0.000   +0.008 | ok
493.7 |   +0.017   +0.002   -0.001   -0.002   +0.057   +0.000   +0.008 | ok
493.9 |   +0.017   +0.002   -0.001   -0.002   +0.057   +0.000   +0.008 | ok
494.1 |   +0.017   +0.002   -0.001   -0.002   +0.057   +0.000   +0.008 | ok
494.3 |   +0.017   +0.002   -0.001   -0.002   +0.057   +0.000   +0.008 | ok
494.5 |   +0.017   +0.002   -0.001   -0.002   +0.057   +0.000   +0.008 | ok
494.7 |   +0.017   +0.002   -0.001   -0.002   +0.057   +0.000   +0.008 | ok
494.9 |   +0.017   +0.002   -0.001   -0.002   +0.057   +0.000   +0.008 | ok
495.1 |   +0.017   +0.002   -0.001   -0.002   +0.057   +0.000   +0.008 | ok
495.3 |   +0.017   +0.002   -0.001   -0.002   +0.057   +0.000   +0.008 | ok
495.5 |   +0.017   +0.002   -0.001   -0.002   +0.057   +0.000   +0.008 | ok
495.7 |   +0.017   +0.002   -0.001   -0.002   +0.057   +0.000   +0.008 | ok
495.9 |   +0.017   +0.002   -0.001   -0.002   +0.057   +0.000   +0.008 | ok
496.1 |   +0.017   +0.002   -0.001   -0.002   +0.057   +0.000   +0.008 | ok
496.3 |   +0.017   +0.002   -0.001   -0.002   +0.057   +0.000   +0.008 | ok
496.5 |   +0.017   +0.002   -0.001   -0.002   +0.057   +0.000   +0.008 | ok
496.7 |   +0.017   +0.002   -0.001   -0.002   +0.057   +0.000   +0.008 | ok
496.9 |   +0.017   +0.002   -0.001   -0.002   +0.057   +0.000   +0.008 | ok
497.1 |   +0.017   +0.002   -0.001   -0.002   +0.057   +0.000   +0.008 | ok
497.3 |   +0.017   +0.002   -0.001   -0.002   +0.057   +0.000   +0.008 | ok
497.5 |   +0.017   +0.002   -0.001   -0.002   +0.057   +0.000   +0.008 | ok
497.7 |   +0.017   +0.002   -0.001   -0.002   +0.057   +0.000   +0.008 | ok
497.9 |   +0.017   +0.002   -0.001   -0.002   +0.057   +0.000   +0.008 | ok
498.1 |   +0.017   +0.002   -0.001   -0.002   +0.057   +0.000   +0.008 | ok
498.3 |   +0.017   +0.002   -0.001   -0.002   +0.057   +0.000   +0.008 | ok
498.5 |   +0.017   +0.002   -0.001   -0.002   +0.057   +0.000   +0.008 | ok
498.7 |   +0.017   +0.002   -0.001   -0.002   +0.057   +0.000   +0.008 | ok
498.9 |   +0.017   +0.002   -0.001   -0.002   +0.057   +0.000   +0.008 | ok
499.1 |   +0.017   +0.002   -0.001   -0.002   +0.057   +0.000   +0.008 | ok
499.3 |   +0.017   +0.002   -0.001   -0.002   +0.057   +0.000   +0.008 | ok
499.5 |   +0.017   +0.002   -0.001   -0.002   +0.057   +0.000   +0.008 | ok
499.7 |   +0.017   +0.002   -0.001   -0.002   +0.057   +0.000   +0.008 | ok
499.9 |   +0.017   +0.002   -0.001   -0.002   +0.057   +0.000   +0.008 | ok
500.1 |   +0.017   +0.002   -0.001   -0.002   +0.057   +0.000   +0.008 | ok
500.3 |   +0.017   +0.002   -0.001   -0.002   +0.057   +0.000   +0.008 | ok
500.5 |   +0.017   +0.002   -0.001   -0.002   +0.057   +0.000   +0.008 | ok
500.7 |   +0.017   +0.002   -0.001   -0.002   +0.057   +0.000   +0.008 | ok
500.9 |   +0.017   +0.002   -0.001   -0.002   +0.057   +0.000   +0.008 | ok
501.1 |   +0.017   +0.002   -0.001   -0.002   +0.057   +0.000   +0.008 | ok
501.3 |   +0.017   +0.002   -0.001   -0.002   +0.057   +0.000   +0.008 | ok
501.5 |   +0.017   +0.002   -0.001   -0.002   +0.057   +0.000   +0.008 | ok
501.7 |   +0.017   +0.002   -0.001   -0.002   +0.057   +0.000   +0.008 | ok
501.9 |   +0.017   +0.002   -0.001   -0.002   +0.057   +0.000   +0.008 | ok
502.1 |   +0.017   +0.002   -0.001   -0.002   +0.057   +0.000   +0.008 | ok
502.3 |   +0.017   +0.002   -0.001   -0.002   +0.057   +0.000   +0.008 | ok
502.5 |   +0.017   +0.002   -0.001   -0.002   +0.057   +0.000   +0.008 | ok
502.7 |   +0.017   +0.002   -0.001   -0.002   +0.057   +0.000   +0.008 | ok
502.9 |   +0.017   +0.002   -0.001   -0.002   +0.057   +0.000   +0.008 | ok
503.1 |   +0.017   +0.002   -0.001   -0.002   +0.057   +0.000   +0.008 | ok
503.3 |   +0.017   +0.002   -0.001   -0.002   +0.057   +0.000   +0.008 | ok
503.5 |   +0.017   +0.002   -0.001   -0.002   +0.057   +0.000   +0.008 | ok
503.7 |   +0.017   +0.002   -0.001   -0.002   +0.057   +0.000   +0.008 | ok
503.9 |   +0.017   +0.002   -0.001   -0.002   +0.057   +0.000   +0.008 | ok
504.1 |   +0.017   +0.002   -0.001   -0.002   +0.057   +0.000   +0.008 | ok
504.3 |   +0.017   +0.002   -0.001   -0.002   +0.057   +0.000   +0.008 | ok
504.5 |   +0.017   +0.002   -0.001   -0.002   +0.057   +0.000   +0.008 | ok
504.7 |   +0.017   +0.002   -0.001   -0.002   +0.057   +0.000   +0.008 | ok
504.9 |   +0.017   +0.002   -0.001   -0.002   +0.057   +0.000   +0.008 | ok
505.1 |   +0.017   +0.002   -0.001   -0.002   +0.057   +0.000   +0.008 | ok
505.3 |   +0.017   +0.002   -0.001   -0.002   +0.057   +0.000   +0.008 | ok
505.5 |   +0.017   +0.002   -0.001   -0.002   +0.057   +0.000   +0.008 | ok
505.7 |   +0.017   +0.002   -0.001   -0.002   +0.057   +0.000   +0.008 | ok
505.9 |   +0.017   +0.002   -0.001   -0.002   +0.057   +0.000   +0.008 | ok
506.1 |   +0.017   +0.002   -0.001   -0.002   +0.057   +0.000   +0.008 | ok
506.3 |   +0.017   +0.002   -0.001   -0.002   +0.057   +0.000   +0.008 | ok
506.5 |   +0.017   +0.002   -0.001   -0.002   +0.057   +0.000   +0.008 | ok
506.7 |   +0.017   +0.002   -0.001   -0.002   +0.057   +0.000   +0.008 | ok
506.9 |   +0.017   +0.002   -0.001   -0.002   +0.057   +0.000   +0.008 | ok
507.1 |   +0.017   +0.002   -0.001   -0.002   +0.057   +0.000   +0.008 | ok
507.3 |   +0.017   +0.002   -0.001   -0.002   +0.057   +0.000   +0.008 | ok
507.5 |   +0.017   +0.002   -0.001   -0.002   +0.057   +0.000   +0.008 | ok
507.7 |   +0.017   +0.002   -0.001   -0.002   +0.057   +0.000   +0.008 | ok
507.9 |   +0.017   +0.002   -0.001   -0.002   +0.057   +0.000   +0.008 | ok
508.1 |   +0.017   +0.002   -0.001   -0.002   +0.057   +0.000   +0.008 | ok
508.3 |   +0.017   +0.002   -0.001   -0.002   +0.057   +0.000   +0.008 | ok
508.5 |   +0.017   +0.002   -0.001   -0.002   +0.057   +0.000   +0.008 | ok
508.7 |   +0.017   +0.002   -0.001   -0.002   +0.057   +0.000   +0.008 | ok
508.9 |   +0.017   +0.002   -0.001   -0.002   +0.057   +0.000   +0.008 | ok
509.1 |   +0.017   +0.002   -0.001   -0.002   +0.057   +0.000   +0.008 | ok
509.3 |   +0.017   +0.002   -0.001   -0.002   +0.057   +0.000   +0.008 | ok
509.5 |   +0.017   +0.002   -0.001   -0.002   +0.057   +0.000   +0.008 | ok
509.7 |   +0.017   +0.002   -0.001   -0.002   +0.057   +0.000   +0.008 | ok
509.9 |   +0.017   +0.002   -0.001   -0.002   +0.057   +0.000   +0.008 | ok
510.1 |   +0.017   +0.002   -0.001   -0.002   +0.057   +0.000   +0.008 | ok
510.3 |   +0.017   +0.002   -0.001   -0.002   +0.057   +0.000   +0.008 | ok
510.5 |   +0.017   +0.002   -0.001   -0.002   +0.057   +0.000   +0.008 | ok
510.7 |   +0.017   +0.002   -0.001   -0.002   +0.057   +0.000   +0.008 | ok
510.9 |   +0.017   +0.002   -0.001   -0.002   +0.057   +0.000   +0.008 | ok
511.1 |   +0.017   +0.002   -0.001   -0.002   +0.057   +0.000   +0.008 | ok
511.3 |   +0.017   +0.002   -0.001   -0.002   +0.057   +0.000   +0.008 | ok
511.5 |   +0.017   +0.002   -0.001   -0.002   +0.057   +0.000   +0.008 | ok
511.7 |   +0.017   +0.002   -0.001   -0.002   +0.057   +0.000   +0.008 | ok
511.9 |   +0.017   +0.002   -0.001   -0.002   +0.057   +0.000   +0.008 | ok
512.1 |   +0.017   +0.002   -0.001   -0.002   +0.057   +0.000   +0.008 | ok
512.3 |   +0.017   +0.002   -0.001   -0.002   +0.057   +0.000   +0.008 | ok
512.5 |   +0.017   +0.002   -0.001   -0.002   +0.057   +0.000   +0.008 | ok
512.7 |   +0.017   +0.002   -0.001   -0.002   +0.057   +0.000   +0.008 | ok
512.9 |   +0.017   +0.002   -0.001   -0.002   +0.057   +0.000   +0.008 | ok
513.1 |   +0.017   +0.002   -0.001   -0.002   +0.057   +0.000   +0.008 | ok
513.3 |   +0.017   +0.002   -0.001   -0.002   +0.057   +0.000   +0.008 | ok
513.5 |   +0.017   +0.002   -0.001   -0.002   +0.057   +0.000   +0.008 | ok
513.7 |   +0.017   +0.002   -0.001   -0.002   +0.057   +0.000   +0.008 | ok
513.9 |   +0.017   +0.002   -0.001   -0.002   +0.057   +0.000   +0.008 | ok
514.1 |   +0.017   +0.002   -0.001   -0.002   +0.057   +0.000   +0.008 | ok
514.3 |   +0.017   +0.002   -0.001   -0.002   +0.057   +0.000   +0.008 | ok
514.5 |   +0.017   +0.002   -0.001   -0.002   +0.057   +0.000   +0.008 | ok
514.7 |   +0.017   +0.002   -0.001   -0.002   +0.057   +0.000   +0.008 | ok
514.9 |   +0.017   +0.002   -0.001   -0.002   +0.057   +0.000   +0.008 | ok
515.1 |   +0.017   +0.002   -0.001   -0.002   +0.057   +0.000   +0.008 | ok
515.3 |   +0.017   +0.002   -0.001   -0.002   +0.057   +0.000   +0.008 | ok
515.5 |   +0.017   +0.002   -0.001   -0.002   +0.057   +0.000   +0.008 | ok
515.7 |   +0.017   +0.002   -0.001   -0.002   +0.057   +0.000   +0.008 | ok
515.9 |   +0.017   +0.002   -0.001   -0.002   +0.057   +0.000   +0.008 | ok
516.1 |   +0.017   +0.002   -0.001   -0.002   +0.057   +0.000   +0.008 | ok
516.3 |   +0.017   +0.002   -0.001   -0.002   +0.057   +0.000   +0.008 | ok
516.5 |   +0.017   +0.002   -0.001   -0.002   +0.057   +0.000   +0.008 | ok
516.7 |   +0.017   +0.002   -0.001   -0.002   +0.057   +0.000   +0.008 | ok
516.9 |   +0.017   +0.002   -0.001   -0.002   +0.057   +0.000   +0.008 | ok
517.1 |   +0.017   +0.002   -0.001   -0.002   +0.057   +0.000   +0.008 | ok
517.3 |   +0.017   +0.002   -0.001   -0.002   +0.057   +0.000   +0.008 | ok
517.5 |   +0.017   +0.002   -0.001   -0.002   +0.057   +0.000   +0.008 | ok
517.7 |   +0.017   +0.002   -0.001   -0.002   +0.057   +0.000   +0.008 | ok
517.9 |   +0.017   +0.002   -0.001   -0.002   +0.057   +0.000   +0.008 | ok
518.1 |   +0.017   +0.002   -0.001   -0.002   +0.057   +0.000   +0.008 | ok
518.3 |   +0.017   +0.002   -0.001   -0.002   +0.057   +0.000   +0.008 | ok
518.5 |   +0.017   +0.002   -0.001   -0.002   +0.057   +0.000   +0.008 | ok
518.7 |   +0.017   +0.002   -0.001   -0.002   +0.057   +0.000   +0.008 | ok
518.9 |   +0.017   +0.002   -0.001   -0.002   +0.057   +0.000   +0.008 | ok
519.1 |   +0.017   +0.002   -0.001   -0.002   +0.057   +0.000   +0.008 | ok
519.3 |   +0.017   +0.002   -0.001   -0.002   +0.057   +0.000   +0.008 | ok
519.5 |   +0.017   +0.002   -0.001   -0.002   +0.057   +0.000   +0.008 | ok
519.7 |   +0.017   +0.002   -0.001   -0.002   +0.057   +0.000   +0.008 | ok
519.9 |   +0.017   +0.002   -0.001   -0.002   +0.057   +0.000   +0.008 | ok
520.1 |   +0.017   +0.002   -0.001   -0.002   +0.057   +0.000   +0.008 | ok
520.3 |   +0.017   +0.002   -0.001   -0.002   +0.057   +0.000   +0.008 | ok
520.5 |   +0.017   +0.002   -0.001   -0.002   +0.057   +0.000   +0.008 | ok
520.7 |   +0.017   +0.002   -0.001   -0.002   +0.057   +0.000   +0.008 | ok
520.9 |   +0.017   +0.002   -0.001   -0.002   +0.057   +0.000   +0.008 | ok
521.1 |   +0.017   +0.002   -0.001   -0.002   +0.057   +0.000   +0.008 | ok
521.3 |   +0.017   +0.002   -0.001   -0.002   +0.057   +0.000   +0.008 | ok
521.5 |   +0.017   +0.002   -0.001   -0.002   +0.057   +0.000   +0.008 | ok
521.7 |   +0.017   +0.002   -0.001   -0.002   +0.057   +0.000   +0.008 | ok
521.9 |   +0.017   +0.002   -0.001   -0.002   +0.057   +0.000   +0.008 | ok
522.1 |   +0.017   +0.002   -0.001   -0.002   +0.057   +0.000   +0.008 | ok
522.3 |   +0.017   +0.002   -0.001   -0.002   +0.057   +0.000   +0.008 | ok
522.5 |   +0.017   +0.002   -0.001   -0.002   +0.057   +0.000   +0.008 | ok
522.7 |   +0.017   +0.002   -0.001   -0.002   +0.057   +0.000   +0.008 | ok
522.9 |   +0.017   +0.002   -0.001   -0.002   +0.057   +0.000   +0.008 | ok
523.1 |   +0.017   +0.002   -0.001   -0.002   +0.057   +0.000   +0.008 | ok
523.3 |   +0.017   +0.002   -0.001   -0.002   +0.057   +0.000   +0.008 | ok
523.5 |   +0.017   +0.002   -0.001   -0.002   +0.057   +0.000   +0.008 | ok
523.7 |   +0.017   +0.002   -0.001   -0.002   +0.057   +0.000   +0.008 | ok
523.9 |   +0.017   +0.002   -0.001   -0.002   +0.057   +0.000   +0.008 | ok
524.1 |   +0.017   +0.002   -0.001   -0.002   +0.057   +0.000   +0.008 | ok
524.3 |   +0.017   +0.002   -0.001   -0.002   +0.057   +0.000   +0.008 | ok
524.5 |   +0.017   +0.002   -0.001   -0.002   +0.057   +0.000   +0.008 | ok
524.7 |   +0.017   +0.002   -0.001   -0.002   +0.057   +0.000   +0.008 | ok
524.9 |   +0.017   +0.002   -0.001   -0.002   +0.057   +0.000   +0.008 | ok
525.1 |   +0.017   +0.002   -0.001   -0.002   +0.056   +0.000   +0.008 | ok
525.3 |   +0.017   +0.002   -0.001   -0.002   +0.052   -0.000   +0.008 | ok
525.5 |   +0.017   +0.002   -0.001   -0.002   +0.030   +0.001   +0.008 | ok
525.7 |   +0.017   +0.002   -0.001   -0.002   +0.007   +0.000   +0.008 | ok
525.9 |   +0.017   +0.002   -0.001   -0.002   +0.018   +0.000   +0.008 | ok
526.1 |   +0.017   +0.002   -0.001   -0.002   +0.029   +0.000   +0.008 | ok
526.3 |   +0.017   +0.002   -0.001   -0.002   +0.031   +0.000   +0.008 | ok
526.5 |   +0.017   +0.002   -0.001   -0.002   +0.031   +0.000   +0.008 | ok
526.7 |   +0.017   +0.002   -0.001   -0.002   +0.031   +0.000   +0.008 | ok
526.9 |   +0.017   +0.002   -0.001   -0.002   +0.031   +0.000   +0.008 | ok
527.1 |   +0.017   +0.002   -0.001   -0.002   +0.030   +0.000   +0.008 | ok
527.3 |   +0.017   +0.002   -0.001   -0.002   +0.015   +0.000   +0.008 | ok
527.5 |   +0.017   +0.002   -0.001   -0.002   +0.022   +0.000   +0.008 | ok
527.7 |   +0.017   +0.002   -0.001   -0.002   +0.029   +0.000   +0.008 | ok
527.9 |   +0.017   +0.002   -0.001   -0.002   +0.031   +0.000   +0.008 | ok
528.1 |   +0.017   +0.002   -0.001   -0.002   +0.031   +0.000   +0.008 | ok
528.3 |   +0.017   +0.002   -0.001   -0.002   +0.031   +0.000   +0.008 | ok
528.5 |   +0.017   +0.002   -0.001   -0.002   +0.031   +0.000   +0.008 | ok
528.7 |   +0.017   +0.002   -0.001   -0.002   +0.031   +0.000   +0.008 | ok
528.9 |   +0.017   +0.002   -0.001   -0.002   +0.031   +0.000   +0.008 | ok
529.1 |   +0.017   +0.002   -0.001   -0.002   +0.031   +0.000   +0.008 | ok
529.3 |   +0.017   +0.002   -0.001   -0.002   +0.031   +0.000   +0.008 | ok
529.5 |   +0.017   +0.002   -0.001   -0.002   +0.031   +0.000   +0.008 | ok
529.7 |   +0.017   +0.002   -0.001   -0.002   +0.031   +0.000   +0.008 | ok
529.9 |   +0.017   +0.002   -0.001   -0.002   +0.031   +0.000   +0.008 | ok
530.1 |   +0.017   +0.002   -0.001   -0.002   +0.031   +0.000   +0.008 | ok
530.3 |   +0.017   +0.002   -0.001   -0.002   +0.031   +0.000   +0.008 | ok
530.5 |   +0.017   +0.002   -0.001   -0.002   +0.031   +0.000   +0.008 | ok
530.7 |   +0.017   +0.002   -0.001   -0.002   +0.031   +0.000   +0.008 | ok
530.9 |   +0.017   +0.002   -0.001   -0.002   +0.031   +0.000   +0.008 | ok
531.1 |   +0.017   +0.002   -0.001   -0.002   +0.031   +0.000   +0.008 | ok
531.3 |   +0.017   +0.002   -0.001   -0.002   +0.031   +0.000   +0.008 | ok
531.5 |   +0.017   +0.002   -0.001   -0.002   +0.031   +0.000   +0.008 | ok
531.7 |   +0.017   +0.002   -0.001   -0.002   +0.031   +0.000   +0.008 | ok
531.9 |   +0.017   +0.002   -0.001   -0.002   +0.031   +0.000   +0.008 | ok
532.1 |   +0.017   +0.002   -0.001   -0.002   +0.031   +0.000   +0.008 | ok
532.3 |   +0.017   +0.002   -0.001   -0.002   +0.031   +0.000   +0.008 | ok
532.5 |   +0.017   +0.002   -0.001   -0.002   +0.031   +0.000   +0.008 | ok
532.7 |   +0.017   +0.002   -0.001   -0.002   +0.031   +0.000   +0.008 | ok
532.9 |   +0.017   +0.002   -0.001   -0.002   +0.031   +0.000   +0.008 | ok
533.1 |   +0.017   +0.002   -0.001   -0.002   +0.031   +0.000   +0.008 | ok
533.3 |   +0.017   +0.002   -0.001   -0.002   +0.031   +0.000   +0.008 | ok
533.5 |   +0.017   +0.002   -0.001   -0.002   +0.031   +0.000   +0.008 | ok
533.7 |   +0.017   +0.002   -0.001   -0.002   +0.031   +0.000   +0.008 | ok
533.9 |   +0.017   +0.002   -0.001   -0.002   +0.031   +0.000   +0.008 | ok
534.1 |   +0.017   +0.002   -0.001   -0.002   +0.031   +0.000   +0.008 | ok
534.3 |   +0.017   +0.002   -0.001   -0.002   +0.031   +0.000   +0.008 | ok
534.5 |   +0.017   +0.002   -0.001   -0.002   +0.031   +0.000   +0.008 | ok
534.7 |   +0.017   +0.002   -0.001   -0.002   +0.031   +0.000   +0.008 | ok
534.9 |   +0.017   +0.002   -0.001   -0.002   +0.031   +0.000   +0.008 | ok
535.1 |   +0.017   +0.002   -0.001   -0.002   +0.031   +0.000   +0.008 | ok
535.3 |   +0.017   +0.002   -0.001   -0.002   +0.031   +0.000   +0.008 | ok
535.5 |   +0.017   +0.002   -0.001   -0.002   +0.031   +0.000   +0.008 | ok
535.7 |   +0.017   +0.002   -0.001   -0.002   +0.031   +0.000   +0.008 | ok
535.9 |   +0.017   +0.002   -0.001   -0.002   +0.031   +0.000   +0.008 | ok
536.1 |   +0.017   +0.002   -0.001   -0.002   +0.031   +0.000   +0.008 | ok
536.3 |   +0.017   +0.002   -0.001   -0.002   +0.031   +0.000   +0.008 | ok
536.5 |   +0.017   +0.002   -0.001   -0.002   +0.031   +0.000   +0.008 | ok
536.7 |   +0.017   +0.002   -0.001   -0.002   +0.031   +0.000   +0.008 | ok
536.9 |   +0.017   +0.002   -0.001   -0.002   +0.031   +0.000   +0.008 | ok
537.1 |   +0.017   +0.002   -0.001   -0.002   +0.031   +0.000   +0.008 | ok
537.3 |   +0.017   +0.002   -0.001   -0.002   +0.031   +0.000   +0.008 | ok
537.5 |   +0.017   +0.002   -0.001   -0.002   +0.031   +0.000   +0.008 | ok
537.7 |   +0.017   +0.002   -0.001   -0.002   +0.031   +0.000   +0.008 | ok
537.9 |   +0.017   +0.002   -0.001   -0.002   +0.031   +0.000   +0.008 | ok
538.1 |   +0.017   +0.002   -0.001   -0.002   +0.031   +0.000   +0.008 | ok
538.3 |   +0.017   +0.002   -0.001   -0.002   +0.031   +0.000   +0.008 | ok
538.5 |   +0.017   +0.002   -0.001   -0.002   +0.031   +0.000   +0.008 | ok
538.7 |   +0.017   +0.002   -0.001   -0.002   +0.031   +0.000   +0.008 | ok
538.9 |   +0.017   +0.002   -0.001   -0.002   +0.031   +0.000   +0.008 | ok
539.1 |   +0.017   +0.002   -0.001   -0.002   +0.031   +0.000   +0.008 | ok
539.3 |   +0.017   +0.002   -0.001   -0.002   +0.031   +0.000   +0.008 | ok
539.5 |   +0.017   +0.002   -0.001   -0.002   +0.031   +0.000   +0.008 | ok
539.7 |   +0.017   +0.002   -0.001   -0.002   +0.031   +0.000   +0.008 | ok
539.9 |   +0.017   +0.002   -0.001   -0.002   +0.031   +0.000   +0.008 | ok
540.1 |   +0.017   +0.002   -0.001   -0.002   +0.031   +0.000   +0.008 | ok
540.3 |   +0.017   +0.002   -0.001   -0.002   +0.031   +0.000   +0.008 | ok
540.5 |   +0.017   +0.002   -0.001   -0.002   +0.031   +0.000   +0.008 | ok
540.7 |   +0.017   +0.002   -0.001   -0.002   +0.031   +0.000   +0.008 | ok
540.9 |   +0.017   +0.002   -0.001   -0.002   +0.031   +0.000   +0.008 | ok
541.1 |   +0.017   +0.002   -0.001   -0.002   +0.031   +0.000   +0.008 | ok
541.3 |   +0.017   +0.002   -0.001   -0.002   +0.031   +0.000   +0.008 | ok
541.5 |   +0.017   +0.002   -0.001   -0.002   +0.031   +0.000   +0.008 | ok
541.7 |   +0.017   +0.002   -0.001   -0.002   +0.031   +0.000   +0.008 | ok
541.9 |   +0.017   +0.002   -0.001   -0.002   +0.031   +0.000   +0.008 | ok
542.1 |   +0.017   +0.002   -0.001   -0.002   +0.031   +0.000   +0.008 | ok
542.3 |   +0.017   +0.002   -0.001   -0.002   +0.031   +0.000   +0.008 | ok
542.5 |   +0.017   +0.002   -0.001   -0.002   +0.031   +0.000   +0.008 | ok
542.7 |   +0.017   +0.002   -0.001   -0.002   +0.031   +0.000   +0.008 | ok
542.9 |   +0.017   +0.002   -0.001   -0.002   +0.031   +0.000   +0.008 | ok
543.1 |   +0.017   +0.002   -0.001   -0.002   +0.031   +0.000   +0.008 | ok
543.3 |   +0.017   +0.002   -0.001   -0.002   +0.031   +0.000   +0.008 | ok
543.5 |   +0.017   +0.002   -0.001   -0.002   +0.031   +0.000   +0.008 | ok
543.7 |   +0.017   +0.002   -0.001   -0.002   +0.031   +0.000   +0.008 | ok
543.9 |   +0.017   +0.002   -0.001   -0.002   +0.031   +0.000   +0.008 | ok
544.1 |   +0.017   +0.002   -0.001   -0.002   +0.031   +0.000   +0.008 | ok
544.3 |   +0.017   +0.002   -0.001   -0.002   +0.031   +0.000   +0.008 | ok
544.5 |   +0.017   +0.002   -0.001   -0.002   +0.031   +0.000   +0.008 | ok
544.7 |   +0.017   +0.002   -0.001   -0.002   +0.031   +0.000   +0.008 | ok
544.9 |   +0.017   +0.002   -0.001   -0.002   +0.031   +0.000   +0.008 | ok
545.1 |   +0.017   +0.002   -0.001   -0.002   +0.031   +0.000   +0.008 | ok
545.3 |   +0.017   +0.002   -0.001   -0.002   +0.031   +0.000   +0.008 | ok
545.5 |   +0.017   +0.002   -0.001   -0.002   +0.031   +0.000   +0.008 | ok
545.7 |   +0.017   +0.002   -0.001   -0.002   +0.031   +0.000   +0.008 | ok
545.9 |   +0.017   +0.002   -0.001   -0.002   +0.031   +0.000   +0.008 | ok
546.1 |   +0.017   +0.002   -0.001   -0.002   +0.031   +0.000   +0.008 | ok
546.3 |   +0.017   +0.002   -0.001   -0.002   +0.031   +0.000   +0.008 | ok
546.5 |   +0.017   +0.002   -0.001   -0.002   +0.031   +0.000   +0.008 | ok
546.7 |   +0.017   +0.002   -0.001   -0.002   +0.031   +0.000   +0.008 | ok
546.9 |   +0.017   +0.002   -0.001   -0.002   +0.031   +0.000   +0.008 | ok
547.1 |   +0.017   +0.002   -0.001   -0.002   +0.031   +0.000   +0.008 | ok
547.3 |   +0.017   +0.002   -0.001   -0.002   +0.031   +0.000   +0.008 | ok
547.5 |   +0.017   +0.002   -0.001   -0.002   +0.031   +0.000   +0.008 | ok
547.7 |   +0.017   +0.002   -0.001   -0.002   +0.031   +0.000   +0.008 | ok
547.9 |   +0.017   +0.002   -0.001   -0.002   +0.031   +0.000   +0.008 | ok
548.1 |   +0.017   +0.002   -0.001   -0.002   +0.031   +0.000   +0.008 | ok
548.3 |   +0.017   +0.002   -0.001   -0.002   +0.031   +0.000   +0.008 | ok
548.5 |   +0.017   +0.002   -0.001   -0.002   +0.031   +0.000   +0.008 | ok
548.7 |   +0.017   +0.002   -0.001   -0.002   +0.031   +0.000   +0.008 | ok
548.9 |   +0.017   +0.002   -0.001   -0.002   +0.031   +0.000   +0.008 | ok
549.1 |   +0.017   +0.002   -0.001   -0.002   +0.031   +0.000   +0.008 | ok
549.3 |   +0.017   +0.002   -0.001   -0.002   +0.031   +0.000   +0.008 | ok
549.5 |   +0.017   +0.002   -0.001   -0.002   +0.031   +0.000   +0.008 | ok
549.7 |   +0.017   +0.002   -0.001   -0.002   +0.031   +0.000   +0.008 | ok
549.9 |   +0.017   +0.002   -0.001   -0.002   +0.031   +0.000   +0.008 | ok
550.1 |   +0.017   +0.002   -0.001   -0.002   +0.031   +0.000   +0.008 | ok
550.3 |   +0.017   +0.002   -0.001   -0.002   +0.031   +0.000   +0.008 | ok
550.5 |   +0.017   +0.002   -0.001   -0.002   +0.031   +0.000   +0.008 | ok
550.7 |   +0.017   +0.002   -0.001   -0.002   +0.031   +0.000   +0.008 | ok
550.9 |   +0.017   +0.002   -0.001   -0.002   +0.031   +0.000   +0.008 | ok
551.1 |   +0.017   +0.002   -0.001   -0.002   +0.031   +0.000   +0.008 | ok
551.3 |   +0.017   +0.002   -0.001   -0.002   +0.031   +0.000   +0.008 | ok
551.5 |   +0.017   +0.002   -0.001   -0.002   +0.031   +0.000   +0.008 | ok
551.7 |   +0.017   +0.002   -0.001   -0.002   +0.031   +0.000   +0.008 | ok
551.9 |   +0.017   +0.002   -0.001   -0.002   +0.031   +0.000   +0.008 | ok
552.1 |   +0.017   +0.002   -0.001   -0.002   +0.031   +0.000   +0.008 | ok
552.3 |   +0.017   +0.002   -0.001   -0.002   +0.031   +0.000   +0.008 | ok
552.5 |   +0.017   +0.002   -0.001   -0.002   +0.031   +0.000   +0.008 | ok
552.7 |   +0.017   +0.002   -0.001   -0.002   +0.031   +0.000   +0.008 | ok
552.9 |   +0.017   +0.002   -0.001   -0.002   +0.031   +0.000   +0.008 | ok
553.1 |   +0.017   +0.002   -0.001   -0.002   +0.031   +0.000   +0.008 | ok
553.3 |   +0.017   +0.002   -0.001   -0.002   +0.031   +0.000   +0.008 | ok

summary over 2766 samples (553 s), csv: /home/boosterk1/rebot_setup/p1_live_positions.csv
jnt      min      max  peak (signed)  statuses seen
j1    -0.000   +0.412    +0.412       DISABLED
j2    -0.629   +0.002    -0.629       DISABLED
j3    -0.367   -0.000    -0.367       DISABLED
j4    -0.946   +0.076    -0.946       DISABLED
j5    -0.024   +1.090    +1.090       DISABLED
j6    -0.077   +1.296    +1.296       DISABLED
j7    -1.776   +0.008    -1.776       DISABLED
