t_s,j1_pos,j2_pos,j3_pos,j4_pos,j5_pos,j6_pos,j7_pos,j1_status,j2_status,j3_status,j4_status,j5_status,j6_status,j7_status
0.000,-0.00019,-0.00019,-0.00019,-0.00019,-0.00019,-0.00019,-0.00019,0,0,0,0,0,0,0
0.200,-0.00019,-0.00019,-0.00019,-0.00019,-0.00019,-0.00019,-0.00019,0,0,0,0,0,0,0
0.400,-0.00019,-0.00019,-0.00019,-0.00019,-0.00019,-0.00019,-0.00019,0,0,0,0,0,0,0
0.600,-0.00019,-0.00019,-0.00019,-0.00019,-0.00019,-0.00019,-0.00019,0,0,0,0,0,0,0
0.800,-0.00019,-0.00019,-0.00019,-0.00019,-0.00019,-0.00019,-0.00019,0,0,0,0,0,0,0
1.001,-0.00019,-0.00019,-0.00019,-0.00019,-0.00019,-0.00019,-0.00019,0,0,0,0,0,0,0
1.201,-0.00019,-0.00019,-0.00019,-0.00019,-0.00019,-0.00019,-0.00019,0,0,0,0,0,0,0
1.401,-0.00019,-0.00019,-0.00019,-0.00019,-0.00019,-0.00019,-0.00019,0,0,0,0,0,0,0
1.601,-0.00019,-0.00019,-0.00019,-0.00019,-0.00019,-0.00019,-0.00019,0,0,0,0,0,0,0
1.801,-0.00019,-0.00019,-0.00019,-0.00019,-0.00019,-0.00019,-0.00019,0,0,0,0,0,0,0
2.001,-0.00019,-0.00019,-0.00019,-0.00019,-0.00019,-0.00019,-0.00019,0,0,0,0,0,0,0
2.201,-0.00019,-0.00019,-0.00019,-0.00019,-0.00019,-0.00019,-0.00019,0,0,0,0,0,0,0
2.401,-0.00019,-0.00019,-0.00019,-0.00019,-0.00019,-0.00019,-0.00019,0,0,0,0,0,0,0
2.601,-0.00019,-0.00019,-0.00019,-0.00019,-0.00019,-0.00019,-0.00019,0,0,0,0,0,0,0
2.802,-0.00019,-0.00019,-0.00019,-0.00019,-0.00019,-0.00019,-0.00019,0,0,0,0,0,0,0
3.002,-0.00019,-0.00019,-0.00019,-0.00019,-0.00019,-0.00019,-0.00019,0,0,0,0,0,0,0
3.202,-0.00019,-0.00019,-0.00019,-0.00019,-0.00019,-0.00019,-0.00019,0,0,0,0,0,0,0
3.402,-0.00019,-0.00019,-0.00019,-0.00019,-0.00019,-0.00019,-0.00019,0,0,0,0,0,0,0
3.602,-0.00019,-0.00019,-0.00019,-0.00019,-0.00019,-0.00019,-0.00019,0,0,0,0,0,0,0
3.802,-0.00019,-0.00019,-0.00019,-0.00019,-0.00019,-0.00019,-0.00019,0,0,0,0,0,0,0
4.002,-0.00019,-0.00019,-0.00019,-0.00019,-0.00019,-0.00019,-0.00019,0,0,0,0,0,0,0
4.202,-0.00019,-0.00019,-0.00019,-0.00019,-0.00019,-0.00019,-0.00019,0,0,0,0,0,0,0
4.402,-0.00019,-0.00019,-0.00019,-0.00019,-0.00019,-0.00019,-0.00019,0,0,0,0,0,0,0
4.603,-0.00019,-0.00019,-0.00019,-0.00019,-0.00019,-0.00019,-0.00019,0,0,0,0,0,0,0
4.803,-0.00019,-0.00019,-0.00019,-0.00019,-0.00019,-0.00019,-0.00019,0,0,0,0,0,0,0
5.003,-0.00019,-0.00019,-0.00019,-0.00019,-0.00019,-0.00019,-0.00019,0,0,0,0,0,0,0
5.203,-0.00019,-0.00019,-0.00019,-0.00019,-0.00019,-0.00019,-0.00019,0,0,0,0,0,0,0
5.403,-0.00019,-0.00019,-0.00019,-0.00019,-0.00019,-0.00019,-0.00019,0,0,0,0,0,0,0
5.603,-0.00019,-0.00019,-0.00019,-0.00019,-0.00019,-0.00019,-0.00019,0,0,0,0,0,0,0
5.803,-0.00019,-0.00019,-0.00019,-0.00019,-0.00019,-0.00019,-0.00019,0,0,0,0,0,0,0
6.003,-0.00019,-0.00019,-0.00019,-0.00019,-0.00019,-0.00019,-0.00019,0,0,0,0,0,0,0
6.203,-0.00019,-0.00019,-0.00019,-0.00019,-0.00019,-0.00019,-0.00019,0,0,0,0,0,0,0
6.403,-0.00019,-0.00019,-0.00019,-0.00019,-0.00019,-0.00019,-0.00019,0,0,0,0,0,0,0
6.604,-0.00019,-0.00019,-0.00019,-0.00019,-0.00019,-0.00019,-0.00019,0,0,0,0,0,0,0
6.804,-0.00019,-0.00019,-0.00019,-0.00019,-0.00019,-0.00019,-0.00019,0,0,0,0,0,0,0
7.004,-0.00019,-0.00019,-0.00019,-0.00019,-0.00019,-0.00019,-0.00019,0,0,0,0,0,0,0
7.204,-0.00019,-0.00019,-0.00019,-0.00019,-0.00019,-0.00019,-0.00019,0,0,0,0,0,0,0
7.404,-0.00019,-0.00019,-0.00019,-0.00019,-0.00019,-0.00019,-0.00019,0,0,0,0,0,0,0
7.604,-0.00019,-0.00019,-0.00019,-0.00019,-0.00019,-0.00019,-0.00019,0,0,0,0,0,0,0
7.804,-0.00019,-0.00019,-0.00019,-0.00019,-0.00019,-0.00019,-0.00019,0,0,0,0,0,0,0
8.004,-0.00019,-0.00019,-0.00019,-0.00019,-0.00019,-0.00019,-0.00019,0,0,0,0,0,0,0
8.204,-0.00019,-0.00019,-0.00019,-0.00019,-0.00019,-0.00019,-0.00019,0,0,0,0,0,0,0
8.404,-0.00019,-0.00019,-0.00019,-0.00019,-0.00019,-0.00019,-0.00019,0,0,0,0,0,0,0
8.604,-0.00019,-0.00019,-0.00019,-0.00019,-0.00019,-0.00019,-0.00019,0,0,0,0,0,0,0
8.805,-0.00019,-0.00019,-0.00019,-0.00019,-0.00019,-0.00019,-0.00019,0,0,0,0,0,0,0
9.005,-0.00019,-0.00019,-0.00019,-0.00019,-0.00019,-0.00019,-0.00019,0,0,0,0,0,0,0
9.205,-0.00019,-0.00019,-0.00019,-0.00019,-0.00019,-0.00019,-0.00019,0,0,0,0,0,0,0
9.405,-0.00019,-0.00019,-0.00019,-0.00019,-0.00019,-0.00019,-0.00019,0,0,0,0,0,0,0
9.605,-0.00019,-0.00019,-0.00019,-0.00019,-0.00019,-0.00019,-0.00019,0,0,0,0,0,0,0
9.805,-0.00019,-0.00019,-0.00019,-0.00019,-0.00019,-0.00019,-0.00019,0,0,0,0,0,0,0
10.005,-0.00019,-0.00019,-0.00019,-0.00019,-0.00019,-0.00019,-0.00019,0,0,0,0,0,0,0
10.205,-0.00019,-0.00019,-0.00019,-0.00019,-0.00019,-0.00019,-0.00019,0,0,0,0,0,0,0
10.405,-0.00019,-0.00019,-0.00019,-0.00019,-0.00019,-0.00019,-0.00019,0,0,0,0,0,0,0
10.605,-0.00019,-0.00019,-0.00019,-0.00019,-0.00019,-0.00019,-0.00019,0,0,0,0,0,0,0
10.806,-0.00019,-0.00019,-0.00019,-0.00019,-0.00019,-0.00019,-0.00019,0,0,0,0,0,0,0
11.006,-0.00019,-0.00019,-0.00019,-0.00019,-0.00019,-0.00019,-0.00019,0,0,0,0,0,0,0
11.206,-0.00019,-0.00019,-0.00019,-0.00019,-0.00019,-0.00019,-0.00019,0,0,0,0,0,0,0
11.406,-0.00019,-0.00019,-0.00019,-0.00019,-0.00019,-0.00019,-0.00019,0,0,0,0,0,0,0
11.606,-0.00019,-0.00019,-0.00019,-0.00019,-0.00019,-0.00019,-0.00019,0,0,0,0,0,0,0
11.806,-0.00019,-0.00019,-0.00019,-0.00019,-0.00019,-0.00019,-0.00019,0,0,0,0,0,0,0
12.006,-0.00019,-0.00019,-0.00019,-0.00019,-0.00019,-0.00019,-0.00019,0,0,0,0,0,0,0
12.206,-0.00019,-0.00019,-0.00019,-0.00019,-0.00019,-0.00019,-0.00019,0,0,0,0,0,0,0
12.406,-0.00019,-0.00019,-0.00019,-0.00019,-0.00019,-0.00019,-0.00019,0,0,0,0,0,0,0
12.607,-0.00019,-0.00019,-0.00019,-0.00019,-0.00019,-0.00019,-0.00019,0,0,0,0,0,0,0
12.807,-0.00019,-0.00019,-0.00019,-0.00019,-0.00019,-0.00019,-0.00019,0,0,0,0,0,0,0
13.007,-0.00019,-0.00019,-0.00019,-0.00019,-0.00019,-0.00019,-0.00019,0,0,0,0,0,0,0
13.207,-0.00019,-0.00019,-0.00019,-0.00019,-0.00019,-0.00019,-0.00019,0,0,0,0,0,0,0
13.407,-0.00019,-0.00019,-0.00019,-0.00019,-0.00019,-0.00019,-0.00019,0,0,0,0,0,0,0
13.607,-0.00019,-0.00019,-0.00019,-0.00019,-0.00019,-0.00019,-0.00019,0,0,0,0,0,0,0
13.807,-0.00019,-0.00019,-0.00019,-0.00019,-0.00019,-0.00019,-0.00019,0,0,0,0,0,0,0
14.007,-0.00019,-0.00019,-0.00019,-0.00019,-0.00019,-0.00019,-0.00019,0,0,0,0,0,0,0
14.207,-0.00019,-0.00019,-0.00019,-0.00019,-0.00019,-0.00019,-0.00019,0,0,0,0,0,0,0
14.407,-0.00019,-0.00019,-0.00019,-0.00019,-0.00019,-0.00019,-0.00019,0,0,0,0,0,0,0
14.608,-0.00019,-0.00019,-0.00019,-0.00019,-0.00019,-0.00019,-0.00019,0,0,0,0,0,0,0
14.808,-0.00019,-0.00019,-0.00019,-0.00019,-0.00019,-0.00019,-0.00019,0,0,0,0,0,0,0
15.008,-0.00019,-0.00019,-0.00019,-0.00019,-0.00019,-0.00019,-0.00019,0,0,0,0,0,0,0
15.208,-0.00019,-0.00019,-0.00019,-0.00019,-0.00019,-0.00019,-0.00019,0,0,0,0,0,0,0
15.408,-0.00019,-0.00019,-0.00019,-0.00019,-0.00019,-0.00019,-0.00019,0,0,0,0,0,0,0
15.608,-0.00019,-0.00019,-0.00019,-0.00019,-0.00019,-0.00019,-0.00019,0,0,0,0,0,0,0
15.808,-0.00019,-0.00019,-0.00019,-0.00019,-0.00019,-0.00019,-0.00019,0,0,0,0,0,0,0
16.008,-0.00019,-0.00019,-0.00019,-0.00019,-0.00019,-0.00019,-0.00019,0,0,0,0,0,0,0
16.208,-0.00019,-0.00019,-0.00019,-0.00019,-0.00019,-0.00019,-0.00019,0,0,0,0,0,0,0
16.408,-0.00019,-0.00019,-0.00019,-0.00019,-0.00019,-0.00019,-0.00019,0,0,0,0,0,0,0
16.609,-0.00019,-0.00019,-0.00019,-0.00019,-0.00019,-0.00019,-0.00019,0,0,0,0,0,0,0
16.809,-0.00019,-0.00019,-0.00019,-0.00019,-0.00019,-0.00019,-0.00019,0,0,0,0,0,0,0
17.009,-0.00019,-0.00019,-0.00019,-0.00019,-0.00019,-0.00019,-0.00019,0,0,0,0,0,0,0
17.209,-0.00019,-0.00019,-0.00019,-0.00019,-0.00019,-0.00019,-0.00019,0,0,0,0,0,0,0
17.409,-0.00019,-0.00019,-0.00019,-0.00019,-0.00019,-0.00019,-0.00019,0,0,0,0,0,0,0
17.609,-0.00019,-0.00019,-0.00019,-0.00019,-0.00019,-0.00019,-0.00019,0,0,0,0,0,0,0
17.809,-0.00019,-0.00019,-0.00019,-0.00019,-0.00019,-0.00019,-0.00019,0,0,0,0,0,0,0
18.009,-0.00019,-0.00019,-0.00019,-0.00019,-0.00019,-0.00019,-0.00019,0,0,0,0,0,0,0
18.209,-0.00019,-0.00019,-0.00019,-0.00019,-0.00019,-0.00019,-0.00019,0,0,0,0,0,0,0
18.409,-0.00019,-0.00019,-0.00019,-0.00019,-0.00019,-0.00019,-0.00019,0,0,0,0,0,0,0
18.610,-0.00019,-0.00019,-0.00019,-0.00019,-0.00019,-0.00019,-0.00019,0,0,0,0,0,0,0
18.810,-0.00019,-0.00019,-0.00019,-0.00019,-0.00019,-0.00019,-0.00019,0,0,0,0,0,0,0
19.010,-0.00019,-0.00019,-0.00019,-0.00019,-0.00019,-0.00019,-0.00019,0,0,0,0,0,0,0
19.210,-0.00019,-0.00019,-0.00019,-0.00019,-0.00019,-0.00019,-0.00019,0,0,0,0,0,0,0
19.410,-0.00019,-0.00019,-0.00019,-0.00019,-0.00019,-0.00019,-0.00019,0,0,0,0,0,0,0
19.610,-0.00019,-0.00019,-0.00019,-0.00019,-0.00019,-0.00019,-0.00019,0,0,0,0,0,0,0
19.810,-0.00019,-0.00019,-0.00019,-0.00019,-0.00019,-0.00019,-0.00019,0,0,0,0,0,0,0
20.010,-0.00019,-0.00019,-0.00019,-0.00019,-0.00019,-0.00019,-0.00019,0,0,0,0,0,0,0
20.211,-0.00019,-0.00019,-0.00019,-0.00019,-0.00019,-0.00019,-0.00019,0,0,0,0,0,0,0
20.411,-0.00019,-0.00019,-0.00019,-0.00019,-0.00019,-0.00019,-0.00019,0,0,0,0,0,0,0
20.611,-0.00019,-0.00019,-0.00019,-0.00019,-0.00019,-0.00019,-0.00019,0,0,0,0,0,0,0
20.811,-0.00019,-0.00019,-0.00019,-0.00019,-0.00019,-0.00019,-0.00019,0,0,0,0,0,0,0
21.011,-0.00019,-0.00019,-0.00019,-0.00019,-0.00019,-0.00019,-0.00019,0,0,0,0,0,0,0
21.211,-0.00019,-0.00019,-0.00019,-0.00019,-0.00019,-0.00019,-0.00019,0,0,0,0,0,0,0
21.411,-0.00019,-0.00019,-0.00019,-0.00019,-0.00019,-0.00019,-0.00019,0,0,0,0,0,0,0
21.611,-0.00019,-0.00019,-0.00019,-0.00019,-0.00019,-0.00019,-0.00019,0,0,0,0,0,0,0
21.811,-0.00019,-0.00019,-0.00019,-0.00019,-0.00019,-0.00019,-0.00019,0,0,0,0,0,0,0
22.011,-0.00019,-0.00019,-0.00019,-0.00019,-0.00019,-0.00019,-0.00019,0,0,0,0,0,0,0
22.212,-0.00019,-0.00019,-0.00019,-0.00019,-0.00019,-0.00019,-0.00019,0,0,0,0,0,0,0
22.412,-0.00019,-0.00019,-0.00019,-0.00019,-0.00019,-0.00019,-0.00019,0,0,0,0,0,0,0
22.612,-0.00019,-0.00019,-0.00019,-0.00019,-0.00019,-0.00019,-0.00019,0,0,0,0,0,0,0
22.812,-0.00019,-0.00019,-0.00019,-0.00019,-0.00019,-0.00019,-0.00019,0,0,0,0,0,0,0
23.012,-0.00019,-0.00019,-0.00019,-0.00019,-0.00019,-0.00019,-0.00019,0,0,0,0,0,0,0
23.212,-0.00019,-0.00019,-0.00019,-0.00019,-0.00019,-0.00019,-0.00019,0,0,0,0,0,0,0
23.412,-0.00019,-0.00019,-0.00019,-0.00019,-0.00019,-0.00019,-0.00019,0,0,0,0,0,0,0
23.612,-0.00019,-0.00019,-0.00019,-0.00019,-0.00019,-0.00019,-0.00019,0,0,0,0,0,0,0
23.812,-0.00019,-0.00019,-0.00019,-0.00019,-0.00019,-0.00019,-0.00019,0,0,0,0,0,0,0
24.012,-0.00019,-0.00019,-0.00019,-0.00019,-0.00019,-0.00019,-0.00019,0,0,0,0,0,0,0
24.212,-0.00019,-0.00019,-0.00019,-0.00019,-0.00019,-0.00019,-0.00019,0,0,0,0,0,0,0
24.412,-0.00019,-0.00019,-0.00019,-0.00019,-0.00019,-0.00019,-0.00019,0,0,0,0,0,0,0
24.613,-0.00019,-0.00019,-0.00019,-0.00019,-0.00019,-0.00019,-0.00019,0,0,0,0,0,0,0
24.813,-0.00019,-0.00019,-0.00019,-0.00019,-0.00019,-0.00019,-0.00019,0,0,0,0,0,0,0
25.013,-0.00019,-0.00019,-0.00019,-0.00019,-0.00019,-0.00019,-0.00019,0,0,0,0,0,0,0
25.213,-0.00019,-0.00019,-0.00019,-0.00019,-0.00019,-0.00019,-0.00019,0,0,0,0,0,0,0
25.413,-0.00019,-0.00019,-0.00019,-0.00019,-0.00019,-0.00019,-0.00019,0,0,0,0,0,0,0
25.613,-0.00019,-0.00019,-0.00019,-0.00019,-0.00019,-0.00019,-0.00019,0,0,0,0,0,0,0
25.813,-0.00019,-0.00019,-0.00019,-0.00019,-0.00019,-0.00019,-0.00019,0,0,0,0,0,0,0
26.013,-0.00019,-0.00019,-0.00019,-0.00019,-0.00019,-0.00019,-0.00019,0,0,0,0,0,0,0
26.213,-0.00019,-0.00019,-0.00019,-0.00019,-0.00019,-0.00019,-0.00019,0,0,0,0,0,0,0
26.413,-0.00019,-0.00019,-0.00019,-0.00019,-0.00019,-0.00019,-0.00019,0,0,0,0,0,0,0
26.614,-0.00019,-0.00019,-0.00019,-0.00019,-0.00019,-0.00019,-0.00019,0,0,0,0,0,0,0
26.814,-0.00019,-0.00019,-0.00019,-0.00019,-0.00019,-0.00019,-0.00019,0,0,0,0,0,0,0
27.014,-0.00019,-0.00019,-0.00019,-0.00019,-0.00019,-0.00019,-0.00019,0,0,0,0,0,0,0
27.214,-0.00019,-0.00019,-0.00019,-0.00019,-0.00019,-0.00019,-0.00019,0,0,0,0,0,0,0
27.414,-0.00019,-0.00019,-0.00019,-0.00019,-0.00019,-0.00019,-0.00019,0,0,0,0,0,0,0
27.614,-0.00019,-0.00019,-0.00019,-0.00019,-0.00019,-0.00019,-0.00019,0,0,0,0,0,0,0
27.814,-0.00019,-0.00019,-0.00019,-0.00019,-0.00019,-0.00019,-0.00019,0,0,0,0,0,0,0
28.014,-0.00019,-0.00019,-0.00019,-0.00019,-0.00019,-0.00019,-0.00019,0,0,0,0,0,0,0
28.214,-0.00019,-0.00019,-0.00019,-0.00019,-0.00019,-0.00019,-0.00019,0,0,0,0,0,0,0
28.414,-0.00019,-0.00019,-0.00019,-0.00019,-0.00019,-0.00019,-0.00019,0,0,0,0,0,0,0
28.614,-0.00019,-0.00019,-0.00019,-0.00019,-0.00019,-0.00019,-0.00019,0,0,0,0,0,0,0
28.814,-0.00019,-0.00019,-0.00019,-0.00019,-0.00019,-0.00019,-0.00019,0,0,0,0,0,0,0
29.015,-0.00019,-0.00019,-0.00019,-0.00019,-0.00019,-0.00019,-0.00019,0,0,0,0,0,0,0
29.215,-0.00019,-0.00019,-0.00019,-0.00019,-0.00019,-0.00019,-0.00019,0,0,0,0,0,0,0
29.415,-0.00019,-0.00019,-0.00019,-0.00019,-0.00019,-0.00019,-0.00019,0,0,0,0,0,0,0
29.615,-0.00019,-0.00019,-0.00019,-0.00019,-0.00019,-0.00019,-0.00019,0,0,0,0,0,0,0
29.815,-0.00019,-0.00019,-0.00019,-0.00019,-0.00019,-0.00019,-0.00019,0,0,0,0,0,0,0
30.015,-0.00019,-0.00019,-0.00019,-0.00019,-0.00019,-0.00019,-0.00019,0,0,0,0,0,0,0
30.215,-0.00019,-0.00019,-0.00019,-0.00019,-0.00019,-0.00019,-0.00019,0,0,0,0,0,0,0
30.415,-0.00019,-0.00019,-0.00019,-0.00019,-0.00019,-0.00019,-0.00019,0,0,0,0,0,0,0
30.615,-0.00019,-0.00019,-0.00019,-0.00019,-0.00019,-0.00019,-0.00019,0,0,0,0,0,0,0
30.815,-0.00019,-0.00019,-0.00019,-0.00019,-0.00019,-0.00019,-0.00019,0,0,0,0,0,0,0
31.016,-0.00019,-0.00019,-0.00019,-0.00019,-0.00019,-0.00019,-0.00019,0,0,0,0,0,0,0
31.216,-0.00019,-0.00019,-0.00019,-0.00019,-0.00019,-0.00019,-0.00019,0,0,0,0,0,0,0
31.416,-0.00019,-0.00019,-0.00019,-0.00019,-0.00019,-0.00019,-0.00019,0,0,0,0,0,0,0
31.616,-0.00019,-0.00019,-0.00019,-0.00019,-0.00019,-0.00019,-0.00019,0,0,0,0,0,0,0
31.816,-0.00019,-0.00019,-0.00019,-0.00019,-0.00019,-0.00019,-0.00019,0,0,0,0,0,0,0
32.016,-0.00019,-0.00019,-0.00019,-0.00019,-0.00019,-0.00019,-0.00019,0,0,0,0,0,0,0
32.216,-0.00019,-0.00019,-0.00019,-0.00019,-0.00019,-0.00019,-0.00019,0,0,0,0,0,0,0
32.416,-0.00019,-0.00019,-0.00019,-0.00019,-0.00019,-0.00019,-0.00019,0,0,0,0,0,0,0
32.616,-0.00019,-0.00019,-0.00019,-0.00019,-0.00019,-0.00019,-0.00019,0,0,0,0,0,0,0
32.816,-0.00019,-0.00019,-0.00019,-0.00019,-0.00019,-0.00019,-0.00019,0,0,0,0,0,0,0
33.017,-0.00019,-0.00019,-0.00019,-0.00019,-0.00019,-0.00019,-0.00019,0,0,0,0,0,0,0
33.217,-0.00019,-0.00019,-0.00019,-0.00019,-0.00019,-0.00019,-0.00019,0,0,0,0,0,0,0
33.417,-0.00019,-0.00019,-0.00019,-0.00019,-0.00019,-0.00019,-0.00019,0,0,0,0,0,0,0
33.617,-0.00019,-0.00019,-0.00019,-0.00019,-0.00019,-0.00019,-0.00019,0,0,0,0,0,0,0
33.817,-0.00019,-0.00019,-0.00019,-0.00019,-0.00019,-0.00019,-0.00019,0,0,0,0,0,0,0
34.017,-0.00019,-0.00019,-0.00019,-0.00019,-0.00019,-0.00019,-0.00019,0,0,0,0,0,0,0
34.217,-0.00019,-0.00019,-0.00019,-0.00019,-0.00019,-0.00019,-0.00019,0,0,0,0,0,0,0
34.417,-0.00019,-0.00019,-0.00019,-0.00019,-0.00019,-0.00019,-0.00019,0,0,0,0,0,0,0
34.618,-0.00019,-0.00019,-0.00019,-0.00019,-0.00019,-0.00019,-0.00019,0,0,0,0,0,0,0
34.818,-0.00019,-0.00019,-0.00019,-0.00019,-0.00019,-0.00019,-0.00019,0,0,0,0,0,0,0
35.018,-0.00019,-0.00019,-0.00019,-0.00019,-0.00019,-0.00019,-0.00019,0,0,0,0,0,0,0
35.218,-0.00019,-0.00019,-0.00019,-0.00019,-0.00019,-0.00019,-0.00019,0,0,0,0,0,0,0
35.418,-0.00019,-0.00019,-0.00019,-0.00019,-0.00019,-0.00019,-0.00019,0,0,0,0,0,0,0
35.618,-0.00019,-0.00019,-0.00019,-0.00019,-0.00019,-0.00019,-0.00019,0,0,0,0,0,0,0
35.818,-0.00019,-0.00019,-0.00019,-0.00019,-0.00019,-0.00019,-0.00019,0,0,0,0,0,0,0
36.018,-0.00019,-0.00019,-0.00019,-0.00019,-0.00019,-0.00019,-0.00019,0,0,0,0,0,0,0
36.218,-0.00019,-0.00019,-0.00019,-0.00019,-0.00019,-0.00019,-0.00019,0,0,0,0,0,0,0
36.418,-0.00019,-0.00019,-0.00019,-0.00019,-0.00019,-0.00019,-0.00019,0,0,0,0,0,0,0
36.618,-0.00019,-0.00019,-0.00019,-0.00019,-0.00019,-0.00019,-0.00019,0,0,0,0,0,0,0
36.819,-0.00019,-0.00019,-0.00019,-0.00019,-0.00019,-0.00019,-0.00019,0,0,0,0,0,0,0
37.019,-0.00019,-0.00019,-0.00019,-0.00019,-0.00019,-0.00019,-0.00019,0,0,0,0,0,0,0
37.219,-0.00019,-0.00019,-0.00019,-0.00019,-0.00019,-0.00019,-0.00019,0,0,0,0,0,0,0
37.419,-0.00019,-0.00019,-0.00019,-0.00019,-0.00019,-0.00019,-0.00019,0,0,0,0,0,0,0
37.619,-0.00019,-0.00019,-0.00019,-0.00019,-0.00019,-0.00019,-0.00019,0,0,0,0,0,0,0
37.819,-0.00019,-0.00019,-0.00019,-0.00019,-0.00019,-0.00019,-0.00019,0,0,0,0,0,0,0
38.019,-0.00019,-0.00019,-0.00019,-0.00019,-0.00019,-0.00019,-0.00019,0,0,0,0,0,0,0
38.219,-0.00019,-0.00019,-0.00019,-0.00019,-0.00019,-0.00019,-0.00019,0,0,0,0,0,0,0
38.419,-0.00019,-0.00019,-0.00019,-0.00019,-0.00019,-0.00019,-0.00019,0,0,0,0,0,0,0
38.620,-0.00019,-0.00019,-0.00019,-0.00019,-0.00019,-0.00019,-0.00019,0,0,0,0,0,0,0
38.820,-0.00019,-0.00019,-0.00019,-0.00019,-0.00019,-0.00019,-0.00019,0,0,0,0,0,0,0
39.020,-0.00019,-0.00019,-0.00019,-0.00019,-0.00019,-0.00019,-0.00019,0,0,0,0,0,0,0
39.220,-0.00019,-0.00019,-0.00019,-0.00019,-0.00019,-0.00019,-0.00019,0,0,0,0,0,0,0
39.420,-0.00019,-0.00019,-0.00019,-0.00019,-0.00019,-0.00019,-0.00019,0,0,0,0,0,0,0
39.620,-0.00019,-0.00019,-0.00019,-0.00019,-0.00019,-0.00019,-0.00019,0,0,0,0,0,0,0
39.820,-0.00019,-0.00019,-0.00019,-0.00019,-0.00019,-0.00019,-0.00019,0,0,0,0,0,0,0
40.020,-0.00019,-0.00019,-0.00019,-0.00019,-0.00019,-0.00019,-0.00019,0,0,0,0,0,0,0
40.220,-0.00019,-0.00019,-0.00019,-0.00019,-0.00019,-0.00019,-0.00019,0,0,0,0,0,0,0
40.421,-0.00019,-0.00019,-0.00019,-0.00019,-0.00019,-0.00019,-0.00019,0,0,0,0,0,0,0
40.621,-0.00019,-0.00019,-0.00019,-0.00019,-0.00019,-0.00019,-0.00019,0,0,0,0,0,0,0
40.821,-0.00019,-0.00019,-0.00019,-0.00019,-0.00019,-0.00019,-0.00019,0,0,0,0,0,0,0
41.021,-0.00019,-0.00019,-0.00019,-0.00019,-0.00019,-0.00019,-0.00019,0,0,0,0,0,0,0
41.221,-0.00019,-0.00019,-0.00019,-0.00019,-0.00019,-0.00019,-0.00019,0,0,0,0,0,0,0
41.421,-0.00019,-0.00019,-0.00019,-0.00019,-0.00019,-0.00019,-0.00019,0,0,0,0,0,0,0
41.621,-0.00019,-0.00019,-0.00019,-0.00019,-0.00019,-0.00019,-0.00019,0,0,0,0,0,0,0
41.821,-0.00019,-0.00019,-0.00019,-0.00019,-0.00019,-0.00019,-0.00019,0,0,0,0,0,0,0
42.022,-0.00019,-0.00019,-0.00019,-0.00019,-0.00019,-0.00019,-0.00019,0,0,0,0,0,0,0
42.222,-0.00019,-0.00019,-0.00019,-0.00019,-0.00019,-0.00019,-0.00019,0,0,0,0,0,0,0
42.422,-0.00019,-0.00019,-0.00019,-0.00019,-0.00019,-0.00019,-0.00019,0,0,0,0,0,0,0
42.622,-0.00019,-0.00019,-0.00019,-0.00019,-0.00019,-0.00019,-0.00019,0,0,0,0,0,0,0
42.822,-0.00019,-0.00019,-0.00019,-0.00019,-0.00019,-0.00019,-0.00019,0,0,0,0,0,0,0
43.022,-0.00019,-0.00019,-0.00019,-0.00019,-0.00019,-0.00019,-0.00019,0,0,0,0,0,0,0
43.222,-0.00019,-0.00019,-0.00019,-0.00019,-0.00019,-0.00019,-0.00019,0,0,0,0,0,0,0
43.422,-0.00019,-0.00019,-0.00019,-0.00019,-0.00019,-0.00019,-0.00019,0,0,0,0,0,0,0
43.622,-0.00019,-0.00019,-0.00019,-0.00019,-0.00019,-0.00019,-0.00019,0,0,0,0,0,0,0
43.822,-0.00019,-0.00019,-0.00019,-0.00019,-0.00019,-0.00019,-0.00019,0,0,0,0,0,0,0
44.023,-0.00019,-0.00019,-0.00019,-0.00019,-0.00019,-0.00019,-0.00019,0,0,0,0,0,0,0
44.223,-0.00019,-0.00019,-0.00019,-0.00019,-0.00019,-0.00019,-0.00019,0,0,0,0,0,0,0
44.423,-0.00019,-0.00019,-0.00019,-0.00019,-0.00019,-0.00019,-0.00019,0,0,0,0,0,0,0
44.623,-0.00019,-0.00019,-0.00019,-0.00019,-0.00019,-0.00019,-0.00019,0,0,0,0,0,0,0
44.823,-0.00019,-0.00019,-0.00019,-0.00019,-0.00019,-0.00019,-0.00019,0,0,0,0,0,0,0
45.023,-0.00019,-0.00019,-0.00019,-0.00019,-0.00019,-0.00019,-0.00019,0,0,0,0,0,0,0
45.223,-0.00019,-0.00019,-0.00019,-0.00019,-0.00019,-0.00019,-0.00019,0,0,0,0,0,0,0
45.423,-0.00019,-0.00019,-0.00019,-0.00019,-0.00019,-0.00019,-0.00019,0,0,0,0,0,0,0
45.623,-0.00019,-0.00019,-0.00019,-0.00019,-0.00019,-0.00019,-0.00019,0,0,0,0,0,0,0
45.823,-0.00019,-0.00019,-0.00019,-0.00019,-0.00019,-0.00019,-0.00019,0,0,0,0,0,0,0
46.024,-0.00019,-0.00019,-0.00019,-0.00019,-0.00019,-0.00019,-0.00019,0,0,0,0,0,0,0
46.224,-0.00019,-0.00019,-0.00019,-0.00019,-0.00019,-0.00019,-0.00019,0,0,0,0,0,0,0
46.424,-0.00019,-0.00019,-0.00019,-0.00019,-0.00019,-0.00019,-0.00019,0,0,0,0,0,0,0
46.624,-0.00019,-0.00019,-0.00019,-0.00019,-0.00019,-0.00019,-0.00019,0,0,0,0,0,0,0
46.824,-0.00019,-0.00019,-0.00019,-0.00019,-0.00019,-0.00019,-0.00019,0,0,0,0,0,0,0
47.024,-0.00019,-0.00019,-0.00019,-0.00019,-0.00019,-0.00019,-0.00019,0,0,0,0,0,0,0
47.224,-0.00019,-0.00019,-0.00019,-0.00019,-0.00019,-0.00019,-0.00019,0,0,0,0,0,0,0
47.424,-0.00019,-0.00019,-0.00019,-0.00019,-0.00019,-0.00019,-0.00019,0,0,0,0,0,0,0
47.624,-0.00019,-0.00019,-0.00019,-0.00019,-0.00019,-0.00019,-0.00019,0,0,0,0,0,0,0
47.824,-0.00019,-0.00019,-0.00019,-0.00019,-0.00019,-0.00019,-0.00019,0,0,0,0,0,0,0
48.024,-0.00019,-0.00019,-0.00019,-0.00019,-0.00019,-0.00019,-0.00019,0,0,0,0,0,0,0
48.225,-0.00019,-0.00019,-0.00019,-0.00019,-0.00019,-0.00019,-0.00019,0,0,0,0,0,0,0
48.425,-0.00019,-0.00019,-0.00019,-0.00019,-0.00019,-0.00019,-0.00019,0,0,0,0,0,0,0
48.625,-0.00019,-0.00019,-0.00019,-0.00019,-0.00019,-0.00019,-0.00019,0,0,0,0,0,0,0
48.825,-0.00019,-0.00019,-0.00019,-0.00019,-0.00019,-0.00019,-0.00019,0,0,0,0,0,0,0
49.025,-0.00019,-0.00019,-0.00019,-0.00019,-0.00019,-0.00019,-0.00019,0,0,0,0,0,0,0
49.225,-0.00019,-0.00019,-0.00019,-0.00019,-0.00019,-0.00019,-0.00019,0,0,0,0,0,0,0
49.425,-0.00019,-0.00019,-0.00019,-0.00019,-0.00019,-0.00019,-0.00019,0,0,0,0,0,0,0
49.625,-0.00019,-0.00019,-0.00019,-0.00019,-0.00019,-0.00019,-0.00019,0,0,0,0,0,0,0
49.825,-0.00019,-0.00019,-0.00019,-0.00019,-0.00019,-0.00019,-0.00019,0,0,0,0,0,0,0
50.025,-0.00019,-0.00019,-0.00019,-0.00019,-0.00019,-0.00019,-0.00019,0,0,0,0,0,0,0
50.226,-0.00019,-0.00019,-0.00019,-0.00019,-0.00019,-0.00019,-0.00019,0,0,0,0,0,0,0
50.426,-0.00019,-0.00019,-0.00019,-0.00019,-0.00019,-0.00019,-0.00019,0,0,0,0,0,0,0
50.626,-0.00019,-0.00019,-0.00019,-0.00019,-0.00019,-0.00019,-0.00019,0,0,0,0,0,0,0
50.826,-0.00019,-0.00019,-0.00019,-0.00019,-0.00019,-0.00019,-0.00019,0,0,0,0,0,0,0
51.026,-0.00019,-0.00019,-0.00019,-0.00019,-0.00019,-0.00019,-0.00019,0,0,0,0,0,0,0
51.226,-0.00019,-0.00019,-0.00019,-0.00019,-0.00019,-0.00019,-0.00019,0,0,0,0,0,0,0
51.426,-0.00019,-0.00019,-0.00019,-0.00019,-0.00019,-0.00019,-0.00019,0,0,0,0,0,0,0
51.626,-0.00019,-0.00019,-0.00019,-0.00019,-0.00019,-0.00019,-0.00019,0,0,0,0,0,0,0
51.826,-0.00019,-0.00019,-0.00019,-0.00019,-0.00019,-0.00019,-0.00019,0,0,0,0,0,0,0
52.026,-0.00019,-0.00019,-0.00019,-0.00019,-0.00019,-0.00019,-0.00019,0,0,0,0,0,0,0
52.227,-0.00019,-0.00019,-0.00019,-0.00019,-0.00019,-0.00019,-0.00019,0,0,0,0,0,0,0
52.427,-0.00019,-0.00019,-0.00019,-0.00019,-0.00019,-0.00019,-0.00019,0,0,0,0,0,0,0
52.627,-0.00019,-0.00019,-0.00019,-0.00019,-0.00019,-0.00019,-0.00019,0,0,0,0,0,0,0
52.827,-0.00019,-0.00019,-0.00019,-0.00019,-0.00019,-0.00019,-0.00019,0,0,0,0,0,0,0
53.027,-0.00019,-0.00019,-0.00019,-0.00019,-0.00019,-0.00019,-0.00019,0,0,0,0,0,0,0
53.227,-0.00019,-0.00019,-0.00019,-0.00019,-0.00019,-0.00019,-0.00019,0,0,0,0,0,0,0
53.427,-0.00019,-0.00019,-0.00019,-0.00019,-0.00019,-0.00019,-0.00019,0,0,0,0,0,0,0
53.627,-0.00019,-0.00019,-0.00019,-0.00019,-0.00019,-0.00019,-0.00019,0,0,0,0,0,0,0
53.827,-0.00019,-0.00019,-0.00019,-0.00019,-0.00019,-0.00019,-0.00019,0,0,0,0,0,0,0
54.027,-0.00019,-0.00019,-0.00019,-0.00019,-0.00019,-0.00019,-0.00019,0,0,0,0,0,0,0
54.227,-0.00019,-0.00019,-0.00019,-0.00019,-0.00019,-0.00019,-0.00019,0,0,0,0,0,0,0
54.427,-0.00019,-0.00019,-0.00019,-0.00019,-0.00019,-0.00019,-0.00019,0,0,0,0,0,0,0
54.627,-0.00019,-0.00019,-0.00019,-0.00019,-0.00019,-0.00019,-0.00019,0,0,0,0,0,0,0
54.827,-0.00019,-0.00019,-0.00019,-0.00019,-0.00019,-0.00019,-0.00019,0,0,0,0,0,0,0
55.028,-0.00019,-0.00019,-0.00019,-0.00019,-0.00019,-0.00019,-0.00019,0,0,0,0,0,0,0
55.228,-0.00019,-0.00019,-0.00019,-0.00019,-0.00019,-0.00019,-0.00019,0,0,0,0,0,0,0
55.428,-0.00019,-0.00019,-0.00019,-0.00019,-0.00019,-0.00019,-0.00019,0,0,0,0,0,0,0
55.628,-0.00019,-0.00019,-0.00019,-0.00019,-0.00019,-0.00019,-0.00019,0,0,0,0,0,0,0
55.828,-0.00019,-0.00019,-0.00019,-0.00019,-0.00019,-0.00019,-0.00019,0,0,0,0,0,0,0
56.028,-0.00019,-0.00019,-0.00019,-0.00019,-0.00019,-0.00019,-0.00019,0,0,0,0,0,0,0
56.228,-0.00019,-0.00019,-0.00019,-0.00019,-0.00019,-0.00019,-0.00019,0,0,0,0,0,0,0
56.428,-0.00019,-0.00019,-0.00019,-0.00019,-0.00019,-0.00019,-0.00019,0,0,0,0,0,0,0
56.628,-0.00019,-0.00019,-0.00019,-0.00019,-0.00019,-0.00019,-0.00019,0,0,0,0,0,0,0
56.828,-0.00019,-0.00019,-0.00019,-0.00019,-0.00019,-0.00019,-0.00019,0,0,0,0,0,0,0
57.028,-0.00019,-0.00019,-0.00019,-0.00019,-0.00019,-0.00019,-0.00019,0,0,0,0,0,0,0
57.228,-0.00019,-0.00019,-0.00019,-0.00019,-0.00019,-0.00019,-0.00019,0,0,0,0,0,0,0
57.428,-0.00019,-0.00019,-0.00019,-0.00019,-0.00019,-0.00019,-0.00019,0,0,0,0,0,0,0
57.629,-0.00019,-0.00019,-0.00019,-0.00019,-0.00019,-0.00019,-0.00019,0,0,0,0,0,0,0
57.829,-0.00019,-0.00019,-0.00019,-0.00019,-0.00019,-0.00019,-0.00019,0,0,0,0,0,0,0
58.029,-0.00019,-0.00019,-0.00019,-0.00019,-0.00019,-0.00019,-0.00019,0,0,0,0,0,0,0
58.229,-0.00019,-0.00019,-0.00019,-0.00019,-0.00019,-0.00019,-0.00019,0,0,0,0,0,0,0
58.429,-0.00019,-0.00019,-0.00019,-0.00019,-0.00019,-0.00019,-0.00019,0,0,0,0,0,0,0
58.629,-0.00019,-0.00019,-0.00019,-0.00019,-0.00019,-0.00019,-0.00019,0,0,0,0,0,0,0
58.829,-0.00019,-0.00019,-0.00019,-0.00019,-0.00019,-0.00019,-0.00019,0,0,0,0,0,0,0
59.029,-0.00019,-0.00019,-0.00019,-0.00019,-0.00019,-0.00019,-0.00019,0,0,0,0,0,0,0
59.229,-0.00019,-0.00019,-0.00019,-0.00019,-0.00019,-0.00019,-0.00019,0,0,0,0,0,0,0
59.429,-0.00019,-0.00019,-0.00019,-0.00019,-0.00019,-0.00019,-0.00019,0,0,0,0,0,0,0
59.629,-0.00019,-0.00019,-0.00019,-0.00019,-0.00019,-0.00019,-0.00019,0,0,0,0,0,0,0
59.829,-0.00019,-0.00019,-0.00019,-0.00019,-0.00019,-0.00019,-0.00019,0,0,0,0,0,0,0
60.029,-0.00019,-0.00019,-0.00019,-0.00019,-0.00019,-0.00019,-0.00019,0,0,0,0,0,0,0
60.230,-0.00019,-0.00019,-0.00019,-0.00019,-0.00019,-0.00019,-0.00019,0,0,0,0,0,0,0
60.430,-0.00019,-0.00019,-0.00019,-0.00019,-0.00019,-0.00019,-0.00019,0,0,0,0,0,0,0
60.630,-0.00019,-0.00019,-0.00019,-0.00019,-0.00019,-0.00019,-0.00019,0,0,0,0,0,0,0
60.830,-0.00019,-0.00019,-0.00019,-0.00019,-0.00019,-0.00019,-0.00019,0,0,0,0,0,0,0
61.030,-0.00019,-0.00019,-0.00019,-0.00019,-0.00019,-0.00019,-0.00019,0,0,0,0,0,0,0
61.230,-0.00019,-0.00019,-0.00019,-0.00019,-0.00019,-0.00019,-0.00019,0,0,0,0,0,0,0
61.430,-0.00019,-0.00019,-0.00019,-0.00019,-0.00019,-0.00019,-0.00019,0,0,0,0,0,0,0
61.630,-0.00019,-0.00019,-0.00019,-0.00019,-0.00019,-0.00019,-0.00019,0,0,0,0,0,0,0
61.830,-0.00019,-0.00019,-0.00019,-0.00019,-0.00019,-0.00019,-0.00019,0,0,0,0,0,0,0
62.030,-0.00019,-0.00019,-0.00019,-0.00019,-0.00019,-0.00019,-0.00019,0,0,0,0,0,0,0
62.230,-0.00019,-0.00019,-0.00019,-0.00019,-0.00019,-0.00019,-0.00019,0,0,0,0,0,0,0
62.430,-0.00019,-0.00019,-0.00019,-0.00019,-0.00019,-0.00019,-0.00019,0,0,0,0,0,0,0
62.630,-0.00019,-0.00019,-0.00019,-0.00019,-0.00019,-0.00019,-0.00019,0,0,0,0,0,0,0
62.831,-0.00019,-0.00019,-0.00019,-0.00019,-0.00019,-0.00019,-0.00019,0,0,0,0,0,0,0
63.031,-0.00019,-0.00019,-0.00019,-0.00019,-0.00019,-0.00019,-0.00019,0,0,0,0,0,0,0
63.231,-0.00019,-0.00019,-0.00019,-0.00019,-0.00019,-0.00019,-0.00019,0,0,0,0,0,0,0
63.431,-0.00019,-0.00019,-0.00019,-0.00019,-0.00019,-0.00019,-0.00019,0,0,0,0,0,0,0
63.631,-0.00019,-0.00019,-0.00019,-0.00019,-0.00019,-0.00019,-0.00019,0,0,0,0,0,0,0
63.831,-0.00019,-0.00019,-0.00019,-0.00019,-0.00019,-0.00019,-0.00019,0,0,0,0,0,0,0
64.031,-0.00019,-0.00019,-0.00019,-0.00019,-0.00019,-0.00019,-0.00019,0,0,0,0,0,0,0
64.231,-0.00019,-0.00019,-0.00019,-0.00019,-0.00019,-0.00019,-0.00019,0,0,0,0,0,0,0
64.432,-0.00019,-0.00019,-0.00019,-0.00019,-0.00019,-0.00019,-0.00019,0,0,0,0,0,0,0
64.632,-0.00019,-0.00019,-0.00019,-0.00019,-0.00019,-0.00019,-0.00019,0,0,0,0,0,0,0
64.832,-0.00019,-0.00019,-0.00019,-0.00019,-0.00019,-0.00019,-0.00019,0,0,0,0,0,0,0
65.032,-0.00019,-0.00019,-0.00019,-0.00019,-0.00019,-0.00019,-0.00019,0,0,0,0,0,0,0
65.232,-0.00019,-0.00019,-0.00019,-0.00019,-0.00019,-0.00019,-0.00019,0,0,0,0,0,0,0
65.432,-0.00019,-0.00019,-0.00019,-0.00019,-0.00019,-0.00019,-0.00019,0,0,0,0,0,0,0
65.632,-0.00019,-0.00019,-0.00019,-0.00019,-0.00019,-0.00019,-0.00019,0,0,0,0,0,0,0
65.832,-0.00019,-0.00019,-0.00019,-0.00019,-0.00019,-0.00019,-0.00019,0,0,0,0,0,0,0
66.032,-0.00019,-0.00019,-0.00019,-0.00019,-0.00019,-0.00019,-0.00019,0,0,0,0,0,0,0
66.232,-0.00019,-0.00019,-0.00019,-0.00019,-0.00019,-0.00019,-0.00019,0,0,0,0,0,0,0
66.433,-0.00019,-0.00019,-0.00019,-0.00019,-0.00019,-0.00019,-0.00019,0,0,0,0,0,0,0
66.633,-0.00019,-0.00019,-0.00019,-0.00019,-0.00019,-0.00019,-0.00019,0,0,0,0,0,0,0
66.833,-0.00019,-0.00019,-0.00019,-0.00019,-0.00019,-0.00019,-0.00019,0,0,0,0,0,0,0
67.033,-0.00019,-0.00019,-0.00019,-0.00019,-0.00019,-0.00019,-0.00019,0,0,0,0,0,0,0
67.233,-0.00019,-0.00019,-0.00019,-0.00019,-0.00019,-0.00019,-0.00019,0,0,0,0,0,0,0
67.433,-0.00019,-0.00019,-0.00019,-0.00019,-0.00019,-0.00019,-0.00019,0,0,0,0,0,0,0
67.633,-0.00019,-0.00019,-0.00019,-0.00019,-0.00019,-0.00019,-0.00019,0,0,0,0,0,0,0
67.833,-0.00019,-0.00019,-0.00019,-0.00019,-0.00019,-0.00019,-0.00019,0,0,0,0,0,0,0
68.033,-0.00019,-0.00019,-0.00019,-0.00019,-0.00019,-0.00019,-0.00019,0,0,0,0,0,0,0
68.233,-0.00019,-0.00019,-0.00019,-0.00019,-0.00019,-0.00019,-0.00019,0,0,0,0,0,0,0
68.434,-0.00019,-0.00019,-0.00019,-0.00019,-0.00019,-0.00019,-0.00019,0,0,0,0,0,0,0
68.634,-0.00019,-0.00019,-0.00019,-0.00019,-0.00019,-0.00019,-0.00019,0,0,0,0,0,0,0
68.834,-0.00019,-0.00019,-0.00019,-0.00019,-0.00019,-0.00019,-0.00019,0,0,0,0,0,0,0
69.034,-0.00019,-0.00019,-0.00019,-0.00019,-0.00019,-0.00019,-0.00019,0,0,0,0,0,0,0
69.234,-0.00019,-0.00019,-0.00019,-0.00019,-0.00019,-0.00019,-0.00019,0,0,0,0,0,0,0
69.434,-0.00019,-0.00019,-0.00019,-0.00019,-0.00019,-0.00019,-0.00019,0,0,0,0,0,0,0
69.634,-0.00019,-0.00019,-0.00019,-0.00019,-0.00019,-0.00019,-0.00019,0,0,0,0,0,0,0
69.834,-0.00019,-0.00019,-0.00019,-0.00019,-0.00019,-0.00019,-0.00019,0,0,0,0,0,0,0
70.035,-0.00019,-0.00019,-0.00019,-0.00019,-0.00019,-0.00019,-0.00019,0,0,0,0,0,0,0
70.235,-0.00019,-0.00019,-0.00019,-0.00019,-0.00019,-0.00019,-0.00019,0,0,0,0,0,0,0
70.435,-0.00019,-0.00019,-0.00019,-0.00019,-0.00019,-0.00019,-0.00019,0,0,0,0,0,0,0
70.635,-0.00019,-0.00019,-0.00019,-0.00019,-0.00019,-0.00019,-0.00019,0,0,0,0,0,0,0
70.835,-0.00019,-0.00019,-0.00019,-0.00019,-0.00019,-0.00019,-0.00019,0,0,0,0,0,0,0
71.035,-0.00019,-0.00019,-0.00019,-0.00019,-0.00019,-0.00019,-0.00019,0,0,0,0,0,0,0
71.235,-0.00019,-0.00019,-0.00019,-0.00019,-0.00019,-0.00019,-0.00019,0,0,0,0,0,0,0
71.435,-0.00019,-0.00019,-0.00019,-0.00019,-0.00019,-0.00019,-0.00019,0,0,0,0,0,0,0
71.635,-0.00019,-0.00019,-0.00019,-0.00019,-0.00019,-0.00019,-0.00019,0,0,0,0,0,0,0
71.836,-0.00019,-0.00019,-0.00019,-0.00019,-0.00019,-0.00019,-0.00019,0,0,0,0,0,0,0
72.036,-0.00019,-0.00019,-0.00019,-0.00019,-0.00019,-0.00019,-0.00019,0,0,0,0,0,0,0
72.236,-0.00019,-0.00019,-0.00019,-0.00019,-0.00019,-0.00019,-0.00019,0,0,0,0,0,0,0
72.436,-0.00019,-0.00019,-0.00019,-0.00019,-0.00019,-0.00019,-0.00019,0,0,0,0,0,0,0
72.636,-0.00019,-0.00019,-0.00019,-0.00019,-0.00019,-0.00019,-0.00019,0,0,0,0,0,0,0
72.836,-0.00019,-0.00019,-0.00019,-0.00019,-0.00019,-0.00019,-0.00019,0,0,0,0,0,0,0
73.036,-0.00019,-0.00019,-0.00019,-0.00019,-0.00019,-0.00019,-0.00019,0,0,0,0,0,0,0
73.236,-0.00019,-0.00019,-0.00019,-0.00019,-0.00019,-0.00019,-0.00019,0,0,0,0,0,0,0
73.436,-0.00019,-0.00019,-0.00019,-0.00019,-0.00019,-0.00019,-0.00019,0,0,0,0,0,0,0
73.637,-0.00019,-0.00019,-0.00019,-0.00019,-0.00019,-0.00019,-0.00019,0,0,0,0,0,0,0
73.837,-0.00019,-0.00019,-0.00019,-0.00019,-0.00019,-0.00019,-0.00019,0,0,0,0,0,0,0
74.037,-0.00019,-0.00019,-0.00019,-0.00019,-0.00019,-0.00019,-0.00019,0,0,0,0,0,0,0
74.237,-0.00019,-0.00019,-0.00019,-0.00019,-0.00019,-0.00019,-0.00019,0,0,0,0,0,0,0
74.437,-0.00019,-0.00019,-0.00019,-0.00019,-0.00019,-0.00019,-0.00019,0,0,0,0,0,0,0
74.637,-0.00019,-0.00019,-0.00019,-0.00019,-0.00019,-0.00019,-0.00019,0,0,0,0,0,0,0
74.837,-0.00019,-0.00019,-0.00019,-0.00019,-0.00019,-0.00019,-0.00019,0,0,0,0,0,0,0
75.037,-0.00019,-0.00019,-0.00019,-0.00019,-0.00019,-0.00019,-0.00019,0,0,0,0,0,0,0
75.238,-0.00019,-0.00019,-0.00019,-0.00019,-0.00019,-0.00019,-0.00019,0,0,0,0,0,0,0
75.438,-0.00019,-0.00019,-0.00019,-0.00019,-0.00019,-0.00019,-0.00019,0,0,0,0,0,0,0
75.638,-0.00019,-0.00019,-0.00019,-0.00019,-0.00019,-0.00019,-0.00019,0,0,0,0,0,0,0
75.838,-0.00019,-0.00019,-0.00019,-0.00019,-0.00019,-0.00019,-0.00019,0,0,0,0,0,0,0
76.038,-0.00019,-0.00019,-0.00019,-0.00019,-0.00019,-0.00019,-0.00019,0,0,0,0,0,0,0
76.238,-0.00019,-0.00019,-0.00019,-0.00019,-0.00019,-0.00019,-0.00019,0,0,0,0,0,0,0
76.438,-0.00019,-0.00019,-0.00019,-0.00019,-0.00019,-0.00019,-0.00019,0,0,0,0,0,0,0
76.638,-0.00019,-0.00019,-0.00019,-0.00019,-0.00019,-0.00019,-0.00019,0,0,0,0,0,0,0
76.838,-0.00019,-0.00019,-0.00019,-0.00019,-0.00019,-0.00019,-0.00019,0,0,0,0,0,0,0
77.039,-0.00019,-0.00019,-0.00019,-0.00019,-0.00019,-0.00019,-0.00019,0,0,0,0,0,0,0
77.239,-0.00019,-0.00019,-0.00019,-0.00019,-0.00019,-0.00019,-0.00019,0,0,0,0,0,0,0
77.439,-0.00019,-0.00019,-0.00019,-0.00019,-0.00019,-0.00019,-0.00019,0,0,0,0,0,0,0
77.639,-0.00019,-0.00019,-0.00019,-0.00019,-0.00019,-0.00019,-0.00019,0,0,0,0,0,0,0
77.839,-0.00019,-0.00019,-0.00019,-0.00019,-0.00019,-0.00019,-0.00019,0,0,0,0,0,0,0
78.039,-0.00019,-0.00019,-0.00019,-0.00019,-0.00019,-0.00019,-0.00019,0,0,0,0,0,0,0
78.239,-0.00019,-0.00019,-0.00019,-0.00019,-0.00019,-0.00019,-0.00019,0,0,0,0,0,0,0
78.439,-0.00019,-0.00019,-0.00019,-0.00019,-0.00019,-0.00019,-0.00019,0,0,0,0,0,0,0
78.640,-0.00019,-0.00019,-0.00019,-0.00019,-0.00019,-0.00019,-0.00019,0,0,0,0,0,0,0
78.840,-0.00019,-0.00019,-0.00019,-0.00019,-0.00019,-0.00019,-0.00019,0,0,0,0,0,0,0
79.040,-0.00019,-0.00019,-0.00019,-0.00019,-0.00019,-0.00019,-0.00019,0,0,0,0,0,0,0
79.240,-0.00019,-0.00019,-0.00019,-0.00019,-0.00019,-0.00019,-0.00019,0,0,0,0,0,0,0
79.440,-0.00019,-0.00019,-0.00019,-0.00019,-0.00019,-0.00019,-0.00019,0,0,0,0,0,0,0
79.640,-0.00019,-0.00019,-0.00019,-0.00019,-0.00019,-0.00019,-0.00019,0,0,0,0,0,0,0
79.840,-0.00019,-0.00019,-0.00019,-0.00019,-0.00019,-0.00019,-0.00019,0,0,0,0,0,0,0
80.040,-0.00019,-0.00019,-0.00019,-0.00019,-0.00019,-0.00019,-0.00019,0,0,0,0,0,0,0
80.240,-0.00019,-0.00019,-0.00019,-0.00019,-0.00019,-0.00019,-0.00019,0,0,0,0,0,0,0
80.440,-0.00019,-0.00019,-0.00019,-0.00019,-0.00019,-0.00019,-0.00019,0,0,0,0,0,0,0
80.641,-0.00019,-0.00019,-0.00019,-0.00019,-0.00019,-0.00019,-0.00019,0,0,0,0,0,0,0
80.841,-0.00019,-0.00019,-0.00019,-0.00019,-0.00019,-0.00019,-0.00019,0,0,0,0,0,0,0
81.041,-0.00019,-0.00019,-0.00019,-0.00019,-0.00019,-0.00019,-0.00019,0,0,0,0,0,0,0
81.241,-0.00019,-0.00019,-0.00019,-0.00019,-0.00019,-0.00019,-0.00019,0,0,0,0,0,0,0
81.441,-0.00019,-0.00019,-0.00019,-0.00019,-0.00019,-0.00019,-0.00019,0,0,0,0,0,0,0
81.641,-0.00019,-0.00019,-0.00019,-0.00019,-0.00019,-0.00019,-0.00019,0,0,0,0,0,0,0
81.841,-0.00019,-0.00019,-0.00019,-0.00019,-0.00019,-0.00019,-0.00019,0,0,0,0,0,0,0
82.041,-0.00019,-0.00019,-0.00019,-0.00019,-0.00019,-0.00019,-0.00019,0,0,0,0,0,0,0
82.241,-0.00019,-0.00019,-0.00019,-0.00019,-0.00019,-0.00019,-0.00019,0,0,0,0,0,0,0
82.442,-0.00019,-0.00019,-0.00019,-0.00019,-0.00019,-0.00019,-0.00019,0,0,0,0,0,0,0
82.642,-0.00019,-0.00019,-0.00019,-0.00019,-0.00019,-0.00019,-0.00019,0,0,0,0,0,0,0
82.842,-0.00019,-0.00019,-0.00019,-0.00019,-0.00019,-0.00019,-0.00019,0,0,0,0,0,0,0
83.042,-0.00019,-0.00019,-0.00019,-0.00019,-0.00019,-0.00019,-0.00019,0,0,0,0,0,0,0
83.242,-0.00019,-0.00019,-0.00019,-0.00019,-0.00019,-0.00019,-0.00019,0,0,0,0,0,0,0
83.442,-0.00019,-0.00019,-0.00019,-0.00019,-0.00019,-0.00019,-0.00019,0,0,0,0,0,0,0
83.642,-0.00019,-0.00019,-0.00019,-0.00019,-0.00019,-0.00019,-0.00019,0,0,0,0,0,0,0
83.842,-0.00019,-0.00019,-0.00019,-0.00019,-0.00019,-0.00019,-0.00019,0,0,0,0,0,0,0
84.043,-0.00019,-0.00019,-0.00019,-0.00019,-0.00019,-0.00019,-0.00019,0,0,0,0,0,0,0
84.243,-0.00019,-0.00019,-0.00019,-0.00019,-0.00019,-0.00019,-0.00019,0,0,0,0,0,0,0
84.443,-0.00019,-0.00019,-0.00019,-0.00019,-0.00019,-0.00019,-0.00019,0,0,0,0,0,0,0
84.643,-0.00019,-0.00019,-0.00019,-0.00019,-0.00019,-0.00019,-0.00019,0,0,0,0,0,0,0
84.843,-0.00019,-0.00019,-0.00019,-0.00019,-0.00019,-0.00019,-0.00019,0,0,0,0,0,0,0
85.043,-0.00019,-0.00019,-0.00019,-0.00019,-0.00019,-0.00019,-0.00019,0,0,0,0,0,0,0
85.243,-0.00019,-0.00019,-0.00019,-0.00019,-0.00019,-0.00019,-0.00019,0,0,0,0,0,0,0
85.443,-0.00019,-0.00019,-0.00019,-0.00019,-0.00019,-0.00019,-0.00019,0,0,0,0,0,0,0
85.643,-0.00019,-0.00019,-0.00019,-0.00019,-0.00019,-0.00019,-0.00019,0,0,0,0,0,0,0
85.843,-0.00019,-0.00019,-0.00019,-0.00019,-0.00019,-0.00019,-0.00019,0,0,0,0,0,0,0
86.044,-0.00019,-0.00019,-0.00019,-0.00019,-0.00019,-0.00019,-0.00019,0,0,0,0,0,0,0
86.244,-0.00019,-0.00019,-0.00019,-0.00019,-0.00019,-0.00019,-0.00019,0,0,0,0,0,0,0
86.444,-0.00019,-0.00019,-0.00019,-0.00019,-0.00019,-0.00019,-0.00019,0,0,0,0,0,0,0
86.644,-0.00019,-0.00019,-0.00019,-0.00019,-0.00019,-0.00019,-0.00019,0,0,0,0,0,0,0
86.844,-0.00019,-0.00019,-0.00019,-0.00019,-0.00019,-0.00019,-0.00019,0,0,0,0,0,0,0
87.044,-0.00019,-0.00019,-0.00019,-0.00019,-0.00019,-0.00019,-0.00019,0,0,0,0,0,0,0
87.244,-0.00019,-0.00019,-0.00019,-0.00019,-0.00019,-0.00019,-0.00019,0,0,0,0,0,0,0
87.444,-0.00019,-0.00019,-0.00019,-0.00019,-0.00019,-0.00019,-0.00019,0,0,0,0,0,0,0
87.644,-0.00019,-0.00019,-0.00019,-0.00019,-0.00019,-0.00019,-0.00019,0,0,0,0,0,0,0
87.845,-0.00019,-0.00019,-0.00019,-0.00019,-0.00019,-0.00019,-0.00019,0,0,0,0,0,0,0
88.045,-0.00019,-0.00019,-0.00019,-0.00019,-0.00019,-0.00019,-0.00019,0,0,0,0,0,0,0
88.245,-0.00019,-0.00019,-0.00019,-0.00019,-0.00019,-0.00019,-0.00019,0,0,0,0,0,0,0
88.445,-0.00019,-0.00019,-0.00019,-0.00019,-0.00019,-0.00019,-0.00019,0,0,0,0,0,0,0
88.645,-0.00019,-0.00019,-0.00019,-0.00019,-0.00019,-0.00019,-0.00019,0,0,0,0,0,0,0
88.845,-0.00019,-0.00019,-0.00019,-0.00019,-0.00019,-0.00019,-0.00019,0,0,0,0,0,0,0
89.045,-0.00019,-0.00019,-0.00019,-0.00019,-0.00019,-0.00019,-0.00019,0,0,0,0,0,0,0
89.245,-0.00019,-0.00019,-0.00019,-0.00019,-0.00019,-0.00019,-0.00019,0,0,0,0,0,0,0
89.445,-0.00019,-0.00019,-0.00019,-0.00019,-0.00019,-0.00019,-0.00019,0,0,0,0,0,0,0
89.646,-0.00019,-0.00019,-0.00019,-0.00019,-0.00019,-0.00019,-0.00019,0,0,0,0,0,0,0
89.846,-0.00019,-0.00019,-0.00019,-0.00019,-0.00019,-0.00019,-0.00019,0,0,0,0,0,0,0
90.046,-0.00019,-0.00019,-0.00019,-0.00019,-0.00019,-0.00019,-0.00019,0,0,0,0,0,0,0
90.246,-0.00019,-0.00019,-0.00019,-0.00019,-0.00019,-0.00019,-0.00019,0,0,0,0,0,0,0
90.446,-0.00019,-0.00019,-0.00019,-0.00019,-0.00019,-0.00019,-0.00019,0,0,0,0,0,0,0
90.646,-0.00019,-0.00019,-0.00019,-0.00019,-0.00019,-0.00019,-0.00019,0,0,0,0,0,0,0
90.846,-0.00019,-0.00019,-0.00019,-0.00019,-0.00019,-0.00019,-0.00019,0,0,0,0,0,0,0
91.046,-0.00019,-0.00019,-0.00019,-0.00019,-0.00019,-0.00019,-0.00019,0,0,0,0,0,0,0
91.246,-0.00019,-0.00019,-0.00019,-0.00019,-0.00019,-0.00019,-0.00019,0,0,0,0,0,0,0
91.447,-0.00019,-0.00019,-0.00019,-0.00019,-0.00019,-0.00019,-0.00019,0,0,0,0,0,0,0
91.647,-0.00019,-0.00019,-0.00019,-0.00019,-0.00019,-0.00019,-0.00019,0,0,0,0,0,0,0
91.847,-0.00019,-0.00019,-0.00019,-0.00019,-0.00019,-0.00019,-0.00019,0,0,0,0,0,0,0
92.047,-0.00019,-0.00019,-0.00019,-0.00019,-0.00019,-0.00019,-0.00019,0,0,0,0,0,0,0
92.247,-0.00019,-0.00019,-0.00019,-0.00019,-0.00019,-0.00019,-0.00019,0,0,0,0,0,0,0
92.447,-0.00019,-0.00019,-0.00019,-0.00019,-0.00019,-0.00019,-0.00019,0,0,0,0,0,0,0
92.647,-0.00019,-0.00019,-0.00019,-0.00019,-0.00019,-0.00019,-0.00019,0,0,0,0,0,0,0
92.847,-0.00019,-0.00019,-0.00019,-0.00019,-0.00019,-0.00019,-0.00019,0,0,0,0,0,0,0
93.047,-0.00019,-0.00019,-0.00019,-0.00019,-0.00019,-0.00019,-0.00019,0,0,0,0,0,0,0
93.247,-0.00019,-0.00019,-0.00019,-0.00019,-0.00019,-0.00019,-0.00019,0,0,0,0,0,0,0
93.448,-0.00019,-0.00019,-0.00019,-0.00019,-0.00019,-0.00019,-0.00019,0,0,0,0,0,0,0
93.648,-0.00019,-0.00019,-0.00019,-0.00019,-0.00019,-0.00019,-0.00019,0,0,0,0,0,0,0
93.848,-0.00019,-0.00019,-0.00019,-0.00019,-0.00019,-0.00019,-0.00019,0,0,0,0,0,0,0
94.048,-0.00019,-0.00019,-0.00019,-0.00019,-0.00019,-0.00019,-0.00019,0,0,0,0,0,0,0
94.248,-0.00019,-0.00019,-0.00019,-0.00019,-0.00019,-0.00019,-0.00019,0,0,0,0,0,0,0
94.448,-0.00019,-0.00019,-0.00019,-0.00019,-0.00019,-0.00019,-0.00019,0,0,0,0,0,0,0
94.648,-0.00019,-0.00019,-0.00019,-0.00019,-0.00019,-0.00019,-0.00019,0,0,0,0,0,0,0
94.848,-0.00019,-0.00019,-0.00019,-0.00019,-0.00019,-0.00019,-0.00019,0,0,0,0,0,0,0
95.049,-0.00019,-0.00019,-0.00019,-0.00019,-0.00019,-0.00019,-0.00019,0,0,0,0,0,0,0
95.249,-0.00019,-0.00019,-0.00019,-0.00019,-0.00019,-0.00019,-0.00019,0,0,0,0,0,0,0
95.449,-0.00019,-0.00019,-0.00019,-0.00019,-0.00019,-0.00019,-0.00019,0,0,0,0,0,0,0
95.649,-0.00019,-0.00019,-0.00019,-0.00019,-0.00019,-0.00019,-0.00019,0,0,0,0,0,0,0
95.849,-0.00019,-0.00019,-0.00019,-0.00019,-0.00019,-0.00019,-0.00019,0,0,0,0,0,0,0
96.049,-0.00019,-0.00019,-0.00019,-0.00019,-0.00019,-0.00019,-0.00019,0,0,0,0,0,0,0
96.249,-0.00019,-0.00019,-0.00019,-0.00019,-0.00019,-0.00019,-0.00019,0,0,0,0,0,0,0
96.449,-0.00019,-0.00019,-0.00019,-0.00019,-0.00019,-0.00019,-0.00019,0,0,0,0,0,0,0
96.650,-0.00019,-0.00019,-0.00019,-0.00019,-0.00019,-0.00019,-0.00019,0,0,0,0,0,0,0
96.850,-0.00019,-0.00019,-0.00019,-0.00019,-0.00019,-0.00019,-0.00019,0,0,0,0,0,0,0
97.050,-0.00019,-0.00019,-0.00019,-0.00019,-0.00019,-0.00019,-0.00019,0,0,0,0,0,0,0
97.250,-0.00019,-0.00019,-0.00019,-0.00019,-0.00019,-0.00019,-0.00019,0,0,0,0,0,0,0
97.450,-0.00019,-0.00019,-0.00019,-0.00019,-0.00019,-0.00019,-0.00019,0,0,0,0,0,0,0
97.650,-0.00019,-0.00019,-0.00019,-0.00019,-0.00019,-0.00019,-0.00019,0,0,0,0,0,0,0
97.850,-0.00019,-0.00019,-0.00019,-0.00019,-0.00019,-0.00019,-0.00019,0,0,0,0,0,0,0
98.050,-0.00019,-0.00019,-0.00019,-0.00019,-0.00019,-0.00019,-0.00019,0,0,0,0,0,0,0
98.251,-0.00019,-0.00019,-0.00019,-0.00019,-0.00019,-0.00019,-0.00019,0,0,0,0,0,0,0
98.451,-0.00019,-0.00019,-0.00019,-0.00019,-0.00019,-0.00019,-0.00019,0,0,0,0,0,0,0
98.651,-0.00019,-0.00019,-0.00019,-0.00019,-0.00019,-0.00019,-0.00019,0,0,0,0,0,0,0
98.851,-0.00019,-0.00019,-0.00019,-0.00019,-0.00019,-0.00019,-0.00019,0,0,0,0,0,0,0
99.051,-0.00019,-0.00019,-0.00019,-0.00019,-0.00019,-0.00019,-0.00019,0,0,0,0,0,0,0
99.251,-0.00019,-0.00019,-0.00019,-0.00019,-0.00019,-0.00019,-0.00019,0,0,0,0,0,0,0
99.451,-0.00019,-0.00019,-0.00019,-0.00019,-0.00019,-0.00019,-0.00019,0,0,0,0,0,0,0
99.651,-0.00019,-0.00019,-0.00019,-0.00019,-0.00019,-0.00019,-0.00019,0,0,0,0,0,0,0
99.851,-0.00019,-0.00019,-0.00019,-0.00019,-0.00019,-0.00019,-0.00019,0,0,0,0,0,0,0
100.051,-0.00019,-0.00019,-0.00019,-0.00019,-0.00019,-0.00019,-0.00019,0,0,0,0,0,0,0
100.251,-0.00019,-0.00019,-0.00019,-0.00019,-0.00019,-0.00019,-0.00019,0,0,0,0,0,0,0
100.452,-0.00019,-0.00019,-0.00019,-0.00019,-0.00019,-0.00019,-0.00019,0,0,0,0,0,0,0
100.652,-0.00019,-0.00019,-0.00019,-0.00019,-0.00019,-0.00019,-0.00019,0,0,0,0,0,0,0
100.852,-0.00019,-0.00019,-0.00019,-0.00019,-0.00019,-0.00019,-0.00019,0,0,0,0,0,0,0
101.052,-0.00019,-0.00019,-0.00019,-0.00019,-0.00019,-0.00019,-0.00019,0,0,0,0,0,0,0
101.252,-0.00019,-0.00019,-0.00019,-0.00019,-0.00019,-0.00019,-0.00019,0,0,0,0,0,0,0
101.452,-0.00019,-0.00019,-0.00019,-0.00019,-0.00019,-0.00019,-0.00019,0,0,0,0,0,0,0
101.652,-0.00019,-0.00019,-0.00019,-0.00019,-0.00019,-0.00019,-0.00019,0,0,0,0,0,0,0
101.852,-0.00019,-0.00019,-0.00019,-0.00019,-0.00019,-0.00019,-0.00019,0,0,0,0,0,0,0
102.052,-0.00019,-0.00019,-0.00019,-0.00019,-0.00019,-0.00019,-0.00019,0,0,0,0,0,0,0
102.253,-0.00019,-0.00019,-0.00019,-0.00019,-0.00019,-0.00019,-0.00019,0,0,0,0,0,0,0
102.453,-0.00019,-0.00019,-0.00019,-0.00019,-0.00019,-0.00019,-0.00019,0,0,0,0,0,0,0
102.653,-0.00019,-0.00019,-0.00019,-0.00019,-0.00019,-0.00019,-0.00019,0,0,0,0,0,0,0
102.853,-0.00019,-0.00019,-0.00019,-0.00019,-0.00019,-0.00019,-0.00019,0,0,0,0,0,0,0
103.053,-0.00019,-0.00019,-0.00019,-0.00019,-0.00019,-0.00019,-0.00019,0,0,0,0,0,0,0
103.253,-0.00019,-0.00019,-0.00019,-0.00019,-0.00019,-0.00019,-0.00019,0,0,0,0,0,0,0
103.453,-0.00019,-0.00019,-0.00019,-0.00019,-0.00019,-0.00019,-0.00019,0,0,0,0,0,0,0
103.653,-0.00019,-0.00019,-0.00019,-0.00019,-0.00019,-0.00019,-0.00019,0,0,0,0,0,0,0
103.853,-0.00019,-0.00019,-0.00019,-0.00019,-0.00019,-0.00019,-0.00019,0,0,0,0,0,0,0
104.054,-0.00019,-0.00019,-0.00019,-0.00019,-0.00019,-0.00019,-0.00019,0,0,0,0,0,0,0
104.254,-0.00019,-0.00019,-0.00019,-0.00019,-0.00019,-0.00019,-0.00019,0,0,0,0,0,0,0
104.454,-0.00019,-0.00019,-0.00019,-0.00019,-0.00019,-0.00019,-0.00019,0,0,0,0,0,0,0
104.654,-0.00019,-0.00019,-0.00019,-0.00019,-0.00019,-0.00019,-0.00019,0,0,0,0,0,0,0
104.854,-0.00019,-0.00019,-0.00019,-0.00019,-0.00019,-0.00019,-0.00019,0,0,0,0,0,0,0
105.054,-0.00019,-0.00019,-0.00019,-0.00019,-0.00019,-0.00019,-0.00019,0,0,0,0,0,0,0
105.254,-0.00019,-0.00019,-0.00019,-0.00019,-0.00019,-0.00019,-0.00019,0,0,0,0,0,0,0
105.454,-0.00019,-0.00019,-0.00019,-0.00019,-0.00019,-0.00019,-0.00019,0,0,0,0,0,0,0
105.654,-0.00019,-0.00019,-0.00019,-0.00019,-0.00019,-0.00019,-0.00019,0,0,0,0,0,0,0
105.855,-0.00019,-0.00019,-0.00019,-0.00019,-0.00019,-0.00019,-0.00019,0,0,0,0,0,0,0
106.055,-0.00019,-0.00019,-0.00019,-0.00019,-0.00019,-0.00019,-0.00019,0,0,0,0,0,0,0
106.255,-0.00019,-0.00019,-0.00019,-0.00019,-0.00019,-0.00019,-0.00019,0,0,0,0,0,0,0
106.455,-0.00019,-0.00019,-0.00019,-0.00019,-0.00019,-0.00019,-0.00019,0,0,0,0,0,0,0
106.655,-0.00019,-0.00019,-0.00019,-0.00019,-0.00019,-0.00019,-0.00019,0,0,0,0,0,0,0
106.855,-0.00019,-0.00019,-0.00019,-0.00019,-0.00019,-0.00019,-0.00019,0,0,0,0,0,0,0
107.055,-0.00019,-0.00019,-0.00019,-0.00019,-0.00019,-0.00019,-0.00019,0,0,0,0,0,0,0
107.255,-0.00019,-0.00019,-0.00019,-0.00019,-0.00019,-0.00019,-0.00019,0,0,0,0,0,0,0
107.455,-0.00019,-0.00019,-0.00019,-0.00019,-0.00019,-0.00019,-0.00019,0,0,0,0,0,0,0
107.656,-0.00019,-0.00019,-0.00019,-0.00019,-0.00019,-0.00019,-0.00019,0,0,0,0,0,0,0
107.856,-0.00019,-0.00019,-0.00019,-0.00019,-0.00019,-0.00019,-0.00019,0,0,0,0,0,0,0
108.056,-0.00019,-0.00019,-0.00019,-0.00019,-0.00019,-0.00019,-0.00019,0,0,0,0,0,0,0
108.256,-0.00019,-0.00019,-0.00019,-0.00019,-0.00019,-0.00019,-0.00019,0,0,0,0,0,0,0
108.456,-0.00019,-0.00019,-0.00019,-0.00019,-0.00019,-0.00019,-0.00019,0,0,0,0,0,0,0
108.656,-0.00019,-0.00019,-0.00019,-0.00019,-0.00019,-0.00019,-0.00019,0,0,0,0,0,0,0
108.856,-0.00019,-0.00019,-0.00019,-0.00019,-0.00019,-0.00019,-0.00019,0,0,0,0,0,0,0
109.056,-0.00019,-0.00019,-0.00019,-0.00019,-0.00019,-0.00019,-0.00019,0,0,0,0,0,0,0
109.257,-0.00019,-0.00019,-0.00019,-0.00019,-0.00019,-0.00019,-0.00019,0,0,0,0,0,0,0
109.457,-0.00019,-0.00019,-0.00019,-0.00019,-0.00019,-0.00019,-0.00019,0,0,0,0,0,0,0
109.657,-0.00019,-0.00019,-0.00019,-0.00019,-0.00019,-0.00019,-0.00019,0,0,0,0,0,0,0
109.857,-0.00019,-0.00019,-0.00019,-0.00019,-0.00019,-0.00019,-0.00019,0,0,0,0,0,0,0
110.057,-0.00019,-0.00019,-0.00019,-0.00019,-0.00019,-0.00019,-0.00019,0,0,0,0,0,0,0
110.257,-0.00019,-0.00019,-0.00019,-0.00019,-0.00019,-0.00019,-0.00019,0,0,0,0,0,0,0
110.457,-0.00019,-0.00019,-0.00019,-0.00019,-0.00019,-0.00019,-0.00019,0,0,0,0,0,0,0
110.657,-0.00019,-0.00019,-0.00019,-0.00019,-0.00019,-0.00019,-0.00019,0,0,0,0,0,0,0
110.858,-0.00019,-0.00019,-0.00019,-0.00019,-0.00019,-0.00019,-0.00019,0,0,0,0,0,0,0
111.058,-0.00019,-0.00019,-0.00019,-0.00019,-0.00019,-0.00019,-0.00019,0,0,0,0,0,0,0
111.258,-0.00019,-0.00019,-0.00019,-0.00019,-0.00019,-0.00019,-0.00019,0,0,0,0,0,0,0
111.458,-0.00019,-0.00019,-0.00019,-0.00019,-0.00019,-0.00019,-0.00019,0,0,0,0,0,0,0
111.658,-0.00019,-0.00019,-0.00019,-0.00019,-0.00019,-0.00019,-0.00019,0,0,0,0,0,0,0
111.858,-0.00019,-0.00019,-0.00019,-0.00019,-0.00019,-0.00019,-0.00019,0,0,0,0,0,0,0
112.058,-0.00019,-0.00019,-0.00019,-0.00019,-0.00019,-0.00019,-0.00019,0,0,0,0,0,0,0
112.258,-0.00019,-0.00019,-0.00019,-0.00019,-0.00019,-0.00019,-0.00019,0,0,0,0,0,0,0
112.458,-0.00019,-0.00019,-0.00019,-0.00019,-0.00019,-0.00019,-0.00019,0,0,0,0,0,0,0
112.659,-0.00019,-0.00019,-0.00019,-0.00019,-0.00019,-0.00019,-0.00019,0,0,0,0,0,0,0
112.859,-0.00019,-0.00019,-0.00019,-0.00019,-0.00019,-0.00019,-0.00019,0,0,0,0,0,0,0
113.059,-0.00019,-0.00019,-0.00019,-0.00019,-0.00019,-0.00019,-0.00019,0,0,0,0,0,0,0
113.259,-0.00019,-0.00019,-0.00019,-0.00019,-0.00019,-0.00019,-0.00019,0,0,0,0,0,0,0
113.459,-0.00019,-0.00019,-0.00019,-0.00019,-0.00019,-0.00019,-0.00019,0,0,0,0,0,0,0
113.659,-0.00019,-0.00019,-0.00019,-0.00019,-0.00019,-0.00019,-0.00019,0,0,0,0,0,0,0
113.859,-0.00019,-0.00019,-0.00019,-0.00019,-0.00019,-0.00019,-0.00019,0,0,0,0,0,0,0
114.059,-0.00019,-0.00019,-0.00019,-0.00019,-0.00019,-0.00019,-0.00019,0,0,0,0,0,0,0
114.260,-0.00019,-0.00019,-0.00019,-0.00019,-0.00019,-0.00019,-0.00019,0,0,0,0,0,0,0
114.460,-0.00019,-0.00019,-0.00019,-0.00019,-0.00019,-0.00019,-0.00019,0,0,0,0,0,0,0
114.660,-0.00019,-0.00019,-0.00019,-0.00019,-0.00019,-0.00019,-0.00019,0,0,0,0,0,0,0
114.860,-0.00019,-0.00019,-0.00019,-0.00019,-0.00019,-0.00019,-0.00019,0,0,0,0,0,0,0
115.060,-0.00019,-0.00019,-0.00019,-0.00019,-0.00019,-0.00019,-0.00019,0,0,0,0,0,0,0
115.260,-0.00019,-0.00019,-0.00019,-0.00019,-0.00019,-0.00019,-0.00019,0,0,0,0,0,0,0
115.460,-0.00019,-0.00019,-0.00019,-0.00019,-0.00019,-0.00019,-0.00019,0,0,0,0,0,0,0
115.660,-0.00019,-0.00019,-0.00019,-0.00019,-0.00019,-0.00019,-0.00019,0,0,0,0,0,0,0
115.861,-0.00019,-0.00019,-0.00019,-0.00019,-0.00019,-0.00019,-0.00019,0,0,0,0,0,0,0
116.061,-0.00019,-0.00019,-0.00019,-0.00019,-0.00019,-0.00019,-0.00019,0,0,0,0,0,0,0
116.261,-0.00019,-0.00019,-0.00019,-0.00019,-0.00019,-0.00019,-0.00019,0,0,0,0,0,0,0
116.461,-0.00019,-0.00019,-0.00019,-0.00019,-0.00019,-0.00019,-0.00019,0,0,0,0,0,0,0
116.661,-0.00019,-0.00019,-0.00019,-0.00019,-0.00019,-0.00019,-0.00019,0,0,0,0,0,0,0
116.861,-0.00019,-0.00019,-0.00019,-0.00019,-0.00019,-0.00019,-0.00019,0,0,0,0,0,0,0
117.061,-0.00019,-0.00019,-0.00019,-0.00019,-0.00019,-0.00019,-0.00019,0,0,0,0,0,0,0
117.261,-0.00019,-0.00019,-0.00019,-0.00019,-0.00019,-0.00019,-0.00019,0,0,0,0,0,0,0
117.461,-0.00019,-0.00019,-0.00019,-0.00019,-0.00019,-0.00019,-0.00019,0,0,0,0,0,0,0
117.662,-0.00019,-0.00019,-0.00019,-0.00019,-0.00019,-0.00019,-0.00019,0,0,0,0,0,0,0
117.862,-0.00019,-0.00019,-0.00019,-0.00019,-0.00019,-0.00019,-0.00019,0,0,0,0,0,0,0
118.062,-0.00019,-0.00019,-0.00019,-0.00019,-0.00019,-0.00019,-0.00019,0,0,0,0,0,0,0
118.262,-0.00019,-0.00019,-0.00019,-0.00019,-0.00019,-0.00019,-0.00019,0,0,0,0,0,0,0
118.462,-0.00019,-0.00019,-0.00019,-0.00019,-0.00019,-0.00019,-0.00019,0,0,0,0,0,0,0
118.662,-0.00019,-0.00019,-0.00019,-0.00019,-0.00019,-0.00019,-0.00019,0,0,0,0,0,0,0
118.862,-0.00019,-0.00019,-0.00019,-0.00019,-0.00019,-0.00019,-0.00019,0,0,0,0,0,0,0
119.062,-0.00019,-0.00019,-0.00019,-0.00019,-0.00019,-0.00019,-0.00019,0,0,0,0,0,0,0
119.263,-0.00019,-0.00019,-0.00019,-0.00019,-0.00019,-0.00019,-0.00019,0,0,0,0,0,0,0
119.463,-0.00019,-0.00019,-0.00019,-0.00019,-0.00019,-0.00019,-0.00019,0,0,0,0,0,0,0
119.663,-0.00019,-0.00019,-0.00019,-0.00019,-0.00019,-0.00019,-0.00019,0,0,0,0,0,0,0
119.863,-0.00019,-0.00019,-0.00019,-0.00019,-0.00019,-0.00019,-0.00019,0,0,0,0,0,0,0
120.063,-0.00019,-0.00019,-0.00019,-0.00019,-0.00019,-0.00019,-0.00019,0,0,0,0,0,0,0
120.263,-0.00019,-0.00019,-0.00019,-0.00019,-0.00019,-0.00019,-0.00019,0,0,0,0,0,0,0
120.463,-0.00019,-0.00019,-0.00019,-0.00019,-0.00019,-0.00019,-0.00019,0,0,0,0,0,0,0
120.663,-0.00019,-0.00019,-0.00019,-0.00019,-0.00019,-0.00019,-0.00019,0,0,0,0,0,0,0
120.863,-0.00019,-0.00019,-0.00019,-0.00019,-0.00019,-0.00019,-0.00019,0,0,0,0,0,0,0
121.064,-0.00019,-0.00019,-0.00019,-0.00019,-0.00019,-0.00019,-0.00019,0,0,0,0,0,0,0
121.264,-0.00019,-0.00019,-0.00019,-0.00019,-0.00019,-0.00019,-0.00019,0,0,0,0,0,0,0
121.464,-0.00019,-0.00019,-0.00019,-0.00019,-0.00019,-0.00019,-0.00019,0,0,0,0,0,0,0
121.664,-0.00019,-0.00019,-0.00019,-0.00019,-0.00019,-0.00019,-0.00019,0,0,0,0,0,0,0
121.864,-0.00019,-0.00019,-0.00019,-0.00019,-0.00019,-0.00019,-0.00019,0,0,0,0,0,0,0
122.064,-0.00019,-0.00019,-0.00019,-0.00019,-0.00019,-0.00019,-0.00019,0,0,0,0,0,0,0
122.264,-0.00019,-0.00019,-0.00019,-0.00019,-0.00019,-0.00019,-0.00019,0,0,0,0,0,0,0
122.464,-0.00019,-0.00019,-0.00019,-0.00019,-0.00019,-0.00019,-0.00019,0,0,0,0,0,0,0
122.664,-0.00019,-0.00019,-0.00019,-0.00019,-0.00019,-0.00019,-0.00019,0,0,0,0,0,0,0
122.865,-0.00019,-0.00019,-0.00019,-0.00019,-0.00019,-0.00019,-0.00019,0,0,0,0,0,0,0
123.065,-0.00019,-0.00019,-0.00019,-0.00019,-0.00019,-0.00019,-0.00019,0,0,0,0,0,0,0
123.265,-0.00019,-0.00019,-0.00019,-0.00019,-0.00019,-0.00019,-0.00019,0,0,0,0,0,0,0
123.465,-0.00019,-0.00019,-0.00019,-0.00019,-0.00019,-0.00019,-0.00019,0,0,0,0,0,0,0
123.665,-0.00019,-0.00019,-0.00019,-0.00019,-0.00019,-0.00019,-0.00019,0,0,0,0,0,0,0
123.865,-0.00019,-0.00019,-0.00019,-0.00019,-0.00019,-0.00019,-0.00019,0,0,0,0,0,0,0
124.065,-0.00019,-0.00019,-0.00019,-0.00019,-0.00019,-0.00019,-0.00019,0,0,0,0,0,0,0
124.265,-0.00019,-0.00019,-0.00019,-0.00019,-0.00019,-0.00019,-0.00019,0,0,0,0,0,0,0
124.465,-0.00019,-0.00019,-0.00019,-0.00019,-0.00019,-0.00019,-0.00019,0,0,0,0,0,0,0
124.665,-0.00019,-0.00019,-0.00019,-0.00019,-0.00019,-0.00019,-0.00019,0,0,0,0,0,0,0
124.865,-0.00019,-0.00019,-0.00019,-0.00019,-0.00019,-0.00019,-0.00019,0,0,0,0,0,0,0
125.065,-0.00019,-0.00210,-0.00019,-0.00019,-0.00019,-0.00019,-0.00019,0,0,0,0,0,0,0
125.266,-0.00019,-0.01202,-0.00019,-0.00019,-0.00019,-0.00019,-0.00019,0,0,0,0,0,0,0
125.466,-0.00019,-0.01278,-0.00019,-0.00019,-0.00019,-0.00019,-0.00019,0,0,0,0,0,0,0
125.666,-0.00019,-0.01278,-0.00019,-0.00019,-0.00095,-0.00019,-0.00019,0,0,0,0,0,0,0
125.866,-0.00019,-0.01278,-0.00019,-0.00019,-0.00095,-0.00019,-0.00019,0,0,0,0,0,0,0
126.066,-0.00019,-0.01278,-0.00019,-0.00019,-0.00095,-0.00019,-0.00019,0,0,0,0,0,0,0
126.266,-0.00019,-0.01278,-0.00019,-0.00019,-0.00134,-0.00019,-0.00019,0,0,0,0,0,0,0
126.466,-0.00019,-0.01278,-0.00019,-0.00019,-0.00172,-0.00019,-0.00019,0,0,0,0,0,0,0
126.666,+0.00019,-0.01278,-0.00019,-0.00019,-0.00553,-0.00019,-0.00019,0,0,0,0,0,0,0
126.866,+0.01202,-0.01278,-0.00019,-0.00019,-0.00973,-0.00019,-0.00019,0,0,0,0,0,0,0
127.066,+0.03338,-0.01278,-0.00019,-0.00019,-0.01049,-0.00019,-0.00019,0,0,0,0,0,0,0
127.266,+0.05894,-0.01278,-0.00019,-0.00019,-0.01316,-0.00019,-0.00019,0,0,0,0,0,0,0
127.466,+0.08793,-0.01278,-0.00019,-0.00019,-0.01316,-0.00019,-0.00019,0,0,0,0,0,0,0
127.667,+0.11730,-0.01278,-0.00019,-0.00019,-0.01316,-0.00019,-0.00019,0,0,0,0,0,0,0
127.867,+0.14401,-0.01278,-0.00019,-0.00019,-0.01354,-0.00019,-0.00019,0,0,0,0,0,0,0
128.067,+0.17567,-0.01278,-0.00019,-0.00019,-0.01659,-0.00019,-0.00019,0,0,0,0,0,0,0
128.267,+0.20466,-0.01278,-0.00019,-0.00019,-0.01659,-0.00019,-0.00019,0,0,0,0,0,0,0
128.467,+0.23404,-0.01278,-0.00019,-0.00019,-0.01698,+0.00019,-0.00019,0,0,0,0,0,0,0
128.667,+0.26570,-0.01278,-0.00019,-0.00019,-0.01736,+0.00019,-0.00019,0,0,0,0,0,0,0
128.867,+0.29660,-0.01278,-0.00019,-0.00019,-0.01774,+0.00019,-0.00019,0,0,0,0,0,0,0
129.067,+0.32826,-0.01278,-0.00019,-0.00019,-0.01850,+0.00019,-0.00019,0,0,0,0,0,0,0
129.267,+0.35420,-0.01278,-0.00019,-0.00019,-0.02079,+0.00019,-0.00019,0,0,0,0,0,0,0
129.468,+0.37633,-0.01278,-0.00019,-0.00019,-0.02155,+0.00019,-0.00019,0,0,0,0,0,0,0
129.668,+0.39731,-0.01278,-0.00019,-0.00019,-0.02384,+0.00019,-0.00019,0,0,0,0,0,0,0
129.868,+0.41066,-0.01278,-0.00019,-0.00019,-0.02384,+0.00019,-0.00019,0,0,0,0,0,0,0
130.068,+0.41218,-0.01278,-0.00019,-0.00019,-0.02346,+0.00019,-0.00019,0,0,0,0,0,0,0
130.268,+0.41218,-0.01240,-0.00019,-0.00019,-0.02308,+0.00019,-0.00019,0,0,0,0,0,0,0
130.468,+0.41218,-0.01240,-0.00019,-0.00019,-0.02079,+0.00019,-0.00019,0,0,0,0,0,0,0
130.668,+0.41218,-0.01240,-0.00019,-0.00019,-0.02041,+0.00019,-0.00019,0,0,0,0,0,0,0
130.868,+0.41218,-0.01240,-0.00019,-0.00019,-0.01812,+0.00019,-0.00019,0,0,0,0,0,0,0
131.068,+0.41218,-0.01202,-0.00019,-0.00019,-0.01278,+0.00019,-0.00019,0,0,0,0,0,0,0
131.268,+0.41218,-0.01202,-0.00019,-0.00019,-0.01278,+0.00019,-0.00019,0,0,0,0,0,0,0
131.469,+0.41218,-0.01202,-0.00019,-0.00019,-0.01278,+0.00019,-0.00019,0,0,0,0,0,0,0
131.669,+0.41218,-0.01163,-0.00019,-0.00019,-0.01278,+0.00019,-0.00019,0,0,0,0,0,0,0
131.869,+0.41218,-0.01163,-0.00019,-0.00019,-0.01240,+0.00019,-0.00019,0,0,0,0,0,0,0
132.069,+0.41218,-0.01163,-0.00019,-0.00019,-0.01240,+0.00019,-0.00019,0,0,0,0,0,0,0
132.269,+0.41218,-0.01163,-0.00019,-0.00019,-0.01240,+0.00019,-0.00019,0,0,0,0,0,0,0
132.469,+0.41218,-0.01163,-0.00019,-0.00019,-0.01240,+0.00019,-0.00019,0,0,0,0,0,0,0
132.669,+0.41218,-0.01163,-0.00019,-0.00019,-0.01240,+0.00019,-0.00019,0,0,0,0,0,0,0
132.869,+0.41218,-0.01163,-0.00019,-0.00019,-0.01240,+0.00019,-0.00019,0,0,0,0,0,0,0
133.069,+0.41218,-0.01163,-0.00019,-0.00019,-0.01240,+0.00019,-0.00019,0,0,0,0,0,0,0
133.270,+0.41218,-0.01163,-0.00019,-0.00019,-0.01240,+0.00019,-0.00019,0,0,0,0,0,0,0
133.470,+0.41218,-0.01163,-0.00019,-0.00019,-0.01240,+0.00019,-0.00019,0,0,0,0,0,0,0
133.670,+0.41218,-0.01163,-0.00019,-0.00019,-0.01240,+0.00019,-0.00019,0,0,0,0,0,0,0
133.870,+0.41218,-0.01163,-0.00019,-0.00019,-0.01240,+0.00019,-0.00019,0,0,0,0,0,0,0
134.070,+0.41218,-0.01163,-0.00019,-0.00019,-0.01240,+0.00019,-0.00019,0,0,0,0,0,0,0
134.270,+0.41218,-0.01163,-0.00019,-0.00019,-0.01240,+0.00019,-0.00019,0,0,0,0,0,0,0
134.470,+0.41218,-0.01163,-0.00019,-0.00019,-0.01240,+0.00019,-0.00019,0,0,0,0,0,0,0
134.670,+0.41218,-0.01163,-0.00019,-0.00019,-0.01240,+0.00019,-0.00019,0,0,0,0,0,0,0
134.870,+0.41218,-0.01163,-0.00019,-0.00019,-0.01240,+0.00019,-0.00019,0,0,0,0,0,0,0
135.071,+0.41218,-0.01163,-0.00019,-0.00019,-0.01240,+0.00019,-0.00019,0,0,0,0,0,0,0
135.271,+0.41218,-0.01163,-0.00019,-0.00019,-0.01240,+0.00019,-0.00019,0,0,0,0,0,0,0
135.471,+0.41218,-0.01163,-0.00019,-0.00019,-0.01240,+0.00019,-0.00019,0,0,0,0,0,0,0
135.671,+0.41218,-0.01163,-0.00019,-0.00019,-0.01240,+0.00019,-0.00019,0,0,0,0,0,0,0
135.871,+0.41218,-0.01163,-0.00019,-0.00019,-0.01240,+0.00019,-0.00019,0,0,0,0,0,0,0
136.071,+0.41218,-0.01163,-0.00019,-0.00019,-0.01240,+0.00019,-0.00019,0,0,0,0,0,0,0
136.271,+0.41218,-0.01163,-0.00019,-0.00019,-0.01240,+0.00019,-0.00019,0,0,0,0,0,0,0
136.471,+0.41218,-0.01163,-0.00019,-0.00019,-0.01240,+0.00019,-0.00019,0,0,0,0,0,0,0
136.672,+0.41218,-0.01163,-0.00019,-0.00019,-0.01240,+0.00019,-0.00019,0,0,0,0,0,0,0
136.872,+0.41218,-0.01163,-0.00019,-0.00019,-0.01240,+0.00019,-0.00019,0,0,0,0,0,0,0
137.072,+0.41218,-0.01163,-0.00019,-0.00019,-0.01202,+0.00019,-0.00019,0,0,0,0,0,0,0
137.272,+0.41218,-0.01163,-0.00019,-0.00019,-0.01202,+0.00019,-0.00019,0,0,0,0,0,0,0
137.472,+0.41218,-0.01163,-0.00019,-0.00019,-0.01240,+0.00019,-0.00019,0,0,0,0,0,0,0
137.672,+0.41218,-0.01163,-0.00019,-0.00019,-0.01278,+0.00057,-0.00019,0,0,0,0,0,0,0
137.872,+0.41218,-0.01163,-0.00019,-0.00019,-0.01278,+0.00057,-0.00019,0,0,0,0,0,0,0
138.072,+0.41218,-0.01163,-0.00019,-0.00019,-0.01278,+0.00057,-0.00019,0,0,0,0,0,0,0
138.273,+0.41218,-0.01163,-0.00019,-0.00019,-0.01278,+0.00057,-0.00019,0,0,0,0,0,0,0
138.473,+0.41218,-0.01163,-0.00019,-0.00019,-0.01278,+0.00057,-0.00019,0,0,0,0,0,0,0
138.673,+0.41180,-0.01240,-0.00019,-0.00019,-0.01202,+0.00057,-0.00019,0,0,0,0,0,0,0
138.873,+0.40570,-0.01278,-0.00019,-0.00019,-0.00973,+0.00057,-0.00019,0,0,0,0,0,0,0
139.073,+0.39349,-0.01278,-0.00019,-0.00019,-0.00858,+0.00057,-0.00019,0,0,0,0,0,0,0
139.273,+0.37823,-0.01278,-0.00019,-0.00019,-0.00820,+0.00057,-0.00019,0,0,0,0,0,0,0
139.473,+0.35916,-0.01278,-0.00019,-0.00019,-0.00782,+0.00057,-0.00019,0,0,0,0,0,0,0
139.673,+0.33818,-0.01278,-0.00019,-0.00019,-0.00782,+0.00057,-0.00019,0,0,0,0,0,0,0
139.874,+0.31643,-0.01278,-0.00019,-0.00019,-0.00782,+0.00057,-0.00019,0,0,0,0,0,0,0
140.074,+0.29431,-0.01278,-0.00019,-0.00019,-0.00782,+0.00057,-0.00019,0,0,0,0,0,0,0
140.274,+0.27409,-0.01278,-0.00019,-0.00019,-0.00782,+0.00057,-0.00019,0,0,0,0,0,0,0
140.474,+0.25463,-0.01278,-0.00019,-0.00019,-0.00439,+0.00057,-0.00019,0,0,0,0,0,0,0
140.674,+0.23175,-0.01278,-0.00019,-0.00019,-0.00401,+0.00057,-0.00019,0,0,0,0,0,0,0
140.874,+0.20504,-0.01278,-0.00019,-0.00019,-0.00248,+0.00057,-0.00019,0,0,0,0,0,0,0
141.074,+0.17910,-0.01278,-0.00019,+0.00019,-0.00172,+0.00057,-0.00019,0,0,0,0,0,0,0
141.274,+0.15354,-0.01278,-0.00019,+0.00019,-0.00172,+0.00057,-0.00019,0,0,0,0,0,0,0
141.474,+0.12760,-0.01278,-0.00019,+0.00019,-0.00172,+0.00057,-0.00019,0,0,0,0,0,0,0
141.675,+0.10205,-0.01278,-0.00019,+0.00019,-0.00172,+0.00057,-0.00019,0,0,0,0,0,0,0
141.875,+0.07496,-0.01278,-0.00019,+0.00019,-0.00172,+0.00057,-0.00019,0,0,0,0,0,0,0
142.075,+0.04978,-0.01278,-0.00019,+0.00019,-0.00172,+0.00057,-0.00019,0,0,0,0,0,0,0
142.275,+0.03414,-0.01278,-0.00019,+0.00019,-0.00172,+0.00057,-0.00019,0,0,0,0,0,0,0
142.475,+0.02346,-0.01278,-0.00019,-0.00019,-0.00401,+0.00057,-0.00019,0,0,0,0,0,0,0
142.675,+0.01812,-0.01278,-0.00019,-0.00019,-0.00553,+0.00057,-0.00019,0,0,0,0,0,0,0
142.875,+0.01812,-0.01278,-0.00019,-0.00019,-0.01125,+0.00057,-0.00019,0,0,0,0,0,0,0
143.075,+0.01812,-0.01278,-0.00019,-0.00019,-0.01278,+0.00057,-0.00019,0,0,0,0,0,0,0
143.276,+0.01812,-0.01278,-0.00019,-0.00019,-0.01278,+0.00057,-0.00019,0,0,0,0,0,0,0
143.476,+0.01812,-0.01278,-0.00019,-0.00019,-0.01278,+0.00057,-0.00019,0,0,0,0,0,0,0
143.676,+0.01774,-0.01240,-0.00019,-0.00019,-0.01278,+0.00057,-0.00019,0,0,0,0,0,0,0
143.876,+0.01774,-0.01240,-0.00019,-0.00019,-0.01278,+0.00057,-0.00019,0,0,0,0,0,0,0
144.076,+0.01621,-0.01240,-0.00019,-0.00019,-0.01278,+0.00057,-0.00019,0,0,0,0,0,0,0
144.276,+0.01621,-0.01240,-0.00019,-0.00019,-0.01278,+0.00057,-0.00019,0,0,0,0,0,0,0
144.476,+0.01621,-0.01240,-0.00019,-0.00019,-0.01278,+0.00057,-0.00019,0,0,0,0,0,0,0
144.676,+0.01621,-0.01240,-0.00019,-0.00019,-0.01278,+0.00057,-0.00019,0,0,0,0,0,0,0
144.876,+0.01621,-0.01202,-0.00019,-0.00019,-0.01278,+0.00057,-0.00019,0,0,0,0,0,0,0
145.076,+0.01621,-0.01011,-0.00019,-0.00019,-0.01278,+0.00057,-0.00019,0,0,0,0,0,0,0
145.277,+0.01621,-0.00019,-0.00019,-0.00019,-0.01202,+0.00019,-0.00019,0,0,0,0,0,0,0
145.477,+0.01621,-0.00019,-0.00019,-0.00019,-0.01202,+0.00019,-0.00019,0,0,0,0,0,0,0
145.677,+0.01621,-0.00019,-0.00019,-0.00019,-0.01049,+0.00019,-0.00019,0,0,0,0,0,0,0
145.877,+0.01621,-0.00019,-0.00019,-0.00019,-0.00858,+0.00019,-0.00019,0,0,0,0,0,0,0
146.077,+0.01621,-0.00019,-0.00019,-0.00019,-0.00858,+0.00019,-0.00019,0,0,0,0,0,0,0
146.277,+0.01621,-0.00019,-0.00019,-0.00019,-0.00858,+0.00019,-0.00019,0,0,0,0,0,0,0
146.477,+0.01621,-0.00019,-0.00019,-0.00019,-0.00858,+0.00019,-0.00019,0,0,0,0,0,0,0
146.677,+0.01621,-0.00019,-0.00019,-0.00019,-0.00858,+0.00019,-0.00019,0,0,0,0,0,0,0
146.878,+0.01621,-0.00019,-0.00019,-0.00019,-0.00858,+0.00019,-0.00019,0,0,0,0,0,0,0
147.078,+0.01621,-0.00019,-0.00019,-0.00019,-0.00858,+0.00019,-0.00019,0,0,0,0,0,0,0
147.278,+0.01621,-0.00019,-0.00019,-0.00019,-0.00858,+0.00019,-0.00019,0,0,0,0,0,0,0
147.478,+0.01621,-0.00019,-0.00019,-0.00019,-0.00858,+0.00019,-0.00019,0,0,0,0,0,0,0
147.678,+0.01621,-0.00019,-0.00019,-0.00019,-0.00858,+0.00019,-0.00019,0,0,0,0,0,0,0
147.878,+0.01621,-0.00019,-0.00019,-0.00019,-0.00858,+0.00019,-0.00019,0,0,0,0,0,0,0
148.078,+0.01621,-0.00019,-0.00019,-0.00019,-0.00858,+0.00019,-0.00019,0,0,0,0,0,0,0
148.278,+0.01621,-0.00019,-0.00019,-0.00019,-0.00858,+0.00019,-0.00019,0,0,0,0,0,0,0
148.479,+0.01621,-0.00019,-0.00019,-0.00019,-0.00858,+0.00019,-0.00019,0,0,0,0,0,0,0
148.679,+0.01621,-0.00019,-0.00019,-0.00019,-0.00858,+0.00019,-0.00019,0,0,0,0,0,0,0
148.879,+0.01621,-0.00019,-0.00019,-0.00019,-0.00858,+0.00019,-0.00019,0,0,0,0,0,0,0
149.079,+0.01621,-0.00019,-0.00019,-0.00019,-0.00858,+0.00019,-0.00019,0,0,0,0,0,0,0
149.279,+0.01621,-0.00019,-0.00019,-0.00019,-0.00858,+0.00019,-0.00019,0,0,0,0,0,0,0
149.479,+0.01621,-0.00019,-0.00019,-0.00019,-0.00858,+0.00019,-0.00019,0,0,0,0,0,0,0
149.679,+0.01621,-0.00019,-0.00019,-0.00019,-0.00858,+0.00019,-0.00019,0,0,0,0,0,0,0
149.879,+0.01621,-0.00019,-0.00019,-0.00019,-0.00858,+0.00019,-0.00019,0,0,0,0,0,0,0
150.080,+0.01621,-0.00019,-0.00019,-0.00019,-0.00858,+0.00019,-0.00019,0,0,0,0,0,0,0
150.280,+0.01621,-0.00019,-0.00019,-0.00019,-0.00858,+0.00019,-0.00019,0,0,0,0,0,0,0
150.480,+0.01621,-0.00019,-0.00019,-0.00019,-0.00858,+0.00019,-0.00019,0,0,0,0,0,0,0
150.680,+0.01621,-0.00019,-0.00019,-0.00019,-0.00858,+0.00019,-0.00019,0,0,0,0,0,0,0
150.880,+0.01621,-0.00019,-0.00019,-0.00019,-0.00858,+0.00019,-0.00019,0,0,0,0,0,0,0
151.080,+0.01621,-0.00019,-0.00019,-0.00019,-0.00858,+0.00019,-0.00019,0,0,0,0,0,0,0
151.280,+0.01621,-0.00019,-0.00019,-0.00019,-0.00858,+0.00019,-0.00019,0,0,0,0,0,0,0
151.480,+0.01621,-0.00019,-0.00019,-0.00019,-0.00858,+0.00019,-0.00019,0,0,0,0,0,0,0
151.680,+0.01621,-0.00019,-0.00019,-0.00019,-0.00858,+0.00019,-0.00019,0,0,0,0,0,0,0
151.881,+0.01621,-0.00019,-0.00019,-0.00019,-0.00858,+0.00019,-0.00019,0,0,0,0,0,0,0
152.081,+0.01621,-0.00019,-0.00019,-0.00019,-0.00858,+0.00019,-0.00019,0,0,0,0,0,0,0
152.281,+0.01621,-0.00019,-0.00019,-0.00019,-0.00858,+0.00019,-0.00019,0,0,0,0,0,0,0
152.481,+0.01621,-0.00019,-0.00019,-0.00019,-0.00858,+0.00019,-0.00019,0,0,0,0,0,0,0
152.681,+0.01621,-0.00019,-0.00019,-0.00019,-0.00858,+0.00019,-0.00019,0,0,0,0,0,0,0
152.881,+0.01621,-0.00019,-0.00019,-0.00019,-0.00858,+0.00019,-0.00019,0,0,0,0,0,0,0
153.081,+0.01621,-0.00019,-0.00019,-0.00019,-0.00858,+0.00019,-0.00019,0,0,0,0,0,0,0
153.281,+0.01621,-0.00019,-0.00019,-0.00019,-0.00858,+0.00019,-0.00019,0,0,0,0,0,0,0
153.481,+0.01621,-0.00019,-0.00019,-0.00019,-0.00858,+0.00019,-0.00019,0,0,0,0,0,0,0
153.682,+0.01621,-0.00019,-0.00019,-0.00019,-0.00858,+0.00019,-0.00019,0,0,0,0,0,0,0
153.882,+0.01621,-0.00019,-0.00019,-0.00019,-0.00858,+0.00019,-0.00019,0,0,0,0,0,0,0
154.082,+0.01621,-0.00019,-0.00019,-0.00019,-0.00858,+0.00019,-0.00019,0,0,0,0,0,0,0
154.282,+0.01621,-0.00019,-0.00019,-0.00019,-0.00858,+0.00019,-0.00019,0,0,0,0,0,0,0
154.482,+0.01621,-0.00019,-0.00019,-0.00019,-0.00858,+0.00019,-0.00019,0,0,0,0,0,0,0
154.682,+0.01621,-0.00019,-0.00019,-0.00019,-0.00858,+0.00019,-0.00019,0,0,0,0,0,0,0
154.882,+0.01621,-0.00019,-0.00019,-0.00019,-0.00744,+0.00019,-0.00019,0,0,0,0,0,0,0
155.082,+0.01621,-0.00019,-0.00019,-0.00019,-0.00477,+0.00019,-0.00019,0,0,0,0,0,0,0
155.282,+0.01621,-0.00019,-0.00019,-0.00019,-0.00477,+0.00019,-0.00019,0,0,0,0,0,0,0
155.483,+0.01621,-0.00019,-0.00019,-0.00019,-0.00477,+0.00019,-0.00019,0,0,0,0,0,0,0
155.683,+0.01621,-0.00019,-0.00019,-0.00019,-0.00477,+0.00019,-0.00019,0,0,0,0,0,0,0
155.883,+0.01621,-0.00019,-0.00019,-0.00019,-0.00477,+0.00019,-0.00019,0,0,0,0,0,0,0
156.083,+0.01621,-0.00019,-0.00019,-0.00019,-0.00477,+0.00019,-0.00019,0,0,0,0,0,0,0
156.283,+0.01621,-0.00019,-0.00019,-0.00019,-0.00477,+0.00019,-0.00019,0,0,0,0,0,0,0
156.483,+0.01621,-0.00019,-0.00019,-0.00019,-0.00477,+0.00019,-0.00019,0,0,0,0,0,0,0
156.683,+0.01621,-0.00019,-0.00019,-0.00019,-0.00477,+0.00019,-0.00019,0,0,0,0,0,0,0
156.883,+0.01621,-0.00019,-0.00019,-0.00019,-0.00477,+0.00019,-0.00019,0,0,0,0,0,0,0
157.084,+0.01621,-0.00019,-0.00019,-0.00019,-0.00477,+0.00019,-0.00019,0,0,0,0,0,0,0
157.284,+0.01621,-0.00019,-0.00019,-0.00019,-0.00477,+0.00019,-0.00019,0,0,0,0,0,0,0
157.484,+0.01621,-0.00019,-0.00019,-0.00019,-0.00477,+0.00019,-0.00019,0,0,0,0,0,0,0
157.684,+0.01621,-0.00019,-0.00019,-0.00019,-0.00477,+0.00019,-0.00019,0,0,0,0,0,0,0
157.884,+0.01621,-0.00019,-0.00019,-0.00019,-0.00477,+0.00019,-0.00019,0,0,0,0,0,0,0
158.084,+0.01621,-0.00019,-0.00019,-0.00019,-0.00477,+0.00019,-0.00019,0,0,0,0,0,0,0
158.284,+0.01621,-0.00019,-0.00019,-0.00019,-0.00477,+0.00019,-0.00019,0,0,0,0,0,0,0
158.484,+0.01621,-0.00019,-0.00019,-0.00019,-0.00477,+0.00019,-0.00019,0,0,0,0,0,0,0
158.685,+0.01621,-0.00019,-0.00019,-0.00019,-0.00477,+0.00019,-0.00019,0,0,0,0,0,0,0
158.885,+0.01621,-0.00019,-0.00019,-0.00019,-0.00477,+0.00019,-0.00019,0,0,0,0,0,0,0
159.085,+0.01621,-0.00019,-0.00019,-0.00019,-0.00477,+0.00019,-0.00019,0,0,0,0,0,0,0
159.285,+0.01621,-0.00019,-0.00019,-0.00019,-0.00477,+0.00019,-0.00019,0,0,0,0,0,0,0
159.485,+0.01621,-0.00019,-0.00019,-0.00019,-0.00477,+0.00019,-0.00019,0,0,0,0,0,0,0
159.685,+0.01621,-0.00019,-0.00019,-0.00019,-0.00477,+0.00019,-0.00019,0,0,0,0,0,0,0
159.885,+0.01621,-0.00019,-0.00019,-0.00019,-0.00477,+0.00019,-0.00019,0,0,0,0,0,0,0
160.085,+0.01621,-0.00019,-0.00019,-0.00019,-0.00477,+0.00019,-0.00019,0,0,0,0,0,0,0
160.285,+0.01621,-0.00019,-0.00019,-0.00019,-0.00477,+0.00019,-0.00019,0,0,0,0,0,0,0
160.485,+0.01621,-0.00019,-0.00019,-0.00019,-0.00477,+0.00019,-0.00019,0,0,0,0,0,0,0
160.685,+0.01621,-0.00019,-0.00019,-0.00019,-0.00477,+0.00019,-0.00019,0,0,0,0,0,0,0
160.886,+0.01621,-0.00019,-0.00019,-0.00019,-0.00477,+0.00019,-0.00019,0,0,0,0,0,0,0
161.086,+0.01621,-0.00019,-0.00019,-0.00019,-0.00477,+0.00019,-0.00019,0,0,0,0,0,0,0
161.286,+0.01621,-0.00019,-0.00019,-0.00019,-0.00477,+0.00019,-0.00019,0,0,0,0,0,0,0
161.486,+0.01621,-0.00019,-0.00019,-0.00019,-0.00477,+0.00019,-0.00019,0,0,0,0,0,0,0
161.686,+0.01621,-0.00019,-0.00019,-0.00019,-0.00477,+0.00019,-0.00019,0,0,0,0,0,0,0
161.886,+0.01621,-0.00019,-0.00019,-0.00019,-0.00477,+0.00019,-0.00019,0,0,0,0,0,0,0
162.086,+0.01621,-0.00019,-0.00019,-0.00019,-0.00477,+0.00019,-0.00019,0,0,0,0,0,0,0
162.286,+0.01621,-0.00019,-0.00019,-0.00019,-0.00477,+0.00019,-0.00019,0,0,0,0,0,0,0
162.487,+0.01621,-0.00019,-0.00019,-0.00019,-0.00477,+0.00019,-0.00019,0,0,0,0,0,0,0
162.687,+0.01621,-0.00019,-0.00019,-0.00019,-0.00477,+0.00019,-0.00019,0,0,0,0,0,0,0
162.887,+0.01621,-0.00019,-0.00019,-0.00019,-0.00477,+0.00019,-0.00019,0,0,0,0,0,0,0
163.087,+0.01621,-0.00019,-0.00019,-0.00019,-0.00477,+0.00019,-0.00019,0,0,0,0,0,0,0
163.287,+0.01621,-0.00019,-0.00019,-0.00019,-0.00477,+0.00019,-0.00019,0,0,0,0,0,0,0
163.487,+0.01621,-0.00019,-0.00019,-0.00019,-0.00477,+0.00019,-0.00019,0,0,0,0,0,0,0
163.687,+0.01621,-0.00019,-0.00019,-0.00019,-0.00477,+0.00019,-0.00019,0,0,0,0,0,0,0
163.887,+0.01621,-0.00019,-0.00019,-0.00019,-0.00477,+0.00019,-0.00019,0,0,0,0,0,0,0
164.087,+0.01621,-0.00019,-0.00019,-0.00019,-0.00477,+0.00019,-0.00019,0,0,0,0,0,0,0
164.288,+0.01621,-0.00019,-0.00019,-0.00019,-0.00477,+0.00019,-0.00019,0,0,0,0,0,0,0
164.488,+0.01621,-0.00019,-0.00019,-0.00019,-0.00477,+0.00019,-0.00019,0,0,0,0,0,0,0
164.688,+0.01621,-0.00019,-0.00019,-0.00019,-0.00477,+0.00019,-0.00019,0,0,0,0,0,0,0
164.888,+0.01621,-0.00019,-0.00019,-0.00019,-0.00477,+0.00019,-0.00019,0,0,0,0,0,0,0
165.088,+0.01621,-0.00019,-0.00019,-0.00019,-0.00477,+0.00019,-0.00019,0,0,0,0,0,0,0
165.288,+0.01621,-0.00019,-0.00019,-0.00019,-0.00477,+0.00019,-0.00019,0,0,0,0,0,0,0
165.488,+0.01621,-0.00019,-0.00019,-0.00019,-0.00477,+0.00019,-0.00019,0,0,0,0,0,0,0
165.688,+0.01621,-0.00019,-0.00019,-0.00019,-0.00477,+0.00019,-0.00019,0,0,0,0,0,0,0
165.888,+0.01621,-0.00019,-0.00019,-0.00019,-0.00477,+0.00019,-0.00019,0,0,0,0,0,0,0
166.088,+0.01621,-0.00019,-0.00019,-0.00019,-0.00477,+0.00019,-0.00019,0,0,0,0,0,0,0
166.288,+0.01621,-0.00019,-0.00019,-0.00019,-0.00477,+0.00019,-0.00019,0,0,0,0,0,0,0
166.489,+0.01621,-0.00019,-0.00019,-0.00019,-0.00477,+0.00019,-0.00019,0,0,0,0,0,0,0
166.689,+0.01621,-0.00019,-0.00019,-0.00019,-0.00477,+0.00019,-0.00019,0,0,0,0,0,0,0
166.889,+0.01621,-0.00019,-0.00019,-0.00019,-0.00477,+0.00019,-0.00019,0,0,0,0,0,0,0
167.089,+0.01621,-0.00019,-0.00019,-0.00019,-0.00477,+0.00019,-0.00019,0,0,0,0,0,0,0
167.289,+0.01621,-0.00019,-0.00019,-0.00019,-0.00477,+0.00019,-0.00019,0,0,0,0,0,0,0
167.489,+0.01621,-0.00019,-0.00019,-0.00019,-0.00477,+0.00019,-0.00019,0,0,0,0,0,0,0
167.689,+0.01621,-0.00019,-0.00019,-0.00019,-0.00477,+0.00019,-0.00019,0,0,0,0,0,0,0
167.889,+0.01621,-0.00019,-0.00019,-0.00019,-0.00477,+0.00019,-0.00019,0,0,0,0,0,0,0
168.089,+0.01621,-0.00019,-0.00019,-0.00019,-0.00477,+0.00019,-0.00019,0,0,0,0,0,0,0
168.289,+0.01621,-0.00019,-0.00019,-0.00019,-0.00477,+0.00019,-0.00019,0,0,0,0,0,0,0
168.490,+0.01621,-0.00019,-0.00019,-0.00019,-0.00477,+0.00019,-0.00019,0,0,0,0,0,0,0
168.690,+0.01621,-0.00019,-0.00019,-0.00019,-0.00477,+0.00019,-0.00019,0,0,0,0,0,0,0
168.890,+0.01621,-0.00019,-0.00019,-0.00019,-0.00477,+0.00019,-0.00019,0,0,0,0,0,0,0
169.090,+0.01621,-0.00019,-0.00019,-0.00019,-0.00477,+0.00019,-0.00019,0,0,0,0,0,0,0
169.290,+0.01621,-0.00019,-0.00019,-0.00019,-0.00477,+0.00019,-0.00019,0,0,0,0,0,0,0
169.490,+0.01621,-0.00019,-0.00019,-0.00019,-0.00477,+0.00019,-0.00019,0,0,0,0,0,0,0
169.690,+0.01621,-0.00019,-0.00019,-0.00019,-0.00477,+0.00019,-0.00019,0,0,0,0,0,0,0
169.890,+0.01621,-0.00019,-0.00019,-0.00019,-0.00477,+0.00019,-0.00019,0,0,0,0,0,0,0
170.091,+0.01621,-0.00019,-0.00019,-0.00019,-0.00477,+0.00019,-0.00019,0,0,0,0,0,0,0
170.291,+0.01621,-0.00019,-0.00019,-0.00019,-0.00477,+0.00019,-0.00019,0,0,0,0,0,0,0
170.491,+0.01621,-0.00019,-0.00019,-0.00019,-0.00477,+0.00019,-0.00019,0,0,0,0,0,0,0
170.691,+0.01621,-0.00019,-0.00019,-0.00019,-0.00477,+0.00019,-0.00019,0,0,0,0,0,0,0
170.891,+0.01621,-0.00019,-0.00019,-0.00019,-0.00477,+0.00019,-0.00019,0,0,0,0,0,0,0
171.091,+0.01621,-0.00019,-0.00019,-0.00019,-0.00477,+0.00019,-0.00019,0,0,0,0,0,0,0
171.291,+0.01621,-0.00019,-0.00019,-0.00019,-0.00477,+0.00019,-0.00019,0,0,0,0,0,0,0
171.491,+0.01621,-0.00019,-0.00019,-0.00019,-0.00477,+0.00019,-0.00019,0,0,0,0,0,0,0
171.691,+0.01621,-0.00019,-0.00019,-0.00019,-0.00477,+0.00019,-0.00019,0,0,0,0,0,0,0
171.891,+0.01621,-0.00019,-0.00019,-0.00019,-0.00477,+0.00019,-0.00019,0,0,0,0,0,0,0
172.091,+0.01621,-0.00019,-0.00019,-0.00019,-0.00477,+0.00019,-0.00019,0,0,0,0,0,0,0
172.292,+0.01621,-0.00019,-0.00019,-0.00019,-0.00477,+0.00019,-0.00019,0,0,0,0,0,0,0
172.492,+0.01621,-0.00019,-0.00019,-0.00019,-0.00477,+0.00019,-0.00019,0,0,0,0,0,0,0
172.692,+0.01621,-0.00019,-0.00019,-0.00019,-0.00477,+0.00019,-0.00019,0,0,0,0,0,0,0
172.892,+0.01621,-0.00019,-0.00019,-0.00019,-0.00477,+0.00019,-0.00019,0,0,0,0,0,0,0
173.092,+0.01621,-0.00019,-0.00019,-0.00019,-0.00477,+0.00019,-0.00019,0,0,0,0,0,0,0
173.292,+0.01621,-0.00019,-0.00019,-0.00019,-0.00477,+0.00019,-0.00019,0,0,0,0,0,0,0
173.492,+0.01621,-0.00019,-0.00019,-0.00019,-0.00477,+0.00019,-0.00019,0,0,0,0,0,0,0
173.692,+0.01621,-0.00019,-0.00019,-0.00019,-0.00477,+0.00019,-0.00019,0,0,0,0,0,0,0
173.892,+0.01621,-0.00019,-0.00019,-0.00019,-0.00477,+0.00019,-0.00019,0,0,0,0,0,0,0
174.092,+0.01621,-0.00019,-0.00019,-0.00019,-0.00477,+0.00019,-0.00019,0,0,0,0,0,0,0
174.292,+0.01621,-0.00019,-0.00019,-0.00019,-0.00477,+0.00019,-0.00019,0,0,0,0,0,0,0
174.493,+0.01621,-0.00019,-0.00019,-0.00019,-0.00477,+0.00019,-0.00019,0,0,0,0,0,0,0
174.693,+0.01621,-0.00019,-0.00019,-0.00019,-0.00477,+0.00019,-0.00019,0,0,0,0,0,0,0
174.893,+0.01621,-0.00019,-0.00019,-0.00019,-0.00477,+0.00019,-0.00019,0,0,0,0,0,0,0
175.093,+0.01621,-0.00019,-0.00019,-0.00019,-0.00477,+0.00019,-0.00019,0,0,0,0,0,0,0
175.293,+0.01621,-0.00019,-0.00019,-0.00019,-0.00477,+0.00019,-0.00019,0,0,0,0,0,0,0
175.493,+0.01621,-0.00019,-0.00019,-0.00019,-0.00477,+0.00019,-0.00019,0,0,0,0,0,0,0
175.693,+0.01621,-0.00019,-0.00019,-0.00019,-0.00477,+0.00019,-0.00019,0,0,0,0,0,0,0
175.893,+0.01621,-0.00019,-0.00019,-0.00019,-0.00477,+0.00019,-0.00019,0,0,0,0,0,0,0
176.093,+0.01621,-0.00019,-0.00019,-0.00019,-0.00477,+0.00019,-0.00019,0,0,0,0,0,0,0
176.293,+0.01621,-0.00019,-0.00019,-0.00019,-0.00477,+0.00019,-0.00019,0,0,0,0,0,0,0
176.494,+0.01621,-0.00019,-0.00019,-0.00019,-0.00477,+0.00019,-0.00019,0,0,0,0,0,0,0
176.694,+0.01621,-0.00019,-0.00019,-0.00019,-0.00477,+0.00019,-0.00019,0,0,0,0,0,0,0
176.894,+0.01621,-0.00019,-0.00019,-0.00019,-0.00477,+0.00019,-0.00019,0,0,0,0,0,0,0
177.094,+0.01621,-0.00019,-0.00019,-0.00019,-0.00477,+0.00019,-0.00019,0,0,0,0,0,0,0
177.294,+0.01621,-0.00019,-0.00019,-0.00019,-0.00477,+0.00019,-0.00019,0,0,0,0,0,0,0
177.494,+0.01621,-0.00019,-0.00019,-0.00019,-0.00477,+0.00019,-0.00019,0,0,0,0,0,0,0
177.694,+0.01621,-0.00019,-0.00019,-0.00019,-0.00477,+0.00019,-0.00019,0,0,0,0,0,0,0
177.894,+0.01621,-0.00019,-0.00019,-0.00019,-0.00477,+0.00019,-0.00019,0,0,0,0,0,0,0
178.094,+0.01621,-0.00019,-0.00019,-0.00019,-0.00477,+0.00019,-0.00019,0,0,0,0,0,0,0
178.295,+0.01621,-0.00019,-0.00019,-0.00019,-0.00477,+0.00019,-0.00019,0,0,0,0,0,0,0
178.495,+0.01621,-0.00019,-0.00019,-0.00019,-0.00477,+0.00019,-0.00019,0,0,0,0,0,0,0
178.695,+0.01621,-0.00019,-0.00019,-0.00019,-0.00477,+0.00019,-0.00019,0,0,0,0,0,0,0
178.895,+0.01621,-0.00019,-0.00019,-0.00019,-0.00477,+0.00019,-0.00019,0,0,0,0,0,0,0
179.095,+0.01621,-0.00019,-0.00019,-0.00019,-0.00477,+0.00019,-0.00019,0,0,0,0,0,0,0
179.295,+0.01621,-0.00019,-0.00019,-0.00019,-0.00477,+0.00019,-0.00019,0,0,0,0,0,0,0
179.495,+0.01621,-0.00019,-0.00019,-0.00019,-0.00477,+0.00019,-0.00019,0,0,0,0,0,0,0
179.695,+0.01621,-0.00019,-0.00019,-0.00019,-0.00477,+0.00019,-0.00019,0,0,0,0,0,0,0
179.895,+0.01621,-0.00019,-0.00019,-0.00019,-0.00477,+0.00019,-0.00019,0,0,0,0,0,0,0
180.096,+0.01621,-0.00019,-0.00019,-0.00019,-0.00477,+0.00019,-0.00019,0,0,0,0,0,0,0
180.296,+0.01621,-0.00019,-0.00019,-0.00019,-0.00477,+0.00019,-0.00019,0,0,0,0,0,0,0
180.496,+0.01621,-0.00019,-0.00019,-0.00019,-0.00477,+0.00019,-0.00019,0,0,0,0,0,0,0
180.696,+0.01621,-0.00019,-0.00019,-0.00019,-0.00477,+0.00019,-0.00019,0,0,0,0,0,0,0
180.896,+0.01621,-0.00019,-0.00019,-0.00019,-0.00477,+0.00019,-0.00019,0,0,0,0,0,0,0
181.096,+0.01621,-0.00019,-0.00019,-0.00019,-0.00477,+0.00019,-0.00019,0,0,0,0,0,0,0
181.296,+0.01621,-0.00019,-0.00019,-0.00019,-0.00477,+0.00019,-0.00019,0,0,0,0,0,0,0
181.496,+0.01621,-0.00019,-0.00019,-0.00019,-0.00477,+0.00019,-0.00019,0,0,0,0,0,0,0
181.696,+0.01621,-0.00019,-0.00019,-0.00019,-0.00477,+0.00019,-0.00019,0,0,0,0,0,0,0
181.896,+0.01621,-0.00019,-0.00019,-0.00019,-0.00477,+0.00019,-0.00019,0,0,0,0,0,0,0
182.096,+0.01621,-0.00019,-0.00019,-0.00019,-0.00477,+0.00019,-0.00019,0,0,0,0,0,0,0
182.297,+0.01621,-0.00019,-0.00019,-0.00019,-0.00477,+0.00019,-0.00019,0,0,0,0,0,0,0
182.497,+0.01621,-0.00019,-0.00019,-0.00019,-0.00477,+0.00019,-0.00019,0,0,0,0,0,0,0
182.697,+0.01621,-0.00019,-0.00019,-0.00019,-0.00477,+0.00019,-0.00019,0,0,0,0,0,0,0
182.897,+0.01621,-0.00019,-0.00019,-0.00019,-0.00477,+0.00019,-0.00019,0,0,0,0,0,0,0
183.097,+0.01621,-0.00019,-0.00019,-0.00019,-0.00477,+0.00019,-0.00019,0,0,0,0,0,0,0
183.297,+0.01621,-0.00019,-0.00019,-0.00019,-0.00477,+0.00019,-0.00019,0,0,0,0,0,0,0
183.497,+0.01621,-0.00019,-0.00019,-0.00019,-0.00477,+0.00019,-0.00019,0,0,0,0,0,0,0
183.697,+0.01621,-0.00019,-0.00019,-0.00019,-0.00477,+0.00019,-0.00019,0,0,0,0,0,0,0
183.897,+0.01621,-0.00019,-0.00019,-0.00019,-0.00477,+0.00019,-0.00019,0,0,0,0,0,0,0
184.098,+0.01621,-0.00019,-0.00019,-0.00019,-0.00477,+0.00019,-0.00019,0,0,0,0,0,0,0
184.298,+0.01621,-0.00019,-0.00019,-0.00019,-0.00477,+0.00019,-0.00019,0,0,0,0,0,0,0
184.498,+0.01621,-0.00019,-0.00019,-0.00019,-0.00477,+0.00019,-0.00019,0,0,0,0,0,0,0
184.698,+0.01621,-0.00019,-0.00019,-0.00019,-0.00477,+0.00019,-0.00019,0,0,0,0,0,0,0
184.898,+0.01621,-0.00019,-0.00019,-0.00019,-0.00477,+0.00019,-0.00019,0,0,0,0,0,0,0
185.098,+0.01621,-0.00019,-0.00019,-0.00019,-0.00477,+0.00019,-0.00019,0,0,0,0,0,0,0
185.298,+0.01621,-0.00019,-0.00019,-0.00019,-0.00477,+0.00019,-0.00019,0,0,0,0,0,0,0
185.498,+0.01621,-0.00019,-0.00019,-0.00019,-0.00477,+0.00019,-0.00019,0,0,0,0,0,0,0
185.698,+0.01621,-0.00019,-0.00019,-0.00019,-0.00477,+0.00019,-0.00019,0,0,0,0,0,0,0
185.898,+0.01621,-0.00019,-0.00019,-0.00019,-0.00477,+0.00019,-0.00019,0,0,0,0,0,0,0
186.098,+0.01621,-0.00019,-0.00019,-0.00019,-0.00477,+0.00019,-0.00019,0,0,0,0,0,0,0
186.299,+0.01621,-0.00019,-0.00019,-0.00019,-0.00477,+0.00019,-0.00019,0,0,0,0,0,0,0
186.499,+0.01621,-0.00019,-0.00019,-0.00019,-0.00477,+0.00019,-0.00019,0,0,0,0,0,0,0
186.699,+0.01621,-0.00019,-0.00019,-0.00019,-0.00477,+0.00019,-0.00019,0,0,0,0,0,0,0
186.899,+0.01621,-0.00019,-0.00019,-0.00019,-0.00477,+0.00019,-0.00019,0,0,0,0,0,0,0
187.099,+0.01621,-0.00019,-0.00019,-0.00019,-0.00477,+0.00019,-0.00019,0,0,0,0,0,0,0
187.299,+0.01621,-0.00019,-0.00019,-0.00019,-0.00477,+0.00019,-0.00019,0,0,0,0,0,0,0
187.499,+0.01621,-0.00019,-0.00019,-0.00019,-0.00477,+0.00019,-0.00019,0,0,0,0,0,0,0
187.699,+0.01621,-0.00019,-0.00019,-0.00019,-0.00477,+0.00019,-0.00019,0,0,0,0,0,0,0
187.899,+0.01621,-0.00019,-0.00019,-0.00019,-0.00477,+0.00019,-0.00019,0,0,0,0,0,0,0
188.100,+0.01621,-0.00019,-0.00019,-0.00019,-0.00477,+0.00019,-0.00019,0,0,0,0,0,0,0
188.300,+0.01621,-0.00019,-0.00019,-0.00019,-0.00477,+0.00019,-0.00019,0,0,0,0,0,0,0
188.500,+0.01621,-0.00019,-0.00019,-0.00019,-0.00477,+0.00019,-0.00019,0,0,0,0,0,0,0
188.700,+0.01621,-0.00019,-0.00019,-0.00019,-0.00477,+0.00019,-0.00019,0,0,0,0,0,0,0
188.900,+0.01621,-0.00019,-0.00019,-0.00019,-0.00477,+0.00019,-0.00019,0,0,0,0,0,0,0
189.100,+0.01621,-0.00019,-0.00019,-0.00019,-0.00477,+0.00019,-0.00019,0,0,0,0,0,0,0
189.300,+0.01621,-0.00019,-0.00019,-0.00019,-0.00477,+0.00019,-0.00019,0,0,0,0,0,0,0
189.500,+0.01621,-0.00019,-0.00019,-0.00019,-0.00477,+0.00019,-0.00019,0,0,0,0,0,0,0
189.700,+0.01621,-0.00019,-0.00019,-0.00019,-0.00477,+0.00019,-0.00019,0,0,0,0,0,0,0
189.900,+0.01621,-0.00019,-0.00019,-0.00019,-0.00477,+0.00019,-0.00019,0,0,0,0,0,0,0
190.101,+0.01621,-0.00019,-0.00019,-0.00019,-0.00477,+0.00019,-0.00019,0,0,0,0,0,0,0
190.301,+0.01621,-0.00019,-0.00019,-0.00019,-0.00477,+0.00019,-0.00019,0,0,0,0,0,0,0
190.501,+0.01621,-0.00019,-0.00019,-0.00019,-0.00477,+0.00019,-0.00019,0,0,0,0,0,0,0
190.701,+0.01621,-0.00019,-0.00019,-0.00019,-0.00477,+0.00019,-0.00019,0,0,0,0,0,0,0
190.901,+0.01621,-0.00019,-0.00019,-0.00019,-0.00477,+0.00019,-0.00019,0,0,0,0,0,0,0
191.101,+0.01621,-0.00019,-0.00019,-0.00019,-0.00477,+0.00019,-0.00019,0,0,0,0,0,0,0
191.301,+0.01621,-0.00019,-0.00019,-0.00019,-0.00477,+0.00019,-0.00019,0,0,0,0,0,0,0
191.501,+0.01621,-0.00019,-0.00019,-0.00019,-0.00477,+0.00019,-0.00019,0,0,0,0,0,0,0
191.702,+0.01621,-0.00019,-0.00019,-0.00019,-0.00477,+0.00019,-0.00019,0,0,0,0,0,0,0
191.902,+0.01621,-0.00019,-0.00019,-0.00019,-0.00477,+0.00019,-0.00019,0,0,0,0,0,0,0
192.102,+0.01621,-0.00019,-0.00019,-0.00019,-0.00477,+0.00019,-0.00019,0,0,0,0,0,0,0
192.302,+0.01621,-0.00019,-0.00019,-0.00019,-0.00477,+0.00019,-0.00019,0,0,0,0,0,0,0
192.502,+0.01621,-0.00019,-0.00019,-0.00019,-0.00477,+0.00019,-0.00019,0,0,0,0,0,0,0
192.702,+0.01621,-0.00019,-0.00019,-0.00019,-0.00477,+0.00019,-0.00019,0,0,0,0,0,0,0
192.902,+0.01621,-0.00019,-0.00019,-0.00019,-0.00477,+0.00019,-0.00019,0,0,0,0,0,0,0
193.102,+0.01621,-0.00019,-0.00019,-0.00019,-0.00477,+0.00019,-0.00019,0,0,0,0,0,0,0
193.302,+0.01621,-0.00019,-0.00019,-0.00019,-0.00477,+0.00019,-0.00019,0,0,0,0,0,0,0
193.503,+0.01621,-0.00019,-0.00019,-0.00019,-0.00477,+0.00019,-0.00019,0,0,0,0,0,0,0
193.703,+0.01621,-0.00019,-0.00019,-0.00019,-0.00477,+0.00019,-0.00019,0,0,0,0,0,0,0
193.903,+0.01621,-0.00019,-0.00019,-0.00019,-0.00477,+0.00019,-0.00019,0,0,0,0,0,0,0
194.103,+0.01621,-0.00019,-0.00019,-0.00019,-0.00477,+0.00019,-0.00019,0,0,0,0,0,0,0
194.303,+0.01621,-0.00019,-0.00019,-0.00019,-0.00477,+0.00019,-0.00019,0,0,0,0,0,0,0
194.503,+0.01621,-0.00019,-0.00019,-0.00019,-0.00477,+0.00019,-0.00019,0,0,0,0,0,0,0
194.703,+0.01621,-0.00019,-0.00019,-0.00019,-0.00477,+0.00019,-0.00019,0,0,0,0,0,0,0
194.903,+0.01621,-0.00019,-0.00019,-0.00019,-0.00477,+0.00019,-0.00019,0,0,0,0,0,0,0
195.103,+0.01621,-0.00019,-0.00019,-0.00019,-0.00477,+0.00019,-0.00019,0,0,0,0,0,0,0
195.303,+0.01621,-0.00019,-0.00019,-0.00019,-0.00477,+0.00019,-0.00019,0,0,0,0,0,0,0
195.503,+0.01621,-0.00019,-0.00019,-0.00019,-0.00477,+0.00019,-0.00019,0,0,0,0,0,0,0
195.704,+0.01621,-0.00019,-0.00019,-0.00019,-0.00477,+0.00019,-0.00019,0,0,0,0,0,0,0
195.904,+0.01621,-0.00019,-0.00019,-0.00019,-0.00477,+0.00019,-0.00019,0,0,0,0,0,0,0
196.104,+0.01621,-0.00019,-0.00019,-0.00019,-0.00477,+0.00019,-0.00019,0,0,0,0,0,0,0
196.304,+0.01621,-0.00019,-0.00019,-0.00019,-0.00477,+0.00019,-0.00019,0,0,0,0,0,0,0
196.504,+0.01621,-0.00019,-0.00019,-0.00019,-0.00477,+0.00019,-0.00019,0,0,0,0,0,0,0
196.704,+0.01621,-0.00019,-0.00019,-0.00019,-0.00477,+0.00019,-0.00019,0,0,0,0,0,0,0
196.904,+0.01621,-0.00019,-0.00019,-0.00019,-0.00477,+0.00019,-0.00019,0,0,0,0,0,0,0
197.104,+0.01621,-0.00019,-0.00019,-0.00019,-0.00477,+0.00019,-0.00019,0,0,0,0,0,0,0
197.304,+0.01621,-0.00019,-0.00019,-0.00019,-0.00477,+0.00019,-0.00019,0,0,0,0,0,0,0
197.504,+0.01621,-0.00019,-0.00019,-0.00019,-0.00477,+0.00019,-0.00019,0,0,0,0,0,0,0
197.704,+0.01621,-0.00019,-0.00019,-0.00019,-0.00477,+0.00019,-0.00019,0,0,0,0,0,0,0
197.904,+0.01621,-0.00019,-0.00019,-0.00019,-0.00477,+0.00019,-0.00019,0,0,0,0,0,0,0
198.104,+0.01621,-0.00019,-0.00019,-0.00019,-0.00477,+0.00019,-0.00019,0,0,0,0,0,0,0
198.305,+0.01621,-0.00019,-0.00019,-0.00019,-0.00477,+0.00019,-0.00019,0,0,0,0,0,0,0
198.505,+0.01621,-0.00019,-0.00019,-0.00019,-0.00477,+0.00019,-0.00019,0,0,0,0,0,0,0
198.705,+0.01621,-0.00019,-0.00019,-0.00019,-0.00477,+0.00019,-0.00019,0,0,0,0,0,0,0
198.905,+0.01621,-0.00019,-0.00019,-0.00019,-0.00477,+0.00019,-0.00019,0,0,0,0,0,0,0
199.105,+0.01621,-0.00019,-0.00019,-0.00019,-0.00477,+0.00019,-0.00019,0,0,0,0,0,0,0
199.305,+0.01621,-0.00019,-0.00019,-0.00019,-0.00477,+0.00019,-0.00019,0,0,0,0,0,0,0
199.505,+0.01621,-0.00019,-0.00019,-0.00019,-0.00477,+0.00019,-0.00019,0,0,0,0,0,0,0
199.705,+0.01621,-0.00019,-0.00019,-0.00019,-0.00477,+0.00019,-0.00019,0,0,0,0,0,0,0
199.905,+0.01621,-0.00019,-0.00019,-0.00019,-0.00477,+0.00019,-0.00019,0,0,0,0,0,0,0
200.105,+0.01621,-0.00019,-0.00019,-0.00019,-0.00477,+0.00019,-0.00019,0,0,0,0,0,0,0
200.305,+0.01621,-0.00019,-0.00019,-0.00019,-0.00477,+0.00019,-0.00019,0,0,0,0,0,0,0
200.506,+0.01621,-0.00019,-0.00019,-0.00019,-0.00477,+0.00019,-0.00019,0,0,0,0,0,0,0
200.706,+0.01621,-0.00019,-0.00019,-0.00019,-0.00477,+0.00019,-0.00019,0,0,0,0,0,0,0
200.906,+0.01621,-0.00019,-0.00019,-0.00019,-0.00477,+0.00019,-0.00019,0,0,0,0,0,0,0
201.106,+0.01621,-0.00019,-0.00019,-0.00019,-0.00477,+0.00019,-0.00019,0,0,0,0,0,0,0
201.306,+0.01621,-0.00019,-0.00019,-0.00019,-0.00477,+0.00019,-0.00019,0,0,0,0,0,0,0
201.506,+0.01621,-0.00019,-0.00019,-0.00019,-0.00477,+0.00019,-0.00019,0,0,0,0,0,0,0
201.706,+0.01621,-0.00019,-0.00019,-0.00019,-0.00477,+0.00019,-0.00019,0,0,0,0,0,0,0
201.906,+0.01621,-0.00019,-0.00019,-0.00019,-0.00477,+0.00019,-0.00019,0,0,0,0,0,0,0
202.106,+0.01621,-0.00019,-0.00019,-0.00019,-0.00477,+0.00019,-0.00019,0,0,0,0,0,0,0
202.306,+0.01621,-0.00019,-0.00019,-0.00019,-0.00477,+0.00019,-0.00019,0,0,0,0,0,0,0
202.506,+0.01621,-0.00019,-0.00019,-0.00019,-0.00477,+0.00019,-0.00019,0,0,0,0,0,0,0
202.706,+0.01621,-0.00019,-0.00019,-0.00019,-0.00477,+0.00019,-0.00019,0,0,0,0,0,0,0
202.907,+0.01621,-0.00019,-0.00019,-0.00019,-0.00477,+0.00019,-0.00019,0,0,0,0,0,0,0
203.107,+0.01621,-0.00019,-0.00019,-0.00019,-0.00477,+0.00019,-0.00019,0,0,0,0,0,0,0
203.307,+0.01621,-0.00019,-0.00019,-0.00019,-0.00477,+0.00019,-0.00019,0,0,0,0,0,0,0
203.507,+0.01621,-0.00019,-0.00019,-0.00019,-0.00477,+0.00019,-0.00019,0,0,0,0,0,0,0
203.707,+0.01621,-0.00019,-0.00019,-0.00019,-0.00477,+0.00019,-0.00019,0,0,0,0,0,0,0
203.907,+0.01621,-0.00019,-0.00019,-0.00019,-0.00477,+0.00019,-0.00019,0,0,0,0,0,0,0
204.107,+0.01621,-0.00019,-0.00019,-0.00019,-0.00477,+0.00019,-0.00019,0,0,0,0,0,0,0
204.307,+0.01621,-0.00019,-0.00019,-0.00019,-0.00477,+0.00019,-0.00019,0,0,0,0,0,0,0
204.507,+0.01621,-0.00019,-0.00019,-0.00019,-0.00477,+0.00019,-0.00019,0,0,0,0,0,0,0
204.708,+0.01621,-0.00019,-0.00019,-0.00019,-0.00477,+0.00019,-0.00019,0,0,0,0,0,0,0
204.908,+0.01621,-0.00019,-0.00019,-0.00019,-0.00477,+0.00019,-0.00019,0,0,0,0,0,0,0
205.108,+0.01621,-0.00019,-0.00019,-0.00019,-0.00477,+0.00019,-0.00019,0,0,0,0,0,0,0
205.308,+0.01621,-0.00019,-0.00019,-0.00019,-0.00477,+0.00019,-0.00019,0,0,0,0,0,0,0
205.508,+0.01621,-0.00019,-0.00019,-0.00019,-0.00477,+0.00019,-0.00019,0,0,0,0,0,0,0
205.708,+0.01621,-0.00019,-0.00019,-0.00019,-0.00477,+0.00019,-0.00019,0,0,0,0,0,0,0
205.908,+0.01621,-0.00019,-0.00019,-0.00019,-0.00477,+0.00019,-0.00019,0,0,0,0,0,0,0
206.108,+0.01621,-0.00019,-0.00019,-0.00019,-0.00477,+0.00019,-0.00019,0,0,0,0,0,0,0
206.308,+0.01621,-0.00019,-0.00019,-0.00019,-0.00477,+0.00019,-0.00019,0,0,0,0,0,0,0
206.508,+0.01621,-0.00019,-0.00019,-0.00019,-0.00477,+0.00019,-0.00019,0,0,0,0,0,0,0
206.709,+0.01621,-0.00019,-0.00019,-0.00019,-0.00477,+0.00019,-0.00019,0,0,0,0,0,0,0
206.909,+0.01621,-0.00019,-0.00019,-0.00019,-0.00477,+0.00019,-0.00019,0,0,0,0,0,0,0
207.109,+0.01621,-0.00019,-0.00019,-0.00019,-0.00477,+0.00019,-0.00019,0,0,0,0,0,0,0
207.309,+0.01621,-0.00019,-0.00019,-0.00019,-0.00477,+0.00019,-0.00019,0,0,0,0,0,0,0
207.509,+0.01621,-0.00019,-0.00019,-0.00019,-0.00477,+0.00019,-0.00019,0,0,0,0,0,0,0
207.709,+0.01621,-0.00019,-0.00019,-0.00019,-0.00477,+0.00019,-0.00019,0,0,0,0,0,0,0
207.909,+0.01621,-0.00019,-0.00019,-0.00019,-0.00477,+0.00019,-0.00019,0,0,0,0,0,0,0
208.109,+0.01621,-0.00019,-0.00019,-0.00019,-0.00477,+0.00019,-0.00019,0,0,0,0,0,0,0
208.309,+0.01621,-0.00019,-0.00019,-0.00019,-0.00477,+0.00019,-0.00019,0,0,0,0,0,0,0
208.509,+0.01621,-0.00019,-0.00019,-0.00019,-0.00477,+0.00019,-0.00019,0,0,0,0,0,0,0
208.709,+0.01621,-0.00019,-0.00019,-0.00019,-0.00477,+0.00019,-0.00019,0,0,0,0,0,0,0
208.909,+0.01621,-0.00019,-0.00019,-0.00019,-0.00477,+0.00019,-0.00019,0,0,0,0,0,0,0
209.109,+0.01621,-0.00019,-0.00019,-0.00019,-0.00477,+0.00019,-0.00019,0,0,0,0,0,0,0
209.309,+0.01621,-0.00019,-0.00019,-0.00019,-0.00477,+0.00019,-0.00019,0,0,0,0,0,0,0
209.510,+0.01621,-0.00019,-0.00019,-0.00019,-0.00477,+0.00019,-0.00019,0,0,0,0,0,0,0
209.710,+0.01621,-0.00019,-0.00019,-0.00019,-0.00477,+0.00019,-0.00019,0,0,0,0,0,0,0
209.910,+0.01621,-0.00019,-0.00019,-0.00019,-0.00477,+0.00019,-0.00019,0,0,0,0,0,0,0
210.110,+0.01621,-0.00019,-0.00019,-0.00019,-0.00477,+0.00019,-0.00019,0,0,0,0,0,0,0
210.310,+0.01621,-0.00019,-0.00019,-0.00019,-0.00477,+0.00019,-0.00019,0,0,0,0,0,0,0
210.510,+0.01621,-0.00019,-0.00019,-0.00019,-0.00477,+0.00019,-0.00019,0,0,0,0,0,0,0
210.710,+0.01621,-0.00019,-0.00019,-0.00019,-0.00477,+0.00019,-0.00019,0,0,0,0,0,0,0
210.910,+0.01621,-0.00019,-0.00019,-0.00019,-0.00477,+0.00019,-0.00019,0,0,0,0,0,0,0
211.110,+0.01621,-0.00019,-0.00019,-0.00019,-0.00477,+0.00019,-0.00019,0,0,0,0,0,0,0
211.310,+0.01621,-0.00019,-0.00019,-0.00019,-0.00477,+0.00019,-0.00019,0,0,0,0,0,0,0
211.511,+0.01621,-0.00019,-0.00019,-0.00019,-0.00477,+0.00019,-0.00019,0,0,0,0,0,0,0
211.711,+0.01621,-0.00019,-0.00019,-0.00019,-0.00477,+0.00019,-0.00019,0,0,0,0,0,0,0
211.911,+0.01621,-0.00019,-0.00019,-0.00019,-0.00477,+0.00019,-0.00019,0,0,0,0,0,0,0
212.111,+0.01621,-0.00019,-0.00019,-0.00019,-0.00477,+0.00019,-0.00019,0,0,0,0,0,0,0
212.311,+0.01621,-0.00019,-0.00019,-0.00019,-0.00477,+0.00019,-0.00019,0,0,0,0,0,0,0
212.511,+0.01621,-0.00019,-0.00019,-0.00019,-0.00477,+0.00019,-0.00019,0,0,0,0,0,0,0
212.711,+0.01621,-0.00019,-0.00019,-0.00019,-0.00477,+0.00019,-0.00019,0,0,0,0,0,0,0
212.911,+0.01621,-0.00019,-0.00019,-0.00019,-0.00477,+0.00019,-0.00019,0,0,0,0,0,0,0
213.111,+0.01621,-0.00019,-0.00019,-0.00019,-0.00477,+0.00019,-0.00019,0,0,0,0,0,0,0
213.312,+0.01621,-0.00019,-0.00019,-0.00019,-0.00477,+0.00019,-0.00019,0,0,0,0,0,0,0
213.512,+0.01621,-0.00019,-0.00019,-0.00019,-0.00477,+0.00019,-0.00019,0,0,0,0,0,0,0
213.712,+0.01621,-0.00019,-0.00019,-0.00019,-0.00477,+0.00019,-0.00019,0,0,0,0,0,0,0
213.912,+0.01621,-0.00019,-0.00019,-0.00019,-0.00477,+0.00019,-0.00019,0,0,0,0,0,0,0
214.112,+0.01621,-0.00019,-0.00019,-0.00019,-0.00477,+0.00019,-0.00019,0,0,0,0,0,0,0
214.312,+0.01621,-0.00019,-0.00019,-0.00019,-0.00477,+0.00019,-0.00019,0,0,0,0,0,0,0
214.512,+0.01621,-0.00019,-0.00019,-0.00019,-0.00477,+0.00019,-0.00019,0,0,0,0,0,0,0
214.712,+0.01621,-0.00019,-0.00019,-0.00019,-0.00477,+0.00019,-0.00019,0,0,0,0,0,0,0
214.912,+0.01621,-0.00019,-0.00019,-0.00019,-0.00477,+0.00019,-0.00019,0,0,0,0,0,0,0
215.113,+0.01621,-0.00019,-0.00019,-0.00019,-0.00477,+0.00019,-0.00019,0,0,0,0,0,0,0
215.313,+0.01621,-0.00019,-0.00019,-0.00019,-0.00477,+0.00019,-0.00019,0,0,0,0,0,0,0
215.513,+0.01621,-0.00019,-0.00019,-0.00019,-0.00477,+0.00019,-0.00019,0,0,0,0,0,0,0
215.713,+0.01621,-0.00019,-0.00019,-0.00019,-0.00477,+0.00019,-0.00019,0,0,0,0,0,0,0
215.913,+0.01621,-0.00019,-0.00019,-0.00019,-0.00477,+0.00019,-0.00019,0,0,0,0,0,0,0
216.113,+0.01621,-0.00019,-0.00019,-0.00019,-0.00477,+0.00019,-0.00019,0,0,0,0,0,0,0
216.313,+0.01621,-0.00019,-0.00019,-0.00019,-0.00477,+0.00019,-0.00019,0,0,0,0,0,0,0
216.513,+0.01621,-0.00019,-0.00019,-0.00019,-0.00477,+0.00019,-0.00019,0,0,0,0,0,0,0
216.713,+0.01621,-0.00019,-0.00019,-0.00019,-0.00477,+0.00019,-0.00019,0,0,0,0,0,0,0
216.914,+0.01621,-0.00019,-0.00019,-0.00019,-0.00477,+0.00019,-0.00019,0,0,0,0,0,0,0
217.114,+0.01621,-0.00019,-0.00019,-0.00019,-0.00477,+0.00019,-0.00019,0,0,0,0,0,0,0
217.314,+0.01621,-0.00019,-0.00019,-0.00019,-0.00477,+0.00019,-0.00019,0,0,0,0,0,0,0
217.514,+0.01621,-0.00019,-0.00019,-0.00019,-0.00477,+0.00019,-0.00019,0,0,0,0,0,0,0
217.714,+0.01621,-0.00019,-0.00019,-0.00019,-0.00477,+0.00019,-0.00019,0,0,0,0,0,0,0
217.914,+0.01621,-0.00019,-0.00019,-0.00019,-0.00477,+0.00019,-0.00019,0,0,0,0,0,0,0
218.114,+0.01621,-0.00019,-0.00019,-0.00019,-0.00477,+0.00019,-0.00019,0,0,0,0,0,0,0
218.314,+0.01621,-0.00019,-0.00019,-0.00019,-0.00477,+0.00019,-0.00019,0,0,0,0,0,0,0
218.514,+0.01621,-0.00019,-0.00019,-0.00019,-0.00477,+0.00019,-0.00019,0,0,0,0,0,0,0
218.714,+0.01621,-0.00019,-0.00019,-0.00019,-0.00477,+0.00019,-0.00019,0,0,0,0,0,0,0
218.915,+0.01621,-0.00019,-0.00019,-0.00019,-0.00477,+0.00019,-0.00019,0,0,0,0,0,0,0
219.115,+0.01621,-0.00019,-0.00019,-0.00019,-0.00477,+0.00019,-0.00019,0,0,0,0,0,0,0
219.315,+0.01621,-0.00019,-0.00019,-0.00019,-0.00477,+0.00019,-0.00019,0,0,0,0,0,0,0
219.515,+0.01621,-0.00019,-0.00019,-0.00019,-0.00477,+0.00019,-0.00019,0,0,0,0,0,0,0
219.715,+0.01621,-0.00019,-0.00019,-0.00019,-0.00477,+0.00019,-0.00019,0,0,0,0,0,0,0
219.915,+0.01621,-0.00019,-0.00019,-0.00019,-0.00477,+0.00019,-0.00019,0,0,0,0,0,0,0
220.115,+0.01621,-0.00019,-0.00019,-0.00019,-0.00477,+0.00019,-0.00019,0,0,0,0,0,0,0
220.315,+0.01621,-0.00019,-0.00019,-0.00019,-0.00477,+0.00019,-0.00019,0,0,0,0,0,0,0
220.515,+0.01621,-0.00019,-0.00019,-0.00019,-0.00477,+0.00019,-0.00019,0,0,0,0,0,0,0
220.716,+0.01621,-0.00019,-0.00019,-0.00019,-0.00477,+0.00019,-0.00019,0,0,0,0,0,0,0
220.916,+0.01621,-0.00019,-0.00019,-0.00019,-0.00477,+0.00019,-0.00019,0,0,0,0,0,0,0
221.116,+0.01621,-0.00019,-0.00019,-0.00019,-0.00477,+0.00019,-0.00019,0,0,0,0,0,0,0
221.316,+0.01621,-0.00019,-0.00019,-0.00019,-0.00477,+0.00019,-0.00019,0,0,0,0,0,0,0
221.516,+0.01621,-0.00019,-0.00019,-0.00019,-0.00439,+0.00019,-0.00019,0,0,0,0,0,0,0
221.716,+0.01621,-0.00019,-0.00019,-0.00019,-0.00439,+0.00019,-0.00019,0,0,0,0,0,0,0
221.916,+0.01659,-0.00019,-0.00019,-0.00019,-0.00439,+0.00019,-0.00019,0,0,0,0,0,0,0
222.116,+0.01659,-0.00019,-0.00019,-0.00019,-0.00477,+0.00019,-0.00019,0,0,0,0,0,0,0
222.317,+0.01659,-0.00019,-0.00019,-0.00019,-0.00477,+0.00019,-0.00019,0,0,0,0,0,0,0
222.517,+0.01659,-0.00019,-0.00019,-0.00019,-0.00477,+0.00019,-0.00019,0,0,0,0,0,0,0
222.717,+0.01659,-0.00019,-0.00019,-0.00019,-0.00477,+0.00019,-0.00019,0,0,0,0,0,0,0
222.917,+0.01659,-0.00019,-0.00019,-0.00019,-0.00477,+0.00019,-0.00019,0,0,0,0,0,0,0
223.117,+0.01659,-0.00019,-0.00019,-0.00019,-0.00477,+0.00019,-0.00019,0,0,0,0,0,0,0
223.317,+0.01659,-0.00057,-0.00019,-0.00019,-0.00477,+0.00019,-0.00019,0,0,0,0,0,0,0
223.517,+0.01659,-0.00286,-0.00019,-0.00019,-0.00477,+0.00019,-0.00019,0,0,0,0,0,0,0
223.717,+0.01659,-0.00706,-0.00019,-0.00019,-0.00477,+0.00019,-0.00019,0,0,0,0,0,0,0
223.918,+0.01659,-0.01812,-0.00019,-0.00019,-0.00362,+0.00019,-0.00019,0,0,0,0,0,0,0
224.118,+0.01659,-0.03414,-0.00019,-0.00019,-0.00362,+0.00019,-0.00019,0,0,0,0,0,0,0
224.318,+0.01659,-0.05016,-0.00019,-0.00019,-0.00324,+0.00019,-0.00019,0,0,0,0,0,0,0
224.518,+0.01659,-0.06542,-0.00019,-0.00019,-0.00324,+0.00019,-0.00019,0,0,0,0,0,0,0
224.718,+0.01659,-0.07954,-0.00019,-0.00019,-0.00134,+0.00019,-0.00019,0,0,0,0,0,0,0
224.918,+0.01659,-0.09937,-0.00019,+0.00019,+0.00210,+0.00019,-0.00019,0,0,0,0,0,0,0
225.118,+0.01659,-0.12226,-0.00019,+0.00019,+0.00401,+0.00019,-0.00019,0,0,0,0,0,0,0
225.318,+0.01659,-0.14744,-0.00019,+0.00057,+0.00629,+0.00019,-0.00019,0,0,0,0,0,0,0
225.518,+0.01659,-0.17681,-0.00019,+0.00057,+0.00629,+0.00019,-0.00019,0,0,0,0,0,0,0
225.719,+0.01659,-0.21420,-0.00019,+0.00057,+0.00668,+0.00019,-0.00019,0,0,0,0,0,0,0
225.919,+0.01659,-0.25463,-0.00019,+0.00057,+0.00973,+0.00019,-0.00019,0,0,0,0,0,0,0
226.119,+0.01659,-0.29393,-0.00019,+0.00057,+0.00973,+0.00019,-0.00019,0,0,0,0,0,0,0
226.319,+0.01659,-0.32750,-0.00019,+0.00095,+0.01125,+0.00019,-0.00019,0,0,0,0,0,0,0
226.519,+0.01659,-0.36297,-0.00019,+0.00134,+0.01354,+0.00019,-0.00019,0,0,0,0,0,0,0
226.719,+0.01659,-0.39769,-0.00019,+0.00134,+0.01354,+0.00019,-0.00019,0,0,0,0,0,0,0
226.919,+0.01659,-0.43393,-0.00019,+0.00134,+0.01354,+0.00019,-0.00019,0,0,0,0,0,0,0
227.119,+0.01659,-0.47017,-0.00019,+0.00134,+0.01354,+0.00019,-0.00019,0,0,0,0,0,0,0
227.320,+0.01659,-0.50984,-0.00019,+0.00134,+0.01354,+0.00019,-0.00019,0,0,0,0,0,0,0
227.520,+0.01659,-0.54418,-0.00019,+0.00095,+0.01316,+0.00019,-0.00019,0,0,0,0,0,0,0
227.720,+0.01659,-0.57164,-0.00019,+0.00095,+0.01316,+0.00019,-0.00019,0,0,0,0,0,0,0
227.920,+0.01659,-0.59491,-0.00019,+0.00095,+0.01316,+0.00019,-0.00019,0,0,0,0,0,0,0
228.120,+0.01659,-0.60559,-0.00019,+0.00095,+0.01240,+0.00019,-0.00019,0,0,0,0,0,0,0
228.320,+0.01698,-0.60750,-0.00019,+0.00095,+0.01011,+0.00019,-0.00019,0,0,0,0,0,0,0
228.520,+0.01698,-0.60750,-0.00019,+0.00095,+0.00973,+0.00019,-0.00019,0,0,0,0,0,0,0
228.720,+0.01698,-0.60788,-0.00019,+0.00095,+0.00973,+0.00019,-0.00019,0,0,0,0,0,0,0
228.921,+0.01698,-0.60864,-0.00019,+0.00095,+0.00553,-0.00019,-0.00019,0,0,0,0,0,0,0
229.121,+0.01698,-0.60864,-0.00019,+0.00057,+0.00210,-0.00019,-0.00019,0,0,0,0,0,0,0
229.321,+0.01698,-0.61322,-0.00019,+0.00019,-0.00591,-0.00019,-0.00019,0,0,0,0,0,0,0
229.521,+0.01698,-0.62047,-0.00019,+0.00019,-0.00553,-0.00019,-0.00019,0,0,0,0,0,0,0
229.721,+0.01698,-0.62238,-0.00019,+0.00019,-0.00515,-0.00019,-0.00019,0,0,0,0,0,0,0
229.921,+0.01659,-0.62238,-0.00019,+0.00019,-0.00477,-0.00019,-0.00019,0,0,0,0,0,0,0
230.121,+0.01659,-0.62238,-0.00019,+0.00019,-0.00401,-0.00019,-0.00019,0,0,0,0,0,0,0
230.321,+0.01659,-0.62238,-0.00019,+0.00019,-0.00210,-0.00019,-0.00019,0,0,0,0,0,0,0
230.521,+0.01659,-0.62314,-0.00019,+0.00019,-0.00210,-0.00019,-0.00019,0,0,0,0,0,0,0
230.722,+0.01659,-0.62352,-0.00019,+0.00019,-0.00210,-0.00019,-0.00019,0,0,0,0,0,0,0
230.922,+0.01659,-0.62352,-0.00019,+0.00019,-0.00210,-0.00019,-0.00019,0,0,0,0,0,0,0
231.122,+0.01659,-0.62696,-0.00019,+0.00019,-0.00210,-0.00019,-0.00019,0,0,0,0,0,0,0
231.322,+0.01659,-0.62886,-0.00019,+0.00019,-0.00210,-0.00019,-0.00019,0,0,0,0,0,0,0
231.522,+0.01659,-0.62886,-0.00019,+0.00019,-0.00210,-0.00019,-0.00019,0,0,0,0,0,0,0
231.722,+0.01659,-0.62886,-0.00019,+0.00019,-0.00210,-0.00019,-0.00019,0,0,0,0,0,0,0
231.922,+0.01659,-0.62886,-0.00019,+0.00019,-0.00210,-0.00019,-0.00019,0,0,0,0,0,0,0
232.122,+0.01659,-0.62886,-0.00019,+0.00019,-0.00210,-0.00019,-0.00019,0,0,0,0,0,0,0
232.323,+0.01659,-0.62886,-0.00019,+0.00019,-0.00210,-0.00019,-0.00019,0,0,0,0,0,0,0
232.523,+0.01659,-0.62886,-0.00019,+0.00019,-0.00210,-0.00019,-0.00019,0,0,0,0,0,0,0
232.723,+0.01659,-0.62886,-0.00019,+0.00019,-0.00210,-0.00019,-0.00019,0,0,0,0,0,0,0
232.923,+0.01659,-0.62886,-0.00019,+0.00019,-0.00210,-0.00019,-0.00019,0,0,0,0,0,0,0
233.123,+0.01659,-0.62886,-0.00019,+0.00019,-0.00210,-0.00019,-0.00019,0,0,0,0,0,0,0
233.323,+0.01659,-0.62886,-0.00019,+0.00019,-0.00210,-0.00019,-0.00019,0,0,0,0,0,0,0
233.523,+0.01659,-0.62886,-0.00019,+0.00019,-0.00210,-0.00019,-0.00019,0,0,0,0,0,0,0
233.723,+0.01659,-0.62734,-0.00019,+0.00019,-0.00210,-0.00019,-0.00019,0,0,0,0,0,0,0
233.924,+0.01659,-0.62696,-0.00019,+0.00019,-0.00210,-0.00019,-0.00019,0,0,0,0,0,0,0
234.124,+0.01659,-0.62390,-0.00019,+0.00019,-0.00210,-0.00019,-0.00019,0,0,0,0,0,0,0
234.324,+0.01659,-0.61360,-0.00019,+0.00019,-0.00210,-0.00019,-0.00019,0,0,0,0,0,0,0
234.524,+0.01659,-0.60407,-0.00019,+0.00019,-0.00210,-0.00019,-0.00019,0,0,0,0,0,0,0
234.724,+0.01659,-0.59186,-0.00019,+0.00019,-0.00210,-0.00019,-0.00019,0,0,0,0,0,0,0
234.924,+0.01659,-0.57279,-0.00019,+0.00019,-0.00210,-0.00019,-0.00019,0,0,0,0,0,0,0
235.124,+0.01659,-0.54494,-0.00019,+0.00019,-0.00210,-0.00019,-0.00019,0,0,0,0,0,0,0
235.324,+0.01698,-0.51556,-0.00019,+0.00019,-0.00210,-0.00019,-0.00019,0,0,0,0,0,0,0
235.524,+0.01698,-0.48619,-0.00019,+0.00019,-0.00210,-0.00019,-0.00019,0,0,0,0,0,0,0
235.725,+0.01698,-0.45338,-0.00019,+0.00019,-0.00210,-0.00019,-0.00019,0,0,0,0,0,0,0
235.925,+0.01698,-0.42096,-0.00019,+0.00019,-0.00210,-0.00019,-0.00019,0,0,0,0,0,0,0
236.125,+0.01736,-0.38472,-0.00019,+0.00019,-0.00210,-0.00019,-0.00019,0,0,0,0,0,0,0
236.325,+0.01736,-0.34657,-0.00019,+0.00019,-0.00248,-0.00019,-0.00019,0,0,0,0,0,0,0
236.525,+0.01736,-0.30270,-0.00019,+0.00019,-0.00248,-0.00019,-0.00019,0,0,0,0,0,0,0
236.725,+0.01736,-0.25883,-0.00019,+0.00019,-0.00210,-0.00019,-0.00019,0,0,0,0,0,0,0
236.925,+0.01736,-0.21649,-0.00019,+0.00019,-0.00210,-0.00019,-0.00019,0,0,0,0,0,0,0
237.125,+0.01736,-0.17796,-0.00019,+0.00019,-0.00210,-0.00019,-0.00019,0,0,0,0,0,0,0
237.326,+0.01736,-0.14172,-0.00019,+0.00019,-0.00210,-0.00019,-0.00019,0,0,0,0,0,0,0
237.526,+0.01736,-0.10929,-0.00019,+0.00019,-0.00210,-0.00019,-0.00019,0,0,0,0,0,0,0
237.726,+0.01736,-0.08144,-0.00019,+0.00019,-0.00210,-0.00019,-0.00019,0,0,0,0,0,0,0
237.926,+0.01736,-0.05932,-0.00019,+0.00019,-0.00210,-0.00019,-0.00019,0,0,0,0,0,0,0
238.126,+0.01736,-0.03796,-0.00019,+0.00019,-0.00210,-0.00019,-0.00019,0,0,0,0,0,0,0
238.326,+0.01736,-0.01774,-0.00019,+0.00019,-0.00172,-0.00019,-0.00019,0,0,0,0,0,0,0
238.526,+0.01736,-0.00248,-0.00019,+0.00019,-0.00172,-0.00019,-0.00019,0,0,0,0,0,0,0
238.726,+0.01736,-0.00019,-0.00019,+0.00019,-0.00172,-0.00019,-0.00019,0,0,0,0,0,0,0
238.927,+0.01736,-0.00019,-0.00019,+0.00019,-0.00172,-0.00019,-0.00019,0,0,0,0,0,0,0
239.127,+0.01736,-0.00019,-0.00019,+0.00019,-0.00172,-0.00019,-0.00019,0,0,0,0,0,0,0
239.327,+0.01736,-0.00019,-0.00019,+0.00019,-0.00172,-0.00019,-0.00019,0,0,0,0,0,0,0
239.527,+0.01736,-0.00019,-0.00019,+0.00019,-0.00172,-0.00019,-0.00019,0,0,0,0,0,0,0
239.727,+0.01736,-0.00019,-0.00019,+0.00019,-0.00172,-0.00019,-0.00019,0,0,0,0,0,0,0
239.927,+0.01736,-0.00019,-0.00019,+0.00019,-0.00172,-0.00019,-0.00019,0,0,0,0,0,0,0
240.127,+0.01736,-0.00019,-0.00019,+0.00019,-0.00172,-0.00019,-0.00019,0,0,0,0,0,0,0
240.327,+0.01698,-0.00019,-0.00019,+0.00019,-0.00172,-0.00019,-0.00019,0,0,0,0,0,0,0
240.527,+0.01698,-0.00019,-0.00019,+0.00019,-0.00172,-0.00019,-0.00019,0,0,0,0,0,0,0
240.728,+0.01698,-0.00019,-0.00019,+0.00019,-0.00172,-0.00019,-0.00019,0,0,0,0,0,0,0
240.928,+0.01698,-0.00019,-0.00019,+0.00019,-0.00172,-0.00019,-0.00019,0,0,0,0,0,0,0
241.128,+0.01698,-0.00019,-0.00019,+0.00019,-0.00172,-0.00019,-0.00019,0,0,0,0,0,0,0
241.328,+0.01698,-0.00019,-0.00019,+0.00019,-0.00172,-0.00019,-0.00019,0,0,0,0,0,0,0
241.528,+0.01698,-0.00019,-0.00019,+0.00019,-0.00172,-0.00019,-0.00019,0,0,0,0,0,0,0
241.728,+0.01698,-0.00019,-0.00019,+0.00019,-0.00172,-0.00019,-0.00019,0,0,0,0,0,0,0
241.928,+0.01698,-0.00019,-0.00019,+0.00019,-0.00172,-0.00019,-0.00019,0,0,0,0,0,0,0
242.128,+0.01698,-0.00019,-0.00019,+0.00019,-0.00172,-0.00019,-0.00019,0,0,0,0,0,0,0
242.329,+0.01698,-0.00019,-0.00019,+0.00019,-0.00172,-0.00019,-0.00019,0,0,0,0,0,0,0
242.529,+0.01698,-0.00019,-0.00019,+0.00019,-0.00172,-0.00019,-0.00019,0,0,0,0,0,0,0
242.729,+0.01698,-0.00019,-0.00019,+0.00019,-0.00172,-0.00019,-0.00019,0,0,0,0,0,0,0
242.929,+0.01698,-0.00019,-0.00019,+0.00019,-0.00172,-0.00019,-0.00019,0,0,0,0,0,0,0
243.129,+0.01698,-0.00019,-0.00019,+0.00019,-0.00172,-0.00019,-0.00019,0,0,0,0,0,0,0
243.329,+0.01698,-0.00019,-0.00019,+0.00019,-0.00172,-0.00019,-0.00019,0,0,0,0,0,0,0
243.529,+0.01698,-0.00019,-0.00019,+0.00019,-0.00172,-0.00019,-0.00019,0,0,0,0,0,0,0
243.729,+0.01698,-0.00019,-0.00019,+0.00019,-0.00172,-0.00019,-0.00019,0,0,0,0,0,0,0
243.929,+0.01698,-0.00019,-0.00019,+0.00019,-0.00057,-0.00019,-0.00019,0,0,0,0,0,0,0
244.129,+0.01698,-0.00019,-0.00019,+0.00019,-0.00057,-0.00019,-0.00019,0,0,0,0,0,0,0
244.330,+0.01698,-0.00019,-0.00019,+0.00019,-0.00057,-0.00019,-0.00019,0,0,0,0,0,0,0
244.530,+0.01698,-0.00019,-0.00019,+0.00019,-0.00057,+0.00019,-0.00019,0,0,0,0,0,0,0
244.730,+0.01698,-0.00019,-0.00019,+0.00019,+0.00324,+0.00019,-0.00019,0,0,0,0,0,0,0
244.930,+0.01698,-0.00019,-0.00019,+0.00019,+0.00591,+0.00019,-0.00019,0,0,0,0,0,0,0
245.130,+0.01698,-0.00019,-0.00019,+0.00057,+0.00706,+0.00019,-0.00019,0,0,0,0,0,0,0
245.330,+0.01698,+0.00019,-0.00057,+0.00782,+0.01354,+0.00019,-0.00019,0,0,0,0,0,0,0
245.530,+0.01698,+0.00019,-0.00172,+0.01240,+0.01431,+0.00019,-0.00019,0,0,0,0,0,0,0
245.730,+0.01698,+0.00057,-0.01736,+0.03071,+0.01469,+0.00019,-0.00019,0,0,0,0,0,0,0
245.930,+0.01698,+0.00057,-0.05093,+0.02270,+0.02689,-0.00019,-0.00019,0,0,0,0,0,0,0
246.130,+0.01698,+0.00057,-0.09556,+0.02232,+0.03262,-0.00019,-0.00019,0,0,0,0,0,0,0
246.331,+0.01698,+0.00057,-0.14630,+0.02308,+0.03300,-0.00057,-0.00019,0,0,0,0,0,0,0
246.531,+0.01698,+0.00057,-0.19093,+0.02422,+0.03300,-0.00057,-0.00019,0,0,0,0,0,0,0
246.731,+0.01698,+0.00057,-0.23327,+0.02804,+0.03300,-0.00057,-0.00019,0,0,0,0,0,0,0
246.931,+0.01698,+0.00057,-0.27256,+0.03109,+0.03262,-0.00057,-0.00019,0,0,0,0,0,0,0
247.131,+0.01698,+0.00057,-0.30804,+0.03185,+0.03262,-0.00057,-0.00019,0,0,0,0,0,0,0
247.331,+0.01698,+0.00057,-0.33818,+0.03376,+0.03262,-0.00057,-0.00019,0,0,0,0,0,0,0
247.531,+0.01698,+0.00095,-0.35840,+0.05894,+0.03262,-0.00057,-0.00019,0,0,0,0,0,0,0
247.731,+0.01698,+0.00095,-0.36603,+0.07610,+0.03262,-0.00019,-0.00019,0,0,0,0,0,0,0
247.931,+0.01698,+0.00095,-0.36717,+0.07153,+0.03262,-0.00019,-0.00019,0,0,0,0,0,0,0
248.131,+0.01698,+0.00095,-0.36641,+0.04559,+0.03262,-0.00057,-0.00019,0,0,0,0,0,0,0
248.332,+0.01698,+0.00095,-0.36564,+0.04978,+0.03262,-0.00019,-0.00019,0,0,0,0,0,0,0
248.532,+0.01698,+0.00095,-0.36564,+0.04940,+0.03262,-0.00019,-0.00019,0,0,0,0,0,0,0
248.732,+0.01698,+0.00095,-0.36564,+0.04940,+0.03262,-0.00019,-0.00019,0,0,0,0,0,0,0
248.932,+0.01698,+0.00095,-0.36564,+0.04940,+0.03262,-0.00019,-0.00019,0,0,0,0,0,0,0
249.132,+0.01698,+0.00095,-0.36564,+0.04940,+0.03262,-0.00019,-0.00019,0,0,0,0,0,0,0
249.332,+0.01698,+0.00095,-0.36564,+0.04940,+0.03262,-0.00019,-0.00019,0,0,0,0,0,0,0
249.532,+0.01698,+0.00095,-0.36564,+0.04940,+0.03262,-0.00019,-0.00019,0,0,0,0,0,0,0
249.732,+0.01698,+0.00095,-0.36564,+0.04940,+0.03262,-0.00019,-0.00019,0,0,0,0,0,0,0
249.932,+0.01698,+0.00095,-0.36564,+0.04940,+0.03262,-0.00019,-0.00019,0,0,0,0,0,0,0
250.132,+0.01698,+0.00095,-0.36259,+0.04940,+0.03262,-0.00019,-0.00019,0,0,0,0,0,0,0
250.332,+0.01698,+0.00095,-0.34619,+0.04978,+0.03262,-0.00019,-0.00019,0,0,0,0,0,0,0
250.533,+0.01698,+0.00095,-0.32025,+0.04978,+0.03262,-0.00019,-0.00019,0,0,0,0,0,0,0
250.733,+0.01698,+0.00095,-0.29583,+0.04940,+0.03262,-0.00019,-0.00019,0,0,0,0,0,0,0
250.933,+0.01698,+0.00095,-0.26799,+0.04978,+0.03262,-0.00019,-0.00019,0,0,0,0,0,0,0
251.133,+0.01698,+0.00134,-0.23938,+0.04940,+0.03262,-0.00019,-0.00019,0,0,0,0,0,0,0
251.333,+0.01698,+0.00134,-0.21611,+0.04940,+0.03262,-0.00019,-0.00019,0,0,0,0,0,0,0
251.533,+0.01698,+0.00134,-0.19055,+0.04940,+0.03262,-0.00019,-0.00019,0,0,0,0,0,0,0
251.733,+0.01698,+0.00172,-0.16728,+0.04940,+0.03262,-0.00019,-0.00019,0,0,0,0,0,0,0
251.933,+0.01698,+0.00172,-0.14401,+0.04940,+0.03300,-0.00019,-0.00019,0,0,0,0,0,0,0
252.133,+0.01698,+0.00172,-0.11769,+0.04978,+0.03300,-0.00019,-0.00019,0,0,0,0,0,0,0
252.333,+0.01698,+0.00172,-0.09098,+0.04940,+0.03300,-0.00019,-0.00019,0,0,0,0,0,0,0
252.533,+0.01698,+0.00172,-0.06619,+0.04940,+0.03719,-0.00019,-0.00019,0,0,0,0,0,0,0
252.733,+0.01698,+0.00172,-0.04292,+0.04864,+0.03681,+0.00019,-0.00019,0,0,0,0,0,0,0
252.933,+0.01698,+0.00172,-0.02422,+0.04597,+0.03681,+0.00057,-0.00019,0,0,0,0,0,0,0
253.134,+0.01698,+0.00172,-0.01431,+0.03147,+0.03681,+0.00057,-0.00019,0,0,0,0,0,0,0
253.334,+0.01698,+0.00172,-0.00973,+0.01926,+0.03681,+0.00057,-0.00019,0,0,0,0,0,0,0
253.534,+0.01698,+0.00172,-0.00858,+0.01850,+0.03643,+0.00057,-0.00019,0,0,0,0,0,0,0
253.734,+0.01698,+0.00172,-0.00820,+0.01926,+0.03643,+0.00019,-0.00019,0,0,0,0,0,0,0
253.934,+0.01698,+0.00172,-0.00820,+0.02003,+0.03643,+0.00019,-0.00019,0,0,0,0,0,0,0
254.134,+0.01698,+0.00172,-0.00820,+0.02003,+0.03643,+0.00019,-0.00019,0,0,0,0,0,0,0
254.334,+0.01698,+0.00172,-0.00820,+0.02003,+0.03643,+0.00019,-0.00019,0,0,0,0,0,0,0
254.534,+0.01698,+0.00172,-0.00820,+0.02003,+0.03643,+0.00019,-0.00019,0,0,0,0,0,0,0
254.734,+0.01698,+0.00172,-0.00820,+0.02003,+0.03643,+0.00019,-0.00019,0,0,0,0,0,0,0
254.934,+0.01698,+0.00172,-0.00820,+0.02003,+0.03643,+0.00019,-0.00019,0,0,0,0,0,0,0
255.135,+0.01698,+0.00172,-0.00820,+0.02003,+0.03643,+0.00019,-0.00019,0,0,0,0,0,0,0
255.335,+0.01698,+0.00172,-0.00820,+0.02003,+0.03643,+0.00019,-0.00019,0,0,0,0,0,0,0
255.535,+0.01698,+0.00172,-0.00820,+0.02003,+0.03643,+0.00019,-0.00019,0,0,0,0,0,0,0
255.735,+0.01698,+0.00172,-0.00820,+0.02003,+0.03643,+0.00019,-0.00019,0,0,0,0,0,0,0
255.935,+0.01698,+0.00172,-0.00820,+0.02003,+0.03643,+0.00019,-0.00019,0,0,0,0,0,0,0
256.135,+0.01698,+0.00172,-0.00820,+0.02003,+0.03643,+0.00019,-0.00019,0,0,0,0,0,0,0
256.335,+0.01698,+0.00172,-0.00820,+0.02003,+0.03643,+0.00019,-0.00019,0,0,0,0,0,0,0
256.535,+0.01698,+0.00172,-0.00820,+0.02003,+0.03643,+0.00019,-0.00019,0,0,0,0,0,0,0
256.735,+0.01698,+0.00172,-0.00820,+0.02003,+0.03643,+0.00019,-0.00019,0,0,0,0,0,0,0
256.935,+0.01698,+0.00172,-0.00820,+0.02003,+0.03643,+0.00019,-0.00019,0,0,0,0,0,0,0
257.135,+0.01698,+0.00172,-0.00820,+0.02003,+0.03643,+0.00019,-0.00019,0,0,0,0,0,0,0
257.335,+0.01698,+0.00172,-0.00820,+0.02003,+0.03643,+0.00019,-0.00019,0,0,0,0,0,0,0
257.535,+0.01698,+0.00172,-0.00820,+0.02003,+0.03643,+0.00019,-0.00019,0,0,0,0,0,0,0
257.735,+0.01698,+0.00172,-0.00820,+0.02003,+0.03643,+0.00019,-0.00019,0,0,0,0,0,0,0
257.935,+0.01698,+0.00172,-0.00820,+0.02003,+0.03643,+0.00019,-0.00019,0,0,0,0,0,0,0
258.136,+0.01698,+0.00172,-0.00820,+0.02003,+0.03643,+0.00019,-0.00019,0,0,0,0,0,0,0
258.336,+0.01698,+0.00172,-0.00820,+0.02003,+0.03643,+0.00019,-0.00019,0,0,0,0,0,0,0
258.536,+0.01698,+0.00172,-0.00820,+0.02003,+0.03643,+0.00019,-0.00019,0,0,0,0,0,0,0
258.736,+0.01698,+0.00172,-0.00820,+0.02003,+0.03643,+0.00019,-0.00019,0,0,0,0,0,0,0
258.936,+0.01698,+0.00172,-0.00820,+0.02003,+0.03643,+0.00019,-0.00019,0,0,0,0,0,0,0
259.136,+0.01698,+0.00172,-0.00820,+0.02003,+0.03643,+0.00019,-0.00019,0,0,0,0,0,0,0
259.336,+0.01698,+0.00172,-0.00820,+0.02003,+0.03643,+0.00019,-0.00019,0,0,0,0,0,0,0
259.536,+0.01698,+0.00172,-0.00820,+0.02003,+0.03643,+0.00019,-0.00019,0,0,0,0,0,0,0
259.736,+0.01698,+0.00172,-0.00820,+0.02003,+0.03643,+0.00019,-0.00019,0,0,0,0,0,0,0
259.936,+0.01698,+0.00172,-0.00820,+0.02003,+0.03643,+0.00019,-0.00019,0,0,0,0,0,0,0
260.136,+0.01698,+0.00172,-0.00820,+0.02003,+0.03643,+0.00019,-0.00019,0,0,0,0,0,0,0
260.337,+0.01698,+0.00172,-0.00820,+0.02003,+0.03643,+0.00019,-0.00019,0,0,0,0,0,0,0
260.537,+0.01698,+0.00172,-0.00820,+0.02003,+0.03643,+0.00019,-0.00019,0,0,0,0,0,0,0
260.737,+0.01698,+0.00172,-0.00820,+0.02003,+0.03643,+0.00019,-0.00019,0,0,0,0,0,0,0
260.937,+0.01698,+0.00172,-0.00820,+0.02003,+0.03643,+0.00019,-0.00019,0,0,0,0,0,0,0
261.137,+0.01698,+0.00172,-0.00820,+0.02003,+0.03643,+0.00019,-0.00019,0,0,0,0,0,0,0
261.337,+0.01698,+0.00172,-0.00820,+0.02003,+0.03643,+0.00019,-0.00019,0,0,0,0,0,0,0
261.537,+0.01698,+0.00172,-0.00820,+0.02003,+0.03643,+0.00019,-0.00019,0,0,0,0,0,0,0
261.737,+0.01698,+0.00172,-0.00820,+0.02003,+0.03643,+0.00019,-0.00019,0,0,0,0,0,0,0
261.937,+0.01698,+0.00172,-0.00820,+0.02003,+0.03643,+0.00019,-0.00019,0,0,0,0,0,0,0
262.137,+0.01698,+0.00172,-0.00820,+0.02003,+0.03643,+0.00019,-0.00019,0,0,0,0,0,0,0
262.337,+0.01698,+0.00172,-0.00820,+0.02003,+0.03643,+0.00019,-0.00019,0,0,0,0,0,0,0
262.538,+0.01698,+0.00172,-0.00820,+0.02003,+0.03643,+0.00019,-0.00019,0,0,0,0,0,0,0
262.738,+0.01698,+0.00172,-0.00820,+0.02003,+0.03643,+0.00019,-0.00019,0,0,0,0,0,0,0
262.938,+0.01698,+0.00172,-0.00820,+0.02003,+0.03643,+0.00019,-0.00019,0,0,0,0,0,0,0
263.138,+0.01698,+0.00172,-0.00820,+0.02003,+0.03643,+0.00019,-0.00019,0,0,0,0,0,0,0
263.338,+0.01698,+0.00172,-0.00820,+0.02003,+0.03643,+0.00019,-0.00019,0,0,0,0,0,0,0
263.538,+0.01698,+0.00172,-0.00820,+0.02003,+0.03643,+0.00019,-0.00019,0,0,0,0,0,0,0
263.738,+0.01698,+0.00172,-0.00820,+0.02003,+0.03643,+0.00019,-0.00019,0,0,0,0,0,0,0
263.938,+0.01698,+0.00172,-0.00820,+0.02003,+0.03643,+0.00019,-0.00019,0,0,0,0,0,0,0
264.138,+0.01698,+0.00172,-0.00820,+0.02003,+0.03643,+0.00019,-0.00019,0,0,0,0,0,0,0
264.338,+0.01698,+0.00172,-0.00820,+0.02003,+0.03643,+0.00019,-0.00019,0,0,0,0,0,0,0
264.538,+0.01698,+0.00172,-0.00820,+0.02003,+0.03643,+0.00019,-0.00019,0,0,0,0,0,0,0
264.739,+0.01698,+0.00172,-0.00820,+0.02003,+0.03643,+0.00019,-0.00019,0,0,0,0,0,0,0
264.939,+0.01698,+0.00172,-0.00820,+0.02003,+0.03643,+0.00019,-0.00019,0,0,0,0,0,0,0
265.139,+0.01698,+0.00172,-0.00820,+0.02003,+0.03643,+0.00019,-0.00019,0,0,0,0,0,0,0
265.339,+0.01698,+0.00172,-0.00820,+0.02003,+0.03643,+0.00019,-0.00019,0,0,0,0,0,0,0
265.539,+0.01698,+0.00172,-0.00820,+0.02003,+0.03643,+0.00019,-0.00019,0,0,0,0,0,0,0
265.739,+0.01698,+0.00172,-0.00820,+0.02003,+0.03643,+0.00019,-0.00019,0,0,0,0,0,0,0
265.939,+0.01698,+0.00172,-0.00820,+0.02003,+0.03643,+0.00019,-0.00019,0,0,0,0,0,0,0
266.139,+0.01698,+0.00172,-0.00820,+0.02003,+0.03643,+0.00019,-0.00019,0,0,0,0,0,0,0
266.339,+0.01698,+0.00172,-0.00820,+0.02003,+0.03643,+0.00019,-0.00019,0,0,0,0,0,0,0
266.539,+0.01698,+0.00172,-0.00820,+0.02003,+0.03643,+0.00019,-0.00019,0,0,0,0,0,0,0
266.739,+0.01698,+0.00172,-0.00820,+0.02003,+0.03643,+0.00019,-0.00019,0,0,0,0,0,0,0
266.939,+0.01698,+0.00172,-0.00820,+0.02003,+0.03643,+0.00019,-0.00019,0,0,0,0,0,0,0
267.139,+0.01698,+0.00172,-0.00820,+0.01965,+0.03643,+0.00019,-0.00019,0,0,0,0,0,0,0
267.339,+0.01698,+0.00172,-0.00820,+0.01888,+0.03643,+0.00057,-0.00019,0,0,0,0,0,0,0
267.540,+0.01698,+0.00172,-0.00820,+0.01545,+0.03643,+0.01163,-0.00019,0,0,0,0,0,0,0
267.740,+0.01698,+0.00172,-0.00820,+0.01392,+0.03681,+0.01125,-0.00019,0,0,0,0,0,0,0
267.940,+0.01698,+0.00172,-0.00782,+0.01125,+0.03681,+0.00744,-0.00019,0,0,0,0,0,0,0
268.140,+0.01698,+0.00172,-0.00782,+0.00362,+0.03681,+0.00744,-0.00019,0,0,0,0,0,0,0
268.340,+0.01698,+0.00172,-0.00858,-0.02613,+0.03643,+0.00744,-0.00019,0,0,0,0,0,0,0
268.540,+0.01698,+0.00172,-0.01316,-0.04978,+0.03643,+0.00744,-0.00019,0,0,0,0,0,0,0
268.740,+0.01698,+0.00172,-0.02193,-0.09594,+0.03643,+0.00744,-0.00019,0,0,0,0,0,0,0
268.940,+0.01698,+0.00172,-0.02270,-0.18101,+0.03643,+0.00744,-0.00019,0,0,0,0,0,0,0
269.140,+0.01698,+0.00172,-0.02232,-0.27371,+0.03643,+0.00744,-0.00019,0,0,0,0,0,0,0
269.340,+0.01698,+0.00172,-0.02232,-0.34924,+0.03643,+0.00744,-0.00019,0,0,0,0,0,0,0
269.540,+0.01698,+0.00172,-0.02232,-0.46788,+0.03643,+0.00744,-0.00019,0,0,0,0,0,0,0
269.741,+0.01698,+0.00172,-0.02003,-0.57088,+0.03643,+0.00744,-0.00019,0,0,0,0,0,0,0
269.941,+0.01698,+0.00172,-0.01888,-0.66320,+0.03643,+0.00744,-0.00019,0,0,0,0,0,0,0
270.141,+0.01698,+0.00172,-0.00706,-0.76467,+0.03643,+0.00744,-0.00019,0,0,0,0,0,0,0
270.341,+0.01698,+0.00172,-0.00248,-0.84287,+0.03643,+0.00744,-0.00019,0,0,0,0,0,0,0
270.541,+0.01698,+0.00172,-0.00248,-0.90047,+0.03643,+0.00744,-0.00019,0,0,0,0,0,0,0
270.741,+0.01698,+0.00172,-0.00248,-0.92832,+0.03643,+0.00744,-0.00019,0,0,0,0,0,0,0
270.941,+0.01698,+0.00172,-0.00248,-0.92260,+0.03643,+0.00744,-0.00019,0,0,0,0,0,0,0
271.141,+0.01698,+0.00172,-0.00248,-0.91955,+0.03643,+0.00744,-0.00019,0,0,0,0,0,0,0
271.342,+0.01698,+0.00172,-0.00248,-0.92031,+0.03643,+0.00744,-0.00019,0,0,0,0,0,0,0
271.542,+0.01698,+0.00172,-0.00248,-0.92412,+0.03643,+0.00744,-0.00019,0,0,0,0,0,0,0
271.742,+0.01698,+0.00172,-0.00248,-0.93900,+0.03643,+0.00744,-0.00019,0,0,0,0,0,0,0
271.942,+0.01698,+0.00172,-0.00248,-0.94282,+0.03643,+0.00744,-0.00019,0,0,0,0,0,0,0
272.142,+0.01698,+0.00172,-0.00248,-0.94434,+0.03643,+0.00744,-0.00019,0,0,0,0,0,0,0
272.342,+0.01698,+0.00172,-0.00248,-0.94587,+0.03643,+0.00744,-0.00019,0,0,0,0,0,0,0
272.542,+0.01698,+0.00172,-0.00248,-0.94587,+0.03643,+0.00744,-0.00019,0,0,0,0,0,0,0
272.742,+0.01698,+0.00172,-0.00248,-0.94587,+0.03643,+0.00744,-0.00019,0,0,0,0,0,0,0
272.943,+0.01698,+0.00172,-0.00248,-0.94587,+0.03643,+0.00744,-0.00019,0,0,0,0,0,0,0
273.143,+0.01698,+0.00172,-0.00248,-0.94587,+0.03643,+0.00744,-0.00019,0,0,0,0,0,0,0
273.343,+0.01698,+0.00172,-0.00248,-0.94587,+0.03643,+0.00744,-0.00019,0,0,0,0,0,0,0
273.543,+0.01698,+0.00172,-0.00248,-0.94587,+0.03643,+0.00744,-0.00019,0,0,0,0,0,0,0
273.743,+0.01698,+0.00172,-0.00248,-0.94587,+0.03643,+0.00744,-0.00019,0,0,0,0,0,0,0
273.943,+0.01698,+0.00172,-0.00248,-0.94587,+0.03643,+0.00744,-0.00019,0,0,0,0,0,0,0
274.143,+0.01698,+0.00172,-0.00248,-0.94587,+0.03643,+0.00744,-0.00019,0,0,0,0,0,0,0
274.343,+0.01698,+0.00172,-0.00248,-0.94587,+0.03643,+0.00744,-0.00019,0,0,0,0,0,0,0
274.543,+0.01698,+0.00172,-0.00248,-0.94091,+0.03643,+0.00744,-0.00019,0,0,0,0,0,0,0
274.744,+0.01698,+0.00172,-0.00248,-0.91878,+0.03643,+0.00744,-0.00019,0,0,0,0,0,0,0
274.944,+0.01698,+0.00172,-0.00248,-0.87720,+0.03643,+0.00744,-0.00019,0,0,0,0,0,0,0
275.144,+0.01698,+0.00172,-0.00248,-0.80282,+0.03643,+0.00744,-0.00019,0,0,0,0,0,0,0
275.344,+0.01698,+0.00172,-0.00248,-0.71698,+0.03643,+0.00744,-0.00019,0,0,0,0,0,0,0
275.544,+0.01698,+0.00172,-0.00248,-0.62200,+0.03643,+0.00744,-0.00019,0,0,0,0,0,0,0
275.744,+0.01698,+0.00172,-0.00248,-0.52396,+0.03643,+0.00744,-0.00019,0,0,0,0,0,0,0
275.944,+0.01698,+0.00172,-0.00248,-0.41028,+0.03643,+0.00744,-0.00019,0,0,0,0,0,0,0
276.144,+0.01698,+0.00172,-0.00248,-0.30423,+0.03643,+0.00744,-0.00019,0,0,0,0,0,0,0
276.345,+0.01698,+0.00172,-0.00248,-0.20619,+0.03643,+0.00744,-0.00019,0,0,0,0,0,0,0
276.545,+0.01698,+0.00172,-0.00248,-0.10433,+0.03643,+0.00744,-0.00019,0,0,0,0,0,0,0
276.745,+0.01698,+0.00172,-0.00248,-0.01850,+0.03643,+0.00744,-0.00019,0,0,0,0,0,0,0
276.945,+0.01698,+0.00172,-0.00210,-0.00515,+0.03605,+0.00744,-0.00019,0,0,0,0,0,0,0
277.145,+0.01698,+0.00172,-0.00210,-0.00362,+0.03605,+0.00744,-0.00019,0,0,0,0,0,0,0
277.345,+0.01698,+0.00172,-0.00210,-0.00248,+0.03605,+0.00744,-0.00019,0,0,0,0,0,0,0
277.545,+0.01698,+0.00172,-0.00210,-0.00210,+0.03605,+0.00744,-0.00019,0,0,0,0,0,0,0
277.745,+0.01698,+0.00172,-0.00210,-0.00210,+0.03605,+0.00744,-0.00019,0,0,0,0,0,0,0
277.946,+0.01698,+0.00172,-0.00210,-0.00210,+0.03605,+0.00744,-0.00019,0,0,0,0,0,0,0
278.146,+0.01698,+0.00172,-0.00210,-0.00210,+0.03605,+0.00744,-0.00019,0,0,0,0,0,0,0
278.346,+0.01698,+0.00172,-0.00210,-0.00210,+0.03605,+0.00744,-0.00019,0,0,0,0,0,0,0
278.546,+0.01698,+0.00172,-0.00210,-0.00210,+0.03605,+0.00744,-0.00019,0,0,0,0,0,0,0
278.746,+0.01698,+0.00172,-0.00210,-0.00210,+0.03605,+0.00744,-0.00019,0,0,0,0,0,0,0
278.946,+0.01698,+0.00172,-0.00210,-0.00210,+0.03605,+0.00744,-0.00019,0,0,0,0,0,0,0
279.146,+0.01698,+0.00172,-0.00210,-0.00210,+0.03605,+0.00744,-0.00019,0,0,0,0,0,0,0
279.346,+0.01698,+0.00172,-0.00210,-0.00210,+0.03605,+0.00744,-0.00019,0,0,0,0,0,0,0
279.546,+0.01698,+0.00172,-0.00210,-0.00210,+0.03605,+0.00744,-0.00019,0,0,0,0,0,0,0
279.746,+0.01698,+0.00172,-0.00210,-0.00210,+0.03605,+0.00744,-0.00019,0,0,0,0,0,0,0
279.947,+0.01698,+0.00172,-0.00210,-0.00210,+0.03605,+0.00744,-0.00019,0,0,0,0,0,0,0
280.147,+0.01698,+0.00172,-0.00210,-0.00210,+0.03605,+0.00744,-0.00019,0,0,0,0,0,0,0
280.347,+0.01698,+0.00172,-0.00210,-0.00210,+0.03605,+0.00744,-0.00019,0,0,0,0,0,0,0
280.547,+0.01698,+0.00172,-0.00210,-0.00210,+0.03605,+0.00744,-0.00019,0,0,0,0,0,0,0
280.747,+0.01698,+0.00172,-0.00210,-0.00210,+0.03605,+0.00744,-0.00019,0,0,0,0,0,0,0
280.947,+0.01698,+0.00172,-0.00210,-0.00210,+0.03605,+0.00744,-0.00019,0,0,0,0,0,0,0
281.147,+0.01698,+0.00172,-0.00210,-0.00210,+0.03605,+0.00744,-0.00019,0,0,0,0,0,0,0
281.347,+0.01698,+0.00172,-0.00210,-0.00210,+0.03605,+0.00744,-0.00019,0,0,0,0,0,0,0
281.547,+0.01698,+0.00172,-0.00210,-0.00210,+0.03605,+0.00744,-0.00019,0,0,0,0,0,0,0
281.748,+0.01698,+0.00172,-0.00210,-0.00210,+0.03605,+0.00744,-0.00019,0,0,0,0,0,0,0
281.948,+0.01698,+0.00172,-0.00210,-0.00210,+0.03605,+0.00744,-0.00019,0,0,0,0,0,0,0
282.148,+0.01698,+0.00172,-0.00210,-0.00210,+0.03605,+0.00744,-0.00019,0,0,0,0,0,0,0
282.348,+0.01698,+0.00172,-0.00210,-0.00210,+0.03605,+0.00744,-0.00019,0,0,0,0,0,0,0
282.548,+0.01698,+0.00172,-0.00210,-0.00210,+0.03605,+0.00744,-0.00019,0,0,0,0,0,0,0
282.748,+0.01698,+0.00172,-0.00210,-0.00210,+0.03605,+0.00744,-0.00019,0,0,0,0,0,0,0
282.948,+0.01698,+0.00172,-0.00210,-0.00210,+0.03605,+0.00744,-0.00019,0,0,0,0,0,0,0
283.148,+0.01698,+0.00172,-0.00210,-0.00210,+0.03605,+0.00744,-0.00019,0,0,0,0,0,0,0
283.348,+0.01698,+0.00172,-0.00210,-0.00210,+0.03605,+0.00744,-0.00019,0,0,0,0,0,0,0
283.548,+0.01698,+0.00172,-0.00210,-0.00210,+0.03605,+0.00744,-0.00019,0,0,0,0,0,0,0
283.749,+0.01698,+0.00172,-0.00210,-0.00210,+0.03605,+0.00744,-0.00019,0,0,0,0,0,0,0
283.949,+0.01698,+0.00172,-0.00210,-0.00210,+0.03605,+0.00744,-0.00019,0,0,0,0,0,0,0
284.149,+0.01698,+0.00172,-0.00210,-0.00210,+0.03605,+0.00744,-0.00019,0,0,0,0,0,0,0
284.349,+0.01698,+0.00172,-0.00210,-0.00210,+0.03605,+0.00744,-0.00019,0,0,0,0,0,0,0
284.549,+0.01698,+0.00172,-0.00210,-0.00210,+0.03605,+0.00744,-0.00019,0,0,0,0,0,0,0
284.749,+0.01698,+0.00172,-0.00210,-0.00210,+0.03605,+0.00744,-0.00019,0,0,0,0,0,0,0
284.949,+0.01698,+0.00172,-0.00210,-0.00210,+0.03605,+0.00744,-0.00019,0,0,0,0,0,0,0
285.149,+0.01698,+0.00172,-0.00210,-0.00210,+0.03605,+0.00744,-0.00019,0,0,0,0,0,0,0
285.350,+0.01698,+0.00172,-0.00210,-0.00210,+0.03605,+0.00744,-0.00019,0,0,0,0,0,0,0
285.550,+0.01698,+0.00172,-0.00210,-0.00210,+0.03605,+0.00744,-0.00019,0,0,0,0,0,0,0
285.750,+0.01698,+0.00172,-0.00210,-0.00210,+0.03605,+0.00744,-0.00019,0,0,0,0,0,0,0
285.950,+0.01698,+0.00172,-0.00210,-0.00210,+0.03605,+0.00744,-0.00019,0,0,0,0,0,0,0
286.150,+0.01698,+0.00172,-0.00210,-0.00210,+0.03605,+0.00744,-0.00019,0,0,0,0,0,0,0
286.350,+0.01698,+0.00172,-0.00210,-0.00210,+0.03605,+0.00744,-0.00019,0,0,0,0,0,0,0
286.550,+0.01698,+0.00172,-0.00210,-0.00210,+0.03605,+0.00744,-0.00019,0,0,0,0,0,0,0
286.750,+0.01698,+0.00172,-0.00210,-0.00210,+0.03605,+0.00744,-0.00019,0,0,0,0,0,0,0
286.951,+0.01698,+0.00172,-0.00210,-0.00210,+0.03605,+0.00744,-0.00019,0,0,0,0,0,0,0
287.151,+0.01698,+0.00172,-0.00210,-0.00210,+0.03605,+0.00744,-0.00019,0,0,0,0,0,0,0
287.351,+0.01698,+0.00172,-0.00210,-0.00210,+0.03605,+0.00744,-0.00019,0,0,0,0,0,0,0
287.551,+0.01698,+0.00172,-0.00210,-0.00210,+0.03605,+0.00744,-0.00019,0,0,0,0,0,0,0
287.751,+0.01698,+0.00172,-0.00210,-0.00210,+0.03605,+0.00744,-0.00019,0,0,0,0,0,0,0
287.951,+0.01698,+0.00172,-0.00210,-0.00210,+0.03605,+0.00744,-0.00019,0,0,0,0,0,0,0
288.151,+0.01698,+0.00172,-0.00210,-0.00210,+0.03605,+0.00744,-0.00019,0,0,0,0,0,0,0
288.351,+0.01698,+0.00172,-0.00210,-0.00210,+0.03605,+0.00744,-0.00019,0,0,0,0,0,0,0
288.551,+0.01698,+0.00172,-0.00210,-0.00210,+0.03605,+0.00744,-0.00019,0,0,0,0,0,0,0
288.752,+0.01698,+0.00172,-0.00210,-0.00210,+0.03605,+0.00744,-0.00019,0,0,0,0,0,0,0
288.952,+0.01698,+0.00172,-0.00210,-0.00210,+0.03605,+0.00744,-0.00019,0,0,0,0,0,0,0
289.152,+0.01698,+0.00172,-0.00210,-0.00210,+0.03605,+0.00744,-0.00019,0,0,0,0,0,0,0
289.352,+0.01698,+0.00172,-0.00210,-0.00210,+0.03605,+0.00744,-0.00019,0,0,0,0,0,0,0
289.552,+0.01698,+0.00172,-0.00210,-0.00210,+0.03605,+0.00744,-0.00019,0,0,0,0,0,0,0
289.752,+0.01698,+0.00172,-0.00210,-0.00210,+0.03605,+0.00744,-0.00019,0,0,0,0,0,0,0
289.952,+0.01698,+0.00172,-0.00210,-0.00210,+0.03605,+0.00744,-0.00019,0,0,0,0,0,0,0
290.152,+0.01698,+0.00172,-0.00210,-0.00210,+0.03605,+0.00744,-0.00019,0,0,0,0,0,0,0
290.352,+0.01698,+0.00172,-0.00210,-0.00210,+0.03605,+0.00744,-0.00019,0,0,0,0,0,0,0
290.553,+0.01698,+0.00172,-0.00210,-0.00210,+0.03605,+0.00744,-0.00019,0,0,0,0,0,0,0
290.753,+0.01698,+0.00172,-0.00210,-0.00210,+0.03605,+0.00744,-0.00019,0,0,0,0,0,0,0
290.953,+0.01698,+0.00172,-0.00210,-0.00210,+0.03605,+0.00744,-0.00019,0,0,0,0,0,0,0
291.153,+0.01698,+0.00172,-0.00210,-0.00210,+0.03605,+0.00744,-0.00019,0,0,0,0,0,0,0
291.353,+0.01698,+0.00172,-0.00210,-0.00210,+0.03605,+0.00744,-0.00019,0,0,0,0,0,0,0
291.553,+0.01698,+0.00172,-0.00210,-0.00210,+0.03605,+0.00744,-0.00019,0,0,0,0,0,0,0
291.753,+0.01698,+0.00172,-0.00210,-0.00210,+0.03605,+0.00744,-0.00019,0,0,0,0,0,0,0
291.953,+0.01698,+0.00172,-0.00210,-0.00210,+0.03605,+0.00744,-0.00019,0,0,0,0,0,0,0
292.153,+0.01698,+0.00172,-0.00210,-0.00210,+0.03605,+0.00744,-0.00019,0,0,0,0,0,0,0
292.354,+0.01698,+0.00172,-0.00210,-0.00210,+0.03605,+0.00744,-0.00019,0,0,0,0,0,0,0
292.554,+0.01698,+0.00172,-0.00210,-0.00210,+0.03605,+0.00744,-0.00019,0,0,0,0,0,0,0
292.754,+0.01698,+0.00172,-0.00210,-0.00210,+0.03605,+0.00744,-0.00019,0,0,0,0,0,0,0
292.954,+0.01698,+0.00172,-0.00210,-0.00210,+0.03605,+0.00744,-0.00019,0,0,0,0,0,0,0
293.154,+0.01698,+0.00172,-0.00210,-0.00210,+0.03605,+0.00744,-0.00019,0,0,0,0,0,0,0
293.354,+0.01698,+0.00172,-0.00210,-0.00210,+0.03605,+0.00744,-0.00019,0,0,0,0,0,0,0
293.554,+0.01698,+0.00172,-0.00210,-0.00210,+0.03605,+0.00744,-0.00019,0,0,0,0,0,0,0
293.754,+0.01698,+0.00172,-0.00210,-0.00210,+0.03605,+0.00744,-0.00019,0,0,0,0,0,0,0
293.955,+0.01698,+0.00172,-0.00210,-0.00210,+0.03605,+0.00744,-0.00019,0,0,0,0,0,0,0
294.155,+0.01698,+0.00172,-0.00210,-0.00210,+0.03605,+0.00744,-0.00019,0,0,0,0,0,0,0
294.355,+0.01698,+0.00172,-0.00210,-0.00210,+0.03605,+0.00744,-0.00019,0,0,0,0,0,0,0
294.555,+0.01698,+0.00172,-0.00210,-0.00210,+0.03605,+0.00744,-0.00019,0,0,0,0,0,0,0
294.755,+0.01698,+0.00172,-0.00210,-0.00210,+0.03605,+0.00744,-0.00019,0,0,0,0,0,0,0
294.955,+0.01698,+0.00172,-0.00210,-0.00210,+0.03605,+0.00744,-0.00019,0,0,0,0,0,0,0
295.155,+0.01698,+0.00172,-0.00210,-0.00210,+0.03605,+0.00744,-0.00019,0,0,0,0,0,0,0
295.355,+0.01698,+0.00172,-0.00210,-0.00210,+0.03605,+0.00744,-0.00019,0,0,0,0,0,0,0
295.555,+0.01698,+0.00172,-0.00210,-0.00210,+0.03605,+0.00744,-0.00019,0,0,0,0,0,0,0
295.756,+0.01698,+0.00172,-0.00210,-0.00210,+0.03605,+0.00744,-0.00019,0,0,0,0,0,0,0
295.956,+0.01698,+0.00172,-0.00210,-0.00210,+0.03605,+0.00744,-0.00019,0,0,0,0,0,0,0
296.156,+0.01698,+0.00172,-0.00210,-0.00210,+0.03605,+0.00744,-0.00019,0,0,0,0,0,0,0
296.356,+0.01698,+0.00172,-0.00210,-0.00210,+0.03605,+0.00744,-0.00019,0,0,0,0,0,0,0
296.556,+0.01698,+0.00172,-0.00210,-0.00210,+0.03605,+0.00744,-0.00019,0,0,0,0,0,0,0
296.756,+0.01698,+0.00172,-0.00210,-0.00210,+0.03605,+0.00744,-0.00019,0,0,0,0,0,0,0
296.956,+0.01698,+0.00172,-0.00210,-0.00210,+0.03605,+0.00744,-0.00019,0,0,0,0,0,0,0
297.156,+0.01698,+0.00172,-0.00210,-0.00210,+0.03605,+0.00744,-0.00019,0,0,0,0,0,0,0
297.357,+0.01698,+0.00172,-0.00210,-0.00210,+0.03605,+0.00744,-0.00019,0,0,0,0,0,0,0
297.557,+0.01698,+0.00172,-0.00210,-0.00210,+0.03605,+0.00744,-0.00019,0,0,0,0,0,0,0
297.757,+0.01698,+0.00172,-0.00210,-0.00210,+0.03605,+0.00744,-0.00019,0,0,0,0,0,0,0
297.957,+0.01698,+0.00172,-0.00210,-0.00210,+0.03605,+0.00744,-0.00019,0,0,0,0,0,0,0
298.157,+0.01698,+0.00172,-0.00210,-0.00210,+0.03605,+0.00744,-0.00019,0,0,0,0,0,0,0
298.357,+0.01698,+0.00172,-0.00210,-0.00210,+0.03605,+0.00744,-0.00019,0,0,0,0,0,0,0
298.557,+0.01698,+0.00172,-0.00210,-0.00210,+0.03605,+0.00744,-0.00019,0,0,0,0,0,0,0
298.757,+0.01698,+0.00172,-0.00210,-0.00210,+0.03605,+0.00744,-0.00019,0,0,0,0,0,0,0
298.957,+0.01698,+0.00172,-0.00210,-0.00210,+0.03605,+0.00744,-0.00019,0,0,0,0,0,0,0
299.157,+0.01698,+0.00172,-0.00210,-0.00210,+0.03605,+0.00744,-0.00019,0,0,0,0,0,0,0
299.358,+0.01698,+0.00172,-0.00210,-0.00210,+0.03605,+0.00744,-0.00019,0,0,0,0,0,0,0
299.558,+0.01698,+0.00172,-0.00210,-0.00210,+0.03605,+0.00744,-0.00019,0,0,0,0,0,0,0
299.758,+0.01698,+0.00172,-0.00210,-0.00210,+0.03605,+0.00744,-0.00019,0,0,0,0,0,0,0
299.958,+0.01698,+0.00172,-0.00210,-0.00210,+0.03605,+0.00744,-0.00019,0,0,0,0,0,0,0
300.158,+0.01698,+0.00172,-0.00210,-0.00210,+0.03605,+0.00744,-0.00019,0,0,0,0,0,0,0
300.358,+0.01698,+0.00172,-0.00210,-0.00210,+0.03605,+0.00744,-0.00019,0,0,0,0,0,0,0
300.558,+0.01698,+0.00172,-0.00210,-0.00210,+0.03605,+0.00744,-0.00019,0,0,0,0,0,0,0
300.758,+0.01698,+0.00172,-0.00210,-0.00210,+0.03605,+0.00744,-0.00019,0,0,0,0,0,0,0
300.958,+0.01698,+0.00172,-0.00210,-0.00210,+0.03605,+0.00744,-0.00019,0,0,0,0,0,0,0
301.159,+0.01698,+0.00172,-0.00210,-0.00210,+0.03605,+0.00744,-0.00019,0,0,0,0,0,0,0
301.359,+0.01698,+0.00172,-0.00210,-0.00210,+0.03605,+0.00744,-0.00019,0,0,0,0,0,0,0
301.559,+0.01698,+0.00172,-0.00210,-0.00210,+0.03605,+0.00744,-0.00019,0,0,0,0,0,0,0
301.759,+0.01698,+0.00172,-0.00210,-0.00210,+0.03605,+0.00744,-0.00019,0,0,0,0,0,0,0
301.959,+0.01698,+0.00172,-0.00210,-0.00210,+0.03605,+0.00744,-0.00019,0,0,0,0,0,0,0
302.159,+0.01698,+0.00172,-0.00210,-0.00210,+0.03605,+0.00744,-0.00019,0,0,0,0,0,0,0
302.359,+0.01698,+0.00172,-0.00210,-0.00210,+0.03605,+0.00744,-0.00019,0,0,0,0,0,0,0
302.559,+0.01698,+0.00172,-0.00210,-0.00210,+0.03605,+0.00744,-0.00019,0,0,0,0,0,0,0
302.759,+0.01698,+0.00172,-0.00210,-0.00210,+0.03605,+0.00744,-0.00019,0,0,0,0,0,0,0
302.959,+0.01698,+0.00172,-0.00210,-0.00210,+0.03605,+0.00744,-0.00019,0,0,0,0,0,0,0
303.159,+0.01698,+0.00172,-0.00210,-0.00210,+0.03605,+0.00744,-0.00019,0,0,0,0,0,0,0
303.360,+0.01698,+0.00172,-0.00210,-0.00210,+0.03605,+0.00744,-0.00019,0,0,0,0,0,0,0
303.560,+0.01698,+0.00172,-0.00210,-0.00210,+0.03605,+0.00744,-0.00019,0,0,0,0,0,0,0
303.760,+0.01698,+0.00172,-0.00210,-0.00210,+0.03605,+0.00744,-0.00019,0,0,0,0,0,0,0
303.960,+0.01698,+0.00172,-0.00210,-0.00210,+0.03605,+0.00744,-0.00019,0,0,0,0,0,0,0
304.160,+0.01698,+0.00172,-0.00210,-0.00210,+0.03605,+0.00744,-0.00019,0,0,0,0,0,0,0
304.360,+0.01698,+0.00172,-0.00210,-0.00210,+0.03605,+0.00744,-0.00019,0,0,0,0,0,0,0
304.560,+0.01698,+0.00172,-0.00210,-0.00210,+0.03605,+0.00744,-0.00019,0,0,0,0,0,0,0
304.760,+0.01698,+0.00172,-0.00210,-0.00210,+0.03605,+0.00744,-0.00019,0,0,0,0,0,0,0
304.961,+0.01698,+0.00172,-0.00210,-0.00210,+0.03605,+0.00744,-0.00019,0,0,0,0,0,0,0
305.161,+0.01698,+0.00172,-0.00210,-0.00210,+0.03605,+0.00744,-0.00019,0,0,0,0,0,0,0
305.361,+0.01698,+0.00172,-0.00210,-0.00210,+0.03605,+0.00744,-0.00019,0,0,0,0,0,0,0
305.561,+0.01698,+0.00172,-0.00210,-0.00210,+0.03605,+0.00744,-0.00019,0,0,0,0,0,0,0
305.761,+0.01698,+0.00172,-0.00210,-0.00210,+0.03605,+0.00744,-0.00019,0,0,0,0,0,0,0
305.961,+0.01698,+0.00172,-0.00210,-0.00210,+0.03605,+0.00744,-0.00019,0,0,0,0,0,0,0
306.161,+0.01698,+0.00172,-0.00210,-0.00210,+0.03605,+0.00744,-0.00019,0,0,0,0,0,0,0
306.361,+0.01698,+0.00172,-0.00210,-0.00210,+0.03605,+0.00744,-0.00019,0,0,0,0,0,0,0
306.561,+0.01698,+0.00172,-0.00210,-0.00210,+0.03605,+0.00744,-0.00019,0,0,0,0,0,0,0
306.762,+0.01698,+0.00172,-0.00210,-0.00210,+0.03605,+0.00744,-0.00019,0,0,0,0,0,0,0
306.962,+0.01698,+0.00172,-0.00210,-0.00210,+0.03605,+0.00744,-0.00019,0,0,0,0,0,0,0
307.162,+0.01698,+0.00172,-0.00210,-0.00210,+0.03605,+0.00744,-0.00019,0,0,0,0,0,0,0
307.362,+0.01698,+0.00172,-0.00210,-0.00210,+0.03605,+0.00744,-0.00019,0,0,0,0,0,0,0
307.562,+0.01698,+0.00172,-0.00210,-0.00210,+0.03605,+0.00744,-0.00019,0,0,0,0,0,0,0
307.762,+0.01698,+0.00172,-0.00210,-0.00210,+0.03605,+0.00744,-0.00019,0,0,0,0,0,0,0
307.962,+0.01698,+0.00172,-0.00210,-0.00210,+0.03605,+0.00744,-0.00019,0,0,0,0,0,0,0
308.162,+0.01698,+0.00172,-0.00210,-0.00210,+0.03605,+0.00744,-0.00019,0,0,0,0,0,0,0
308.362,+0.01698,+0.00172,-0.00210,-0.00210,+0.03605,+0.00744,-0.00019,0,0,0,0,0,0,0
308.562,+0.01698,+0.00172,-0.00210,-0.00210,+0.03605,+0.00744,-0.00019,0,0,0,0,0,0,0
308.763,+0.01698,+0.00172,-0.00210,-0.00210,+0.03605,+0.00744,-0.00019,0,0,0,0,0,0,0
308.963,+0.01698,+0.00172,-0.00210,-0.00210,+0.03605,+0.00744,-0.00019,0,0,0,0,0,0,0
309.163,+0.01698,+0.00172,-0.00210,-0.00210,+0.03605,+0.00744,-0.00019,0,0,0,0,0,0,0
309.363,+0.01698,+0.00172,-0.00210,-0.00210,+0.03605,+0.00744,-0.00019,0,0,0,0,0,0,0
309.563,+0.01698,+0.00172,-0.00210,-0.00210,+0.03605,+0.00744,-0.00019,0,0,0,0,0,0,0
309.763,+0.01698,+0.00172,-0.00210,-0.00210,+0.03605,+0.00744,-0.00019,0,0,0,0,0,0,0
309.963,+0.01698,+0.00172,-0.00210,-0.00210,+0.03605,+0.00744,-0.00019,0,0,0,0,0,0,0
310.163,+0.01698,+0.00172,-0.00210,-0.00210,+0.03605,+0.00744,-0.00019,0,0,0,0,0,0,0
310.363,+0.01698,+0.00172,-0.00210,-0.00210,+0.03605,+0.00744,-0.00019,0,0,0,0,0,0,0
310.563,+0.01698,+0.00172,-0.00210,-0.00210,+0.03605,+0.00744,-0.00019,0,0,0,0,0,0,0
310.764,+0.01698,+0.00172,-0.00210,-0.00210,+0.03605,+0.00744,-0.00019,0,0,0,0,0,0,0
310.964,+0.01698,+0.00172,-0.00210,-0.00210,+0.03605,+0.00744,-0.00019,0,0,0,0,0,0,0
311.164,+0.01698,+0.00172,-0.00210,-0.00210,+0.03605,+0.00744,-0.00019,0,0,0,0,0,0,0
311.364,+0.01698,+0.00172,-0.00210,-0.00210,+0.03605,+0.00744,-0.00019,0,0,0,0,0,0,0
311.564,+0.01698,+0.00172,-0.00210,-0.00210,+0.03605,+0.00744,-0.00019,0,0,0,0,0,0,0
311.764,+0.01698,+0.00172,-0.00210,-0.00210,+0.03605,+0.00744,-0.00019,0,0,0,0,0,0,0
311.964,+0.01698,+0.00172,-0.00210,-0.00210,+0.03605,+0.00744,-0.00019,0,0,0,0,0,0,0
312.164,+0.01698,+0.00172,-0.00210,-0.00210,+0.03605,+0.00744,-0.00019,0,0,0,0,0,0,0
312.364,+0.01698,+0.00172,-0.00210,-0.00210,+0.03605,+0.00744,-0.00019,0,0,0,0,0,0,0
312.564,+0.01698,+0.00172,-0.00210,-0.00210,+0.03605,+0.00744,-0.00019,0,0,0,0,0,0,0
312.765,+0.01698,+0.00172,-0.00210,-0.00210,+0.03605,+0.00744,-0.00019,0,0,0,0,0,0,0
312.965,+0.01698,+0.00172,-0.00210,-0.00210,+0.03605,+0.00744,-0.00019,0,0,0,0,0,0,0
313.165,+0.01698,+0.00172,-0.00210,-0.00210,+0.03605,+0.00744,-0.00019,0,0,0,0,0,0,0
313.365,+0.01698,+0.00172,-0.00210,-0.00210,+0.03605,+0.00744,-0.00019,0,0,0,0,0,0,0
313.565,+0.01698,+0.00172,-0.00210,-0.00210,+0.03605,+0.00744,-0.00019,0,0,0,0,0,0,0
313.765,+0.01698,+0.00172,-0.00210,-0.00210,+0.03605,+0.00744,-0.00019,0,0,0,0,0,0,0
313.965,+0.01698,+0.00172,-0.00210,-0.00210,+0.03605,+0.00744,-0.00019,0,0,0,0,0,0,0
314.165,+0.01698,+0.00172,-0.00210,-0.00210,+0.03605,+0.00744,-0.00019,0,0,0,0,0,0,0
314.365,+0.01698,+0.00172,-0.00210,-0.00210,+0.03605,+0.00744,-0.00019,0,0,0,0,0,0,0
314.565,+0.01698,+0.00172,-0.00210,-0.00210,+0.03605,+0.00744,-0.00019,0,0,0,0,0,0,0
314.766,+0.01698,+0.00172,-0.00210,-0.00210,+0.03605,+0.00744,-0.00019,0,0,0,0,0,0,0
314.966,+0.01698,+0.00172,-0.00210,-0.00210,+0.03605,+0.00744,-0.00019,0,0,0,0,0,0,0
315.166,+0.01698,+0.00172,-0.00210,-0.00210,+0.03605,+0.00744,-0.00019,0,0,0,0,0,0,0
315.366,+0.01698,+0.00172,-0.00210,-0.00210,+0.03605,+0.00744,-0.00019,0,0,0,0,0,0,0
315.566,+0.01698,+0.00172,-0.00210,-0.00210,+0.03605,+0.00744,-0.00019,0,0,0,0,0,0,0
315.766,+0.01698,+0.00172,-0.00210,-0.00210,+0.03605,+0.00744,-0.00019,0,0,0,0,0,0,0
315.966,+0.01698,+0.00172,-0.00210,-0.00210,+0.03605,+0.00744,-0.00019,0,0,0,0,0,0,0
316.166,+0.01698,+0.00172,-0.00210,-0.00210,+0.03605,+0.00744,-0.00019,0,0,0,0,0,0,0
316.366,+0.01698,+0.00172,-0.00210,-0.00210,+0.03605,+0.00744,-0.00019,0,0,0,0,0,0,0
316.567,+0.01698,+0.00172,-0.00210,-0.00210,+0.03605,+0.00744,-0.00019,0,0,0,0,0,0,0
316.767,+0.01698,+0.00172,-0.00210,-0.00210,+0.03605,+0.00744,-0.00019,0,0,0,0,0,0,0
316.967,+0.01698,+0.00172,-0.00210,-0.00210,+0.03605,+0.00744,-0.00019,0,0,0,0,0,0,0
317.167,+0.01698,+0.00172,-0.00210,-0.00210,+0.03605,+0.00744,-0.00019,0,0,0,0,0,0,0
317.367,+0.01698,+0.00172,-0.00210,-0.00210,+0.03605,+0.00744,-0.00019,0,0,0,0,0,0,0
317.567,+0.01698,+0.00172,-0.00210,-0.00210,+0.03605,+0.00744,-0.00019,0,0,0,0,0,0,0
317.767,+0.01698,+0.00172,-0.00210,-0.00210,+0.03605,+0.00744,-0.00019,0,0,0,0,0,0,0
317.967,+0.01698,+0.00172,-0.00210,-0.00210,+0.03605,+0.00744,-0.00019,0,0,0,0,0,0,0
318.167,+0.01698,+0.00172,-0.00210,-0.00210,+0.03605,+0.00744,-0.00019,0,0,0,0,0,0,0
318.368,+0.01698,+0.00172,-0.00210,-0.00210,+0.03605,+0.00744,-0.00019,0,0,0,0,0,0,0
318.568,+0.01698,+0.00172,-0.00210,-0.00210,+0.03605,+0.00744,-0.00019,0,0,0,0,0,0,0
318.768,+0.01698,+0.00172,-0.00210,-0.00210,+0.03605,+0.00744,-0.00019,0,0,0,0,0,0,0
318.968,+0.01698,+0.00172,-0.00210,-0.00210,+0.03605,+0.00744,-0.00019,0,0,0,0,0,0,0
319.168,+0.01698,+0.00172,-0.00210,-0.00210,+0.03605,+0.00744,-0.00019,0,0,0,0,0,0,0
319.368,+0.01698,+0.00172,-0.00210,-0.00210,+0.03605,+0.00744,-0.00019,0,0,0,0,0,0,0
319.568,+0.01698,+0.00172,-0.00210,-0.00210,+0.03605,+0.00744,-0.00019,0,0,0,0,0,0,0
319.768,+0.01698,+0.00172,-0.00210,-0.00210,+0.03605,+0.00744,-0.00019,0,0,0,0,0,0,0
319.968,+0.01698,+0.00172,-0.00210,-0.00210,+0.03605,+0.00744,-0.00019,0,0,0,0,0,0,0
320.169,+0.01698,+0.00172,-0.00210,-0.00210,+0.03605,+0.00744,-0.00019,0,0,0,0,0,0,0
320.369,+0.01698,+0.00172,-0.00210,-0.00210,+0.03605,+0.00744,-0.00019,0,0,0,0,0,0,0
320.569,+0.01698,+0.00172,-0.00210,-0.00210,+0.03605,+0.00744,-0.00019,0,0,0,0,0,0,0
320.769,+0.01698,+0.00172,-0.00210,-0.00210,+0.03605,+0.00744,-0.00019,0,0,0,0,0,0,0
320.969,+0.01698,+0.00172,-0.00210,-0.00210,+0.03605,+0.00744,-0.00019,0,0,0,0,0,0,0
321.169,+0.01698,+0.00172,-0.00210,-0.00210,+0.03605,+0.00744,-0.00019,0,0,0,0,0,0,0
321.369,+0.01698,+0.00172,-0.00210,-0.00210,+0.03605,+0.00744,-0.00019,0,0,0,0,0,0,0
321.569,+0.01698,+0.00172,-0.00210,-0.00210,+0.03605,+0.00744,-0.00019,0,0,0,0,0,0,0
321.769,+0.01698,+0.00172,-0.00210,-0.00210,+0.03605,+0.00744,-0.00019,0,0,0,0,0,0,0
321.969,+0.01698,+0.00172,-0.00210,-0.00210,+0.03605,+0.00744,-0.00019,0,0,0,0,0,0,0
322.169,+0.01698,+0.00172,-0.00210,-0.00210,+0.03605,+0.00744,-0.00019,0,0,0,0,0,0,0
322.369,+0.01698,+0.00172,-0.00210,-0.00210,+0.03605,+0.00744,-0.00019,0,0,0,0,0,0,0
322.570,+0.01698,+0.00172,-0.00210,-0.00210,+0.03605,+0.00744,-0.00019,0,0,0,0,0,0,0
322.770,+0.01698,+0.00172,-0.00210,-0.00210,+0.03605,+0.00744,-0.00019,0,0,0,0,0,0,0
322.970,+0.01698,+0.00172,-0.00210,-0.00210,+0.03605,+0.00744,-0.00019,0,0,0,0,0,0,0
323.170,+0.01698,+0.00172,-0.00210,-0.00210,+0.03605,+0.00744,-0.00019,0,0,0,0,0,0,0
323.370,+0.01698,+0.00172,-0.00210,-0.00210,+0.03605,+0.00744,-0.00019,0,0,0,0,0,0,0
323.570,+0.01698,+0.00172,-0.00210,-0.00210,+0.03605,+0.00744,-0.00019,0,0,0,0,0,0,0
323.770,+0.01698,+0.00172,-0.00210,-0.00210,+0.03605,+0.00744,-0.00019,0,0,0,0,0,0,0
323.970,+0.01698,+0.00172,-0.00210,-0.00210,+0.03605,+0.00744,-0.00019,0,0,0,0,0,0,0
324.170,+0.01698,+0.00172,-0.00210,-0.00210,+0.03605,+0.00744,-0.00019,0,0,0,0,0,0,0
324.370,+0.01698,+0.00172,-0.00210,-0.00210,+0.03605,+0.00744,-0.00019,0,0,0,0,0,0,0
324.571,+0.01698,+0.00172,-0.00210,-0.00210,+0.03605,+0.00744,-0.00019,0,0,0,0,0,0,0
324.771,+0.01698,+0.00172,-0.00210,-0.00210,+0.03605,+0.00744,-0.00019,0,0,0,0,0,0,0
324.971,+0.01698,+0.00172,-0.00210,-0.00210,+0.03605,+0.00744,-0.00019,0,0,0,0,0,0,0
325.171,+0.01698,+0.00172,-0.00210,-0.00210,+0.03605,+0.00744,-0.00019,0,0,0,0,0,0,0
325.371,+0.01698,+0.00172,-0.00210,-0.00210,+0.03605,+0.00744,-0.00019,0,0,0,0,0,0,0
325.571,+0.01698,+0.00172,-0.00210,-0.00210,+0.03605,+0.00744,-0.00019,0,0,0,0,0,0,0
325.771,+0.01698,+0.00172,-0.00210,-0.00210,+0.03605,+0.00744,-0.00019,0,0,0,0,0,0,0
325.971,+0.01698,+0.00172,-0.00210,-0.00210,+0.03605,+0.00744,-0.00019,0,0,0,0,0,0,0
326.171,+0.01698,+0.00172,-0.00210,-0.00210,+0.03605,+0.00744,-0.00019,0,0,0,0,0,0,0
326.371,+0.01698,+0.00172,-0.00210,-0.00210,+0.03605,+0.00744,-0.00019,0,0,0,0,0,0,0
326.571,+0.01698,+0.00172,-0.00210,-0.00210,+0.03605,+0.00744,-0.00019,0,0,0,0,0,0,0
326.771,+0.01698,+0.00172,-0.00210,-0.00210,+0.03605,+0.00744,-0.00019,0,0,0,0,0,0,0
326.972,+0.01698,+0.00172,-0.00210,-0.00210,+0.03605,+0.00744,-0.00019,0,0,0,0,0,0,0
327.172,+0.01698,+0.00172,-0.00210,-0.00210,+0.03605,+0.00744,-0.00019,0,0,0,0,0,0,0
327.372,+0.01698,+0.00172,-0.00210,-0.00210,+0.03605,+0.00744,-0.00019,0,0,0,0,0,0,0
327.572,+0.01698,+0.00172,-0.00210,-0.00210,+0.03605,+0.00744,-0.00019,0,0,0,0,0,0,0
327.772,+0.01698,+0.00172,-0.00210,-0.00210,+0.03605,+0.00744,-0.00019,0,0,0,0,0,0,0
327.972,+0.01698,+0.00172,-0.00210,-0.00210,+0.03605,+0.00744,-0.00019,0,0,0,0,0,0,0
328.172,+0.01698,+0.00172,-0.00210,-0.00210,+0.03605,+0.00744,-0.00019,0,0,0,0,0,0,0
328.372,+0.01698,+0.00172,-0.00210,-0.00210,+0.03605,+0.00744,-0.00019,0,0,0,0,0,0,0
328.572,+0.01698,+0.00172,-0.00210,-0.00210,+0.03605,+0.00744,-0.00019,0,0,0,0,0,0,0
328.773,+0.01698,+0.00172,-0.00210,-0.00210,+0.03605,+0.00744,-0.00019,0,0,0,0,0,0,0
328.973,+0.01698,+0.00172,-0.00210,-0.00210,+0.03605,+0.00744,-0.00019,0,0,0,0,0,0,0
329.173,+0.01698,+0.00172,-0.00210,-0.00210,+0.03605,+0.00744,-0.00019,0,0,0,0,0,0,0
329.373,+0.01698,+0.00172,-0.00210,-0.00210,+0.03605,+0.00744,-0.00019,0,0,0,0,0,0,0
329.573,+0.01698,+0.00172,-0.00210,-0.00210,+0.03605,+0.00744,-0.00019,0,0,0,0,0,0,0
329.773,+0.01698,+0.00172,-0.00210,-0.00210,+0.03605,+0.00744,-0.00019,0,0,0,0,0,0,0
329.973,+0.01698,+0.00172,-0.00210,-0.00210,+0.03605,+0.00744,-0.00019,0,0,0,0,0,0,0
330.173,+0.01698,+0.00172,-0.00210,-0.00210,+0.03605,+0.00782,-0.00019,0,0,0,0,0,0,0
330.373,+0.01698,+0.00172,-0.00210,-0.00210,+0.03605,+0.00782,-0.00019,0,0,0,0,0,0,0
330.573,+0.01698,+0.00172,-0.00210,-0.00210,+0.03605,+0.00820,-0.00019,0,0,0,0,0,0,0
330.774,+0.01698,+0.00172,-0.00210,-0.00210,+0.03605,+0.00782,-0.00019,0,0,0,0,0,0,0
330.974,+0.01698,+0.00172,-0.00210,-0.00210,+0.03605,+0.00782,-0.00019,0,0,0,0,0,0,0
331.174,+0.01698,+0.00172,-0.00210,-0.00210,+0.03605,+0.00782,-0.00019,0,0,0,0,0,0,0
331.374,+0.01698,+0.00172,-0.00210,-0.00210,+0.03605,+0.00782,-0.00019,0,0,0,0,0,0,0
331.574,+0.01698,+0.00172,-0.00210,-0.00210,+0.03605,+0.00782,-0.00019,0,0,0,0,0,0,0
331.774,+0.01698,+0.00172,-0.00210,-0.00210,+0.03605,+0.00782,-0.00019,0,0,0,0,0,0,0
331.974,+0.01698,+0.00172,-0.00210,-0.00210,+0.03605,+0.00782,-0.00019,0,0,0,0,0,0,0
332.174,+0.01698,+0.00172,-0.00210,-0.00210,+0.03605,+0.00782,-0.00019,0,0,0,0,0,0,0
332.374,+0.01698,+0.00172,-0.00210,-0.00210,+0.03605,+0.00782,-0.00019,0,0,0,0,0,0,0
332.574,+0.01698,+0.00172,-0.00210,-0.00210,+0.03605,+0.00782,-0.00019,0,0,0,0,0,0,0
332.775,+0.01698,+0.00172,-0.00210,-0.00210,+0.03605,+0.00782,-0.00019,0,0,0,0,0,0,0
332.975,+0.01698,+0.00172,-0.00210,-0.00210,+0.03605,+0.00782,-0.00019,0,0,0,0,0,0,0
333.175,+0.01698,+0.00172,-0.00210,-0.00210,+0.03605,+0.00782,-0.00019,0,0,0,0,0,0,0
333.375,+0.01698,+0.00172,-0.00210,-0.00210,+0.03605,+0.00782,-0.00019,0,0,0,0,0,0,0
333.575,+0.01698,+0.00172,-0.00210,-0.00210,+0.03605,+0.00782,-0.00019,0,0,0,0,0,0,0
333.775,+0.01698,+0.00172,-0.00210,-0.00210,+0.03605,+0.00782,-0.00019,0,0,0,0,0,0,0
333.975,+0.01698,+0.00172,-0.00210,-0.00210,+0.03605,+0.00782,-0.00019,0,0,0,0,0,0,0
334.175,+0.01698,+0.00172,-0.00210,-0.00210,+0.03605,+0.00782,-0.00019,0,0,0,0,0,0,0
334.375,+0.01698,+0.00172,-0.00210,-0.00210,+0.03605,+0.00782,-0.00019,0,0,0,0,0,0,0
334.575,+0.01698,+0.00172,-0.00210,-0.00210,+0.03605,+0.00782,-0.00019,0,0,0,0,0,0,0
334.775,+0.01698,+0.00172,-0.00210,-0.00210,+0.03605,+0.00782,-0.00019,0,0,0,0,0,0,0
334.975,+0.01698,+0.00172,-0.00210,-0.00210,+0.03605,+0.00782,-0.00019,0,0,0,0,0,0,0
335.176,+0.01698,+0.00172,-0.00210,-0.00210,+0.03605,+0.00782,-0.00019,0,0,0,0,0,0,0
335.376,+0.01698,+0.00172,-0.00210,-0.00210,+0.03605,+0.00782,-0.00019,0,0,0,0,0,0,0
335.576,+0.01698,+0.00172,-0.00210,-0.00210,+0.03605,+0.00782,-0.00019,0,0,0,0,0,0,0
335.776,+0.01698,+0.00172,-0.00210,-0.00210,+0.03605,+0.00782,-0.00019,0,0,0,0,0,0,0
335.976,+0.01698,+0.00172,-0.00210,-0.00210,+0.03681,+0.00782,-0.00019,0,0,0,0,0,0,0
336.176,+0.01698,+0.00172,-0.00210,-0.00210,+0.03681,+0.00782,-0.00019,0,0,0,0,0,0,0
336.376,+0.01698,+0.00172,-0.00210,-0.00210,+0.03643,+0.00782,-0.00019,0,0,0,0,0,0,0
336.576,+0.01698,+0.00172,-0.00210,-0.00210,+0.03643,+0.00782,-0.00019,0,0,0,0,0,0,0
336.776,+0.01698,+0.00172,-0.00210,-0.00210,+0.03605,+0.00782,-0.00019,0,0,0,0,0,0,0
336.976,+0.01698,+0.00172,-0.00210,-0.00210,+0.03643,+0.00782,-0.00019,0,0,0,0,0,0,0
337.176,+0.01698,+0.00172,-0.00210,-0.00210,+0.03643,+0.00782,-0.00019,0,0,0,0,0,0,0
337.376,+0.01698,+0.00172,-0.00210,-0.00172,+0.03605,+0.00782,-0.00019,0,0,0,0,0,0,0
337.577,+0.01698,+0.00172,-0.00210,+0.00324,+0.03605,+0.00782,-0.00019,0,0,0,0,0,0,0
337.777,+0.01698,+0.00172,-0.00210,+0.00515,+0.03605,+0.00782,-0.00019,0,0,0,0,0,0,0
337.977,+0.01698,+0.00172,-0.00210,+0.00477,+0.04139,+0.00782,-0.00019,0,0,0,0,0,0,0
338.177,+0.01698,+0.00172,-0.00210,+0.00439,+0.04826,+0.00668,-0.00019,0,0,0,0,0,0,0
338.377,+0.01698,+0.00172,-0.00172,+0.00095,+0.05894,-0.05207,-0.00019,0,0,0,0,0,0,0
338.577,+0.01659,+0.00172,-0.00134,-0.00019,+0.06924,-0.07725,-0.00019,0,0,0,0,0,0,0
338.777,+0.01659,+0.00172,-0.00134,-0.00210,+0.07496,-0.05360,-0.00019,0,0,0,0,0,0,0
338.977,+0.01659,+0.00172,-0.00134,-0.00210,+0.07572,+0.05245,-0.00019,0,0,0,0,0,0,0
339.177,+0.01659,+0.00172,-0.00134,-0.00248,+0.09976,+0.06428,-0.00019,0,0,0,0,0,0,0
339.377,+0.01621,+0.00172,-0.00134,-0.00668,+0.14591,+0.06390,-0.00019,0,0,0,0,0,0,0
339.578,+0.01621,+0.00172,-0.00134,-0.01316,+0.19551,+0.06390,-0.00019,0,0,0,0,0,0,0
339.778,+0.01621,+0.00172,-0.00134,-0.02499,+0.27371,+0.06352,-0.00019,0,0,0,0,0,0,0
339.978,+0.01621,+0.00172,-0.00134,-0.03681,+0.37442,+0.06352,-0.00019,0,0,0,0,0,0,0
340.178,+0.01621,+0.00172,-0.00134,-0.04711,+0.50259,+0.06313,-0.00019,0,0,0,0,0,0,0
340.378,+0.01621,+0.00172,-0.00134,-0.04788,+0.64527,+0.06313,-0.00019,0,0,0,0,0,0,0
340.578,+0.01621,+0.00172,-0.00134,-0.03758,+0.81655,+0.06313,-0.00019,0,0,0,0,0,0,0
340.778,+0.01621,+0.00172,-0.00134,-0.01850,+0.94930,+0.06313,-0.00019,0,0,0,0,0,0,0
340.978,+0.01621,+0.00172,-0.00134,-0.00896,+0.99889,+0.06352,-0.00019,0,0,0,0,0,0,0
341.178,+0.01621,+0.00172,-0.00134,+0.00896,+1.08053,+0.06352,-0.00019,0,0,0,0,0,0,0
341.379,+0.01621,+0.00172,-0.00134,+0.00935,+1.08358,+0.06352,-0.00019,0,0,0,0,0,0,0
341.579,+0.01621,+0.00172,-0.00134,+0.00973,+1.08320,+0.06352,-0.00019,0,0,0,0,0,0,0
341.779,+0.01621,+0.00172,-0.00134,+0.00973,+1.08320,+0.06352,-0.00019,0,0,0,0,0,0,0
341.979,+0.01621,+0.00172,-0.00134,+0.00973,+1.08320,+0.06352,-0.00019,0,0,0,0,0,0,0
342.179,+0.01621,+0.00172,-0.00134,+0.00973,+1.08358,+0.06352,-0.00019,0,0,0,0,0,0,0
342.379,+0.01621,+0.00172,-0.00134,+0.00973,+1.08358,+0.06352,-0.00019,0,0,0,0,0,0,0
342.579,+0.01621,+0.00172,-0.00134,+0.00973,+1.08396,+0.06313,-0.00019,0,0,0,0,0,0,0
342.779,+0.01621,+0.00172,-0.00134,+0.00973,+1.08434,+0.06352,-0.00019,0,0,0,0,0,0,0
342.980,+0.01621,+0.00172,-0.00134,+0.00973,+1.08396,+0.06352,-0.00019,0,0,0,0,0,0,0
343.180,+0.01621,+0.00172,-0.00134,+0.00973,+1.08396,+0.06313,-0.00019,0,0,0,0,0,0,0
343.380,+0.01621,+0.00172,-0.00134,+0.01240,+1.08968,+0.06313,-0.00019,0,0,0,0,0,0,0
343.580,+0.01621,+0.00172,-0.00134,+0.01240,+1.09007,+0.06313,-0.00019,0,0,0,0,0,0,0
343.780,+0.01659,+0.00172,-0.00134,+0.01240,+1.09007,+0.06313,-0.00019,0,0,0,0,0,0,0
343.980,+0.01659,+0.00172,-0.00134,+0.01240,+1.09007,+0.06313,-0.00019,0,0,0,0,0,0,0
344.180,+0.01659,+0.00172,-0.00134,+0.01240,+1.08663,+0.06313,-0.00019,0,0,0,0,0,0,0
344.380,+0.01659,+0.00172,-0.00134,+0.01202,+1.08053,+0.06313,-0.00019,0,0,0,0,0,0,0
344.580,+0.01659,+0.00172,-0.00134,+0.00439,+1.05192,+0.06313,-0.00019,0,0,0,0,0,0,0
344.781,+0.01659,+0.00172,-0.00134,-0.00286,+1.01835,+0.06352,-0.00019,0,0,0,0,0,0,0
344.981,+0.01659,+0.00172,-0.00134,-0.01354,+0.96265,+0.06352,-0.00019,0,0,0,0,0,0,0
345.181,+0.01659,+0.00172,-0.00134,-0.02575,+0.88788,+0.06352,-0.00019,0,0,0,0,0,0,0
345.381,+0.01659,+0.00172,-0.00134,-0.03643,+0.80587,+0.06352,-0.00019,0,0,0,0,0,0,0
345.581,+0.01659,+0.00172,-0.00134,-0.04521,+0.71279,+0.06352,-0.00019,0,0,0,0,0,0,0
345.781,+0.01659,+0.00172,-0.00134,-0.04940,+0.60178,+0.06390,-0.00019,0,0,0,0,0,0,0
345.981,+0.01659,+0.00172,-0.00134,-0.04826,+0.47818,+0.06390,-0.00019,0,0,0,0,0,0,0
346.181,+0.01659,+0.00172,-0.00134,-0.04101,+0.35649,+0.06390,-0.00019,0,0,0,0,0,0,0
346.382,+0.01659,+0.00172,-0.00134,-0.02995,+0.27523,+0.06390,-0.00019,0,0,0,0,0,0,0
346.582,+0.01659,+0.00172,-0.00134,-0.02193,+0.21344,+0.06390,-0.00019,0,0,0,0,0,0,0
346.782,+0.01659,+0.00172,-0.00134,-0.01545,+0.15125,+0.06390,-0.00019,0,0,0,0,0,0,0
346.982,+0.01659,+0.00172,-0.00134,-0.00553,+0.08373,+0.06390,-0.00019,0,0,0,0,0,0,0
347.182,+0.01698,+0.00172,-0.00134,-0.00286,+0.05474,+0.06428,-0.00019,0,0,0,0,0,0,0
347.382,+0.01698,+0.00172,-0.00134,-0.00248,+0.04826,+0.06428,-0.00019,0,0,0,0,0,0,0
347.582,+0.01698,+0.00172,-0.00134,-0.00248,+0.05093,+0.06390,-0.00019,0,0,0,0,0,0,0
347.782,+0.01698,+0.00172,-0.00134,-0.00248,+0.06161,+0.06352,-0.00019,0,0,0,0,0,0,0
347.983,+0.01698,+0.00172,-0.00134,-0.00248,+0.06199,+0.06352,-0.00019,0,0,0,0,0,0,0
348.183,+0.01698,+0.00172,-0.00134,-0.00248,+0.06199,+0.06352,-0.00019,0,0,0,0,0,0,0
348.383,+0.01698,+0.00172,-0.00134,-0.00248,+0.06199,+0.06352,-0.00019,0,0,0,0,0,0,0
348.583,+0.01698,+0.00172,-0.00134,-0.00248,+0.06199,+0.06352,-0.00019,0,0,0,0,0,0,0
348.783,+0.01698,+0.00172,-0.00134,-0.00248,+0.06199,+0.06352,-0.00019,0,0,0,0,0,0,0
348.983,+0.01698,+0.00172,-0.00134,-0.00248,+0.06199,+0.06352,-0.00019,0,0,0,0,0,0,0
349.183,+0.01698,+0.00172,-0.00134,-0.00248,+0.06199,+0.06352,-0.00019,0,0,0,0,0,0,0
349.383,+0.01698,+0.00172,-0.00134,-0.00248,+0.06199,+0.06352,-0.00019,0,0,0,0,0,0,0
349.584,+0.01698,+0.00172,-0.00134,-0.00248,+0.06199,+0.06352,-0.00019,0,0,0,0,0,0,0
349.784,+0.01698,+0.00172,-0.00134,-0.00248,+0.06199,+0.06352,-0.00019,0,0,0,0,0,0,0
349.984,+0.01698,+0.00172,-0.00134,-0.00248,+0.06199,+0.06352,-0.00019,0,0,0,0,0,0,0
350.184,+0.01698,+0.00172,-0.00134,-0.00248,+0.06199,+0.06352,-0.00019,0,0,0,0,0,0,0
350.384,+0.01698,+0.00172,-0.00134,-0.00248,+0.06199,+0.06352,-0.00019,0,0,0,0,0,0,0
350.584,+0.01698,+0.00172,-0.00134,-0.00248,+0.06199,+0.06352,-0.00019,0,0,0,0,0,0,0
350.784,+0.01698,+0.00172,-0.00134,-0.00248,+0.06199,+0.06352,-0.00019,0,0,0,0,0,0,0
350.984,+0.01698,+0.00172,-0.00134,-0.00248,+0.06199,+0.06352,-0.00019,0,0,0,0,0,0,0
351.184,+0.01698,+0.00172,-0.00134,-0.00248,+0.06199,+0.06352,-0.00019,0,0,0,0,0,0,0
351.385,+0.01698,+0.00172,-0.00134,-0.00248,+0.06199,+0.06352,-0.00019,0,0,0,0,0,0,0
351.585,+0.01698,+0.00172,-0.00134,-0.00248,+0.06199,+0.06352,-0.00019,0,0,0,0,0,0,0
351.785,+0.01698,+0.00172,-0.00134,-0.00248,+0.06199,+0.06352,-0.00019,0,0,0,0,0,0,0
351.985,+0.01698,+0.00172,-0.00134,-0.00248,+0.06199,+0.06352,-0.00019,0,0,0,0,0,0,0
352.185,+0.01698,+0.00172,-0.00134,-0.00248,+0.06199,+0.06352,-0.00019,0,0,0,0,0,0,0
352.385,+0.01698,+0.00172,-0.00134,-0.00248,+0.06199,+0.06352,-0.00019,0,0,0,0,0,0,0
352.585,+0.01698,+0.00172,-0.00134,-0.00248,+0.06199,+0.06352,-0.00019,0,0,0,0,0,0,0
352.785,+0.01698,+0.00172,-0.00134,-0.00248,+0.06199,+0.06352,-0.00019,0,0,0,0,0,0,0
352.986,+0.01698,+0.00172,-0.00134,-0.00248,+0.06199,+0.06352,-0.00019,0,0,0,0,0,0,0
353.186,+0.01698,+0.00172,-0.00134,-0.00248,+0.06199,+0.06352,-0.00019,0,0,0,0,0,0,0
353.386,+0.01698,+0.00172,-0.00134,-0.00248,+0.06199,+0.06352,-0.00019,0,0,0,0,0,0,0
353.586,+0.01698,+0.00172,-0.00134,-0.00248,+0.06199,+0.06352,-0.00019,0,0,0,0,0,0,0
353.786,+0.01698,+0.00172,-0.00134,-0.00248,+0.06199,+0.06352,-0.00019,0,0,0,0,0,0,0
353.986,+0.01698,+0.00172,-0.00134,-0.00248,+0.06199,+0.06352,-0.00019,0,0,0,0,0,0,0
354.186,+0.01698,+0.00172,-0.00134,-0.00248,+0.06199,+0.06352,-0.00019,0,0,0,0,0,0,0
354.386,+0.01698,+0.00172,-0.00134,-0.00248,+0.06199,+0.06352,-0.00019,0,0,0,0,0,0,0
354.586,+0.01698,+0.00172,-0.00134,-0.00248,+0.06199,+0.06352,-0.00019,0,0,0,0,0,0,0
354.787,+0.01698,+0.00172,-0.00134,-0.00248,+0.06199,+0.06352,-0.00019,0,0,0,0,0,0,0
354.987,+0.01698,+0.00172,-0.00134,-0.00248,+0.06199,+0.06352,-0.00019,0,0,0,0,0,0,0
355.187,+0.01698,+0.00172,-0.00134,-0.00248,+0.06199,+0.06352,-0.00019,0,0,0,0,0,0,0
355.387,+0.01698,+0.00172,-0.00134,-0.00248,+0.06199,+0.06352,-0.00019,0,0,0,0,0,0,0
355.587,+0.01698,+0.00172,-0.00134,-0.00248,+0.06199,+0.06352,-0.00019,0,0,0,0,0,0,0
355.787,+0.01698,+0.00172,-0.00134,-0.00248,+0.06199,+0.06352,-0.00019,0,0,0,0,0,0,0
355.987,+0.01698,+0.00172,-0.00134,-0.00248,+0.06199,+0.06352,-0.00019,0,0,0,0,0,0,0
356.187,+0.01698,+0.00172,-0.00134,-0.00248,+0.06199,+0.06352,-0.00019,0,0,0,0,0,0,0
356.388,+0.01698,+0.00172,-0.00134,-0.00248,+0.06199,+0.06352,-0.00019,0,0,0,0,0,0,0
356.588,+0.01698,+0.00172,-0.00134,-0.00248,+0.06199,+0.06352,-0.00019,0,0,0,0,0,0,0
356.788,+0.01698,+0.00172,-0.00134,-0.00248,+0.06199,+0.06352,-0.00019,0,0,0,0,0,0,0
356.988,+0.01698,+0.00172,-0.00134,-0.00248,+0.06199,+0.06352,-0.00019,0,0,0,0,0,0,0
357.188,+0.01698,+0.00172,-0.00134,-0.00248,+0.06199,+0.06352,-0.00019,0,0,0,0,0,0,0
357.388,+0.01698,+0.00172,-0.00134,-0.00248,+0.06199,+0.06352,-0.00019,0,0,0,0,0,0,0
357.588,+0.01698,+0.00172,-0.00134,-0.00248,+0.06199,+0.06352,-0.00019,0,0,0,0,0,0,0
357.788,+0.01698,+0.00172,-0.00134,-0.00248,+0.06199,+0.06352,-0.00019,0,0,0,0,0,0,0
357.988,+0.01698,+0.00172,-0.00134,-0.00248,+0.06199,+0.06352,-0.00019,0,0,0,0,0,0,0
358.189,+0.01698,+0.00172,-0.00134,-0.00248,+0.06199,+0.06352,-0.00019,0,0,0,0,0,0,0
358.389,+0.01698,+0.00172,-0.00134,-0.00248,+0.06199,+0.06352,-0.00019,0,0,0,0,0,0,0
358.589,+0.01698,+0.00172,-0.00134,-0.00248,+0.06199,+0.06352,-0.00019,0,0,0,0,0,0,0
358.789,+0.01698,+0.00172,-0.00134,-0.00248,+0.06199,+0.06352,-0.00019,0,0,0,0,0,0,0
358.989,+0.01698,+0.00172,-0.00134,-0.00248,+0.06199,+0.06352,-0.00019,0,0,0,0,0,0,0
359.189,+0.01698,+0.00172,-0.00134,-0.00248,+0.06199,+0.06352,-0.00019,0,0,0,0,0,0,0
359.389,+0.01698,+0.00172,-0.00134,-0.00248,+0.06199,+0.06352,-0.00019,0,0,0,0,0,0,0
359.589,+0.01698,+0.00172,-0.00134,-0.00248,+0.06199,+0.06352,-0.00019,0,0,0,0,0,0,0
359.790,+0.01698,+0.00172,-0.00134,-0.00248,+0.06199,+0.06352,-0.00019,0,0,0,0,0,0,0
359.990,+0.01698,+0.00172,-0.00134,-0.00248,+0.06199,+0.06352,-0.00019,0,0,0,0,0,0,0
360.190,+0.01698,+0.00172,-0.00134,-0.00248,+0.06199,+0.06352,-0.00019,0,0,0,0,0,0,0
360.390,+0.01698,+0.00172,-0.00134,-0.00248,+0.06199,+0.06352,-0.00019,0,0,0,0,0,0,0
360.590,+0.01698,+0.00172,-0.00134,-0.00248,+0.06199,+0.06352,-0.00019,0,0,0,0,0,0,0
360.790,+0.01698,+0.00172,-0.00134,-0.00248,+0.06199,+0.06352,-0.00019,0,0,0,0,0,0,0
360.990,+0.01698,+0.00172,-0.00134,-0.00248,+0.06199,+0.06352,-0.00019,0,0,0,0,0,0,0
361.190,+0.01698,+0.00172,-0.00134,-0.00248,+0.06199,+0.06352,-0.00019,0,0,0,0,0,0,0
361.390,+0.01698,+0.00172,-0.00134,-0.00248,+0.06199,+0.06352,-0.00019,0,0,0,0,0,0,0
361.591,+0.01698,+0.00172,-0.00134,-0.00248,+0.06199,+0.06352,-0.00019,0,0,0,0,0,0,0
361.791,+0.01698,+0.00172,-0.00134,-0.00248,+0.06199,+0.06352,-0.00019,0,0,0,0,0,0,0
361.991,+0.01698,+0.00172,-0.00134,-0.00248,+0.06199,+0.06352,-0.00019,0,0,0,0,0,0,0
362.191,+0.01698,+0.00172,-0.00134,-0.00248,+0.06199,+0.06352,-0.00019,0,0,0,0,0,0,0
362.391,+0.01698,+0.00172,-0.00134,-0.00248,+0.06199,+0.06352,-0.00019,0,0,0,0,0,0,0
362.591,+0.01698,+0.00172,-0.00134,-0.00248,+0.06199,+0.06352,-0.00019,0,0,0,0,0,0,0
362.791,+0.01698,+0.00172,-0.00134,-0.00248,+0.06199,+0.06352,-0.00019,0,0,0,0,0,0,0
362.991,+0.01698,+0.00172,-0.00134,-0.00248,+0.06199,+0.06352,-0.00019,0,0,0,0,0,0,0
363.192,+0.01698,+0.00172,-0.00134,-0.00248,+0.06199,+0.06352,-0.00019,0,0,0,0,0,0,0
363.392,+0.01698,+0.00172,-0.00134,-0.00248,+0.06199,+0.06352,-0.00019,0,0,0,0,0,0,0
363.592,+0.01698,+0.00172,-0.00134,-0.00248,+0.06199,+0.06352,-0.00019,0,0,0,0,0,0,0
363.792,+0.01698,+0.00172,-0.00134,-0.00248,+0.06199,+0.06352,-0.00019,0,0,0,0,0,0,0
363.992,+0.01698,+0.00172,-0.00134,-0.00248,+0.06199,+0.06352,-0.00019,0,0,0,0,0,0,0
364.192,+0.01698,+0.00172,-0.00134,-0.00248,+0.06199,+0.06352,-0.00019,0,0,0,0,0,0,0
364.392,+0.01698,+0.00172,-0.00134,-0.00248,+0.06199,+0.06352,-0.00019,0,0,0,0,0,0,0
364.592,+0.01698,+0.00172,-0.00134,-0.00248,+0.06199,+0.06352,-0.00019,0,0,0,0,0,0,0
364.793,+0.01698,+0.00172,-0.00134,-0.00248,+0.06199,+0.06352,-0.00019,0,0,0,0,0,0,0
364.993,+0.01698,+0.00172,-0.00134,-0.00248,+0.06199,+0.06352,-0.00019,0,0,0,0,0,0,0
365.193,+0.01698,+0.00172,-0.00134,-0.00248,+0.06199,+0.06352,-0.00019,0,0,0,0,0,0,0
365.393,+0.01698,+0.00172,-0.00134,-0.00248,+0.06199,+0.06352,-0.00019,0,0,0,0,0,0,0
365.593,+0.01698,+0.00172,-0.00134,-0.00248,+0.06199,+0.08564,-0.00019,0,0,0,0,0,0,0
365.793,+0.01698,+0.00172,-0.00134,-0.00248,+0.06199,+0.18597,-0.00019,0,0,0,0,0,0,0
365.993,+0.01698,+0.00172,-0.00134,-0.00248,+0.06199,+0.32712,-0.00019,0,0,0,0,0,0,0
366.193,+0.01698,+0.00172,-0.00134,-0.00248,+0.06199,+0.47818,-0.00019,0,0,0,0,0,0,0
366.394,+0.01698,+0.00172,-0.00134,-0.00248,+0.06199,+0.63382,-0.00019,0,0,0,0,0,0,0
366.594,+0.01698,+0.00172,-0.00134,-0.00248,+0.06199,+0.80434,-0.00019,0,0,0,0,0,0,0
366.794,+0.01698,+0.00172,-0.00134,-0.00248,+0.06199,+0.97982,-0.00019,0,0,0,0,0,0,0
366.994,+0.01698,+0.00172,-0.00134,-0.00248,+0.06199,+1.15644,-0.00019,0,0,0,0,0,0,0
367.194,+0.01698,+0.00172,-0.00134,-0.00248,+0.06199,+1.27356,-0.00019,0,0,0,0,0,0,0
367.394,+0.01698,+0.00172,-0.00134,-0.00248,+0.06199,+1.28691,-0.00019,0,0,0,0,0,0,0
367.594,+0.01698,+0.00172,-0.00134,-0.00248,+0.06199,+1.28691,-0.00019,0,0,0,0,0,0,0
367.794,+0.01698,+0.00172,-0.00134,-0.00248,+0.06199,+1.28691,-0.00019,0,0,0,0,0,0,0
367.995,+0.01698,+0.00172,-0.00134,-0.00248,+0.06199,+1.28729,-0.00019,0,0,0,0,0,0,0
368.195,+0.01698,+0.00172,-0.00134,-0.00248,+0.06199,+1.28729,-0.00019,0,0,0,0,0,0,0
368.395,+0.01698,+0.00172,-0.00134,-0.00248,+0.06199,+1.28805,-0.00019,0,0,0,0,0,0,0
368.595,+0.01698,+0.00172,-0.00134,-0.00248,+0.06199,+1.28843,-0.00019,0,0,0,0,0,0,0
368.795,+0.01698,+0.00172,-0.00134,-0.00248,+0.06237,+1.29568,-0.00019,0,0,0,0,0,0,0
368.995,+0.01698,+0.00172,-0.00134,-0.00248,+0.06237,+1.29530,-0.00019,0,0,0,0,0,0,0
369.195,+0.01698,+0.00172,-0.00134,-0.00248,+0.06466,+1.29492,-0.00019,0,0,0,0,0,0,0
369.395,+0.01698,+0.00172,-0.00134,-0.00248,+0.06466,+1.29454,-0.00019,0,0,0,0,0,0,0
369.596,+0.01698,+0.00172,-0.00134,-0.00248,+0.06466,+1.29416,-0.00019,0,0,0,0,0,0,0
369.796,+0.01698,+0.00172,-0.00134,-0.00248,+0.06466,+1.28004,-0.00019,0,0,0,0,0,0,0
369.996,+0.01698,+0.00172,-0.00134,-0.00248,+0.06504,+1.17094,-0.00019,0,0,0,0,0,0,0
370.196,+0.01698,+0.00172,-0.00134,-0.00248,+0.06542,+1.03437,-0.00019,0,0,0,0,0,0,0
370.396,+0.01698,+0.00172,-0.00134,-0.00248,+0.06542,+0.89246,-0.00019,0,0,0,0,0,0,0
370.596,+0.01698,+0.00172,-0.00134,-0.00248,+0.06542,+0.74941,-0.00019,0,0,0,0,0,0,0
370.796,+0.01698,+0.00172,-0.00134,-0.00248,+0.06580,+0.60216,-0.00019,0,0,0,0,0,0,0
370.996,+0.01698,+0.00172,-0.00134,-0.00248,+0.06580,+0.45758,-0.00019,0,0,0,0,0,0,0
371.196,+0.01698,+0.00172,-0.00134,-0.00248,+0.06580,+0.31758,-0.00019,0,0,0,0,0,0,0
371.396,+0.01698,+0.00172,-0.00134,-0.00248,+0.06619,+0.19551,-0.00019,0,0,0,0,0,0,0
371.597,+0.01698,+0.00172,-0.00134,-0.00248,+0.06580,+0.11311,-0.00019,0,0,0,0,0,0,0
371.797,+0.01698,+0.00172,-0.00134,-0.00248,+0.06580,+0.09747,-0.00019,0,0,0,0,0,0,0
371.997,+0.01698,+0.00172,-0.00134,-0.00248,+0.06580,+0.03109,-0.00019,0,0,0,0,0,0,0
372.197,+0.01698,+0.00172,-0.00134,-0.00248,+0.06580,+0.02956,-0.00019,0,0,0,0,0,0,0
372.397,+0.01698,+0.00172,-0.00134,-0.00248,+0.06580,+0.02918,-0.00019,0,0,0,0,0,0,0
372.597,+0.01698,+0.00172,-0.00134,-0.00248,+0.06580,+0.02728,-0.00019,0,0,0,0,0,0,0
372.797,+0.01698,+0.00172,-0.00134,-0.00248,+0.06580,+0.02613,-0.00019,0,0,0,0,0,0,0
372.997,+0.01698,+0.00172,-0.00134,-0.00248,+0.06580,+0.02613,-0.00019,0,0,0,0,0,0,0
373.198,+0.01698,+0.00172,-0.00134,-0.00248,+0.06580,+0.02575,-0.00019,0,0,0,0,0,0,0
373.398,+0.01698,+0.00172,-0.00134,-0.00248,+0.06657,+0.02499,-0.00019,0,0,0,0,0,0,0
373.598,+0.01698,+0.00172,-0.00134,-0.00248,+0.07000,-0.00782,-0.00019,0,0,0,0,0,0,0
373.798,+0.01698,+0.00172,-0.00134,-0.00248,+0.07000,-0.00439,-0.00019,0,0,0,0,0,0,0
373.998,+0.01698,+0.00172,-0.00134,-0.00248,+0.07000,+0.00248,-0.00019,0,0,0,0,0,0,0
374.198,+0.01698,+0.00172,-0.00134,-0.00248,+0.07000,+0.00248,-0.00019,0,0,0,0,0,0,0
374.398,+0.01698,+0.00172,-0.00134,-0.00248,+0.06962,+0.00248,-0.00019,0,0,0,0,0,0,0
374.598,+0.01698,+0.00172,-0.00134,-0.00248,+0.06962,+0.00248,-0.00019,0,0,0,0,0,0,0
374.798,+0.01698,+0.00172,-0.00134,-0.00248,+0.06962,+0.00248,-0.00019,0,0,0,0,0,0,0
374.999,+0.01698,+0.00172,-0.00134,-0.00248,+0.06962,+0.00248,-0.00019,0,0,0,0,0,0,0
375.199,+0.01698,+0.00172,-0.00134,-0.00248,+0.06962,+0.00248,-0.00019,0,0,0,0,0,0,0
375.399,+0.01698,+0.00172,-0.00134,-0.00248,+0.06962,+0.00248,-0.00019,0,0,0,0,0,0,0
375.599,+0.01698,+0.00172,-0.00134,-0.00248,+0.06962,+0.00248,-0.00019,0,0,0,0,0,0,0
375.799,+0.01698,+0.00172,-0.00134,-0.00248,+0.06962,+0.00248,-0.00019,0,0,0,0,0,0,0
375.999,+0.01698,+0.00172,-0.00134,-0.00248,+0.06962,+0.00248,-0.00019,0,0,0,0,0,0,0
376.199,+0.01698,+0.00172,-0.00134,-0.00248,+0.06962,+0.00248,-0.00019,0,0,0,0,0,0,0
376.399,+0.01698,+0.00172,-0.00134,-0.00248,+0.06962,+0.00248,-0.00019,0,0,0,0,0,0,0
376.599,+0.01698,+0.00172,-0.00134,-0.00248,+0.06962,+0.00248,-0.00019,0,0,0,0,0,0,0
376.800,+0.01698,+0.00172,-0.00134,-0.00248,+0.06962,+0.00248,-0.00019,0,0,0,0,0,0,0
377.000,+0.01698,+0.00172,-0.00134,-0.00248,+0.06962,+0.00248,-0.00019,0,0,0,0,0,0,0
377.200,+0.01698,+0.00172,-0.00134,-0.00248,+0.06962,+0.00248,-0.00019,0,0,0,0,0,0,0
377.400,+0.01698,+0.00172,-0.00134,-0.00248,+0.06962,+0.00248,-0.00019,0,0,0,0,0,0,0
377.600,+0.01698,+0.00172,-0.00134,-0.00248,+0.06962,+0.00248,-0.00019,0,0,0,0,0,0,0
377.800,+0.01698,+0.00172,-0.00134,-0.00248,+0.06962,+0.00248,-0.00019,0,0,0,0,0,0,0
378.000,+0.01698,+0.00172,-0.00134,-0.00248,+0.06962,+0.00248,-0.00019,0,0,0,0,0,0,0
378.200,+0.01698,+0.00172,-0.00134,-0.00248,+0.06962,+0.00248,-0.00019,0,0,0,0,0,0,0
378.401,+0.01698,+0.00172,-0.00134,-0.00248,+0.07000,+0.00248,-0.00019,0,0,0,0,0,0,0
378.601,+0.01698,+0.00172,-0.00134,-0.00248,+0.07000,+0.00248,-0.00019,0,0,0,0,0,0,0
378.801,+0.01698,+0.00172,-0.00134,-0.00248,+0.07153,+0.00248,-0.00057,0,0,0,0,0,0,0
379.001,+0.01698,+0.00172,-0.00134,-0.00248,+0.07382,+0.00248,-0.00286,0,0,0,0,0,0,0
379.201,+0.01698,+0.00172,-0.00134,-0.00248,+0.07305,+0.00134,-0.01202,0,0,0,0,0,0,0
379.401,+0.01698,+0.00172,-0.00134,-0.00248,+0.07305,-0.00057,-0.04597,0,0,0,0,0,0,0
379.601,+0.01698,+0.00172,-0.00134,-0.00248,+0.07305,-0.00057,-0.07420,0,0,0,0,0,0,0
379.801,+0.01698,+0.00172,-0.00134,-0.00248,+0.07305,-0.00057,-0.07992,0,0,0,0,0,0,0
380.002,+0.01698,+0.00172,-0.00134,-0.00248,+0.07305,-0.00134,-0.08335,0,0,0,0,0,0,0
380.202,+0.01698,+0.00172,-0.00134,-0.00248,+0.07305,-0.00134,-0.08335,0,0,0,0,0,0,0
380.402,+0.01698,+0.00172,-0.00134,-0.00248,+0.07305,-0.00134,-0.17109,0,0,0,0,0,0,0
380.602,+0.01698,+0.00172,-0.00134,-0.00286,+0.07267,-0.00134,-0.30613,0,0,0,0,0,0,0
380.802,+0.01698,+0.00172,-0.00134,-0.00286,+0.07038,-0.00134,-0.43660,0,0,0,0,0,0,0
381.002,+0.01698,+0.00172,-0.00134,-0.00324,+0.06466,-0.00095,-0.50832,0,0,0,0,0,0,0
381.202,+0.01698,+0.00172,-0.00134,-0.00324,+0.06466,-0.00095,-0.60292,0,0,0,0,0,0,0
381.402,+0.01698,+0.00172,-0.00134,-0.00324,+0.06428,-0.00057,-0.74903,0,0,0,0,0,0,0
381.602,+0.01698,+0.00172,-0.00134,-0.00401,+0.06313,-0.00057,-0.86957,0,0,0,0,0,0,0
381.803,+0.01698,+0.00172,-0.00134,-0.00401,+0.06123,-0.00019,-0.94472,0,0,0,0,0,0,0
382.003,+0.01698,+0.00172,-0.00134,-0.00401,+0.06085,-0.00019,-1.09274,0,0,0,0,0,0,0
382.203,+0.01698,+0.00172,-0.00134,-0.00553,+0.06008,-0.00019,-1.23655,0,0,0,0,0,0,0
382.403,+0.01698,+0.00172,-0.00134,-0.00629,+0.05703,-0.00019,-1.32582,0,0,0,0,0,0,0
382.603,+0.01698,+0.00172,-0.00134,-0.00515,+0.05703,+0.00019,-1.47612,0,0,0,0,0,0,0
382.803,+0.01698,+0.00172,-0.00134,-0.00439,+0.05512,+0.00057,-1.62108,0,0,0,0,0,0,0
383.003,+0.01698,+0.00172,-0.00134,-0.00362,+0.05436,+0.00286,-1.70729,0,0,0,0,0,0,0
383.203,+0.01698,+0.00172,-0.00134,-0.00286,+0.05016,+0.00324,-1.77596,0,0,0,0,0,0,0
383.404,+0.01698,+0.00172,-0.00134,-0.00248,+0.05360,+0.00286,-1.77596,0,0,0,0,0,0,0
383.604,+0.01698,+0.00172,-0.00134,-0.00210,+0.05360,+0.00286,-1.77596,0,0,0,0,0,0,0
383.804,+0.01698,+0.00172,-0.00134,-0.00210,+0.05360,+0.00286,-1.77596,0,0,0,0,0,0,0
384.004,+0.01698,+0.00172,-0.00134,-0.00210,+0.05360,+0.00286,-1.77558,0,0,0,0,0,0,0
384.204,+0.01698,+0.00172,-0.00134,-0.00210,+0.05360,+0.00286,-1.77558,0,0,0,0,0,0,0
384.404,+0.01698,+0.00172,-0.00134,-0.00210,+0.05360,+0.00286,-1.77558,0,0,0,0,0,0,0
384.604,+0.01698,+0.00172,-0.00134,-0.00210,+0.05360,+0.00286,-1.77558,0,0,0,0,0,0,0
384.804,+0.01698,+0.00172,-0.00134,-0.00210,+0.05360,+0.00286,-1.77558,0,0,0,0,0,0,0
385.005,+0.01698,+0.00172,-0.00134,-0.00210,+0.05360,+0.00286,-1.77558,0,0,0,0,0,0,0
385.205,+0.01698,+0.00172,-0.00134,-0.00210,+0.05360,+0.00286,-1.77558,0,0,0,0,0,0,0
385.405,+0.01698,+0.00172,-0.00134,-0.00210,+0.05360,+0.00248,-1.77558,0,0,0,0,0,0,0
385.605,+0.01698,+0.00172,-0.00134,-0.00210,+0.05360,+0.00248,-1.77558,0,0,0,0,0,0,0
385.805,+0.01698,+0.00172,-0.00134,-0.00210,+0.05360,+0.00248,-1.77558,0,0,0,0,0,0,0
386.005,+0.01698,+0.00172,-0.00134,-0.00210,+0.05398,+0.00248,-1.77443,0,0,0,0,0,0,0
386.205,+0.01698,+0.00172,-0.00134,-0.00248,+0.05398,+0.00286,-1.77291,0,0,0,0,0,0,0
386.405,+0.01698,+0.00172,-0.00134,-0.00248,+0.05436,+0.00248,-1.73552,0,0,0,0,0,0,0
386.606,+0.01698,+0.00172,-0.00134,-0.00248,+0.05436,+0.00248,-1.61688,0,0,0,0,0,0,0
386.806,+0.01698,+0.00172,-0.00134,-0.00248,+0.05627,+0.00248,-1.46429,0,0,0,0,0,0,0
387.006,+0.01698,+0.00172,-0.00134,-0.00248,+0.05703,-0.00019,-1.33268,0,0,0,0,0,0,0
387.206,+0.01698,+0.00172,-0.00134,-0.00210,+0.05741,-0.00095,-1.15835,0,0,0,0,0,0,0
387.406,+0.01698,+0.00172,-0.00134,-0.00210,+0.05779,-0.00057,-0.97829,0,0,0,0,0,0,0
387.606,+0.01698,+0.00172,-0.00134,-0.00210,+0.05779,-0.00057,-0.78985,0,0,0,0,0,0,0
387.806,+0.01698,+0.00172,-0.00134,-0.00210,+0.05779,-0.00057,-0.58995,0,0,0,0,0,0,0
388.006,+0.01698,+0.00172,-0.00134,-0.00210,+0.05779,-0.00057,-0.38586,0,0,0,0,0,0,0
388.206,+0.01698,+0.00172,-0.00134,-0.00210,+0.05779,-0.00057,-0.18521,0,0,0,0,0,0,0
388.407,+0.01698,+0.00172,-0.00134,-0.00210,+0.05741,-0.00057,-0.00477,0,0,0,0,0,0,0
388.607,+0.01698,+0.00172,-0.00134,-0.00210,+0.05779,-0.00095,+0.00782,0,0,0,0,0,0,0
388.807,+0.01698,+0.00172,-0.00134,-0.00210,+0.05779,-0.00019,+0.00782,0,0,0,0,0,0,0
389.007,+0.01698,+0.00172,-0.00134,-0.00210,+0.05665,+0.00019,+0.00782,0,0,0,0,0,0,0
389.207,+0.01698,+0.00172,-0.00134,-0.00210,+0.05665,+0.00019,+0.00782,0,0,0,0,0,0,0
389.407,+0.01698,+0.00172,-0.00134,-0.00210,+0.05665,+0.00019,+0.00782,0,0,0,0,0,0,0
389.607,+0.01698,+0.00172,-0.00134,-0.00210,+0.05665,+0.00019,+0.00782,0,0,0,0,0,0,0
389.807,+0.01698,+0.00172,-0.00134,-0.00210,+0.05665,+0.00019,+0.00782,0,0,0,0,0,0,0
390.008,+0.01698,+0.00172,-0.00134,-0.00210,+0.05665,+0.00019,+0.00782,0,0,0,0,0,0,0
390.208,+0.01698,+0.00172,-0.00134,-0.00210,+0.05665,+0.00019,+0.00782,0,0,0,0,0,0,0
390.408,+0.01698,+0.00172,-0.00134,-0.00210,+0.05665,+0.00019,+0.00782,0,0,0,0,0,0,0
390.608,+0.01698,+0.00172,-0.00134,-0.00210,+0.05665,+0.00019,+0.00782,0,0,0,0,0,0,0
390.808,+0.01698,+0.00172,-0.00134,-0.00210,+0.05665,+0.00019,+0.00782,0,0,0,0,0,0,0
391.008,+0.01698,+0.00172,-0.00134,-0.00210,+0.05665,+0.00019,+0.00782,0,0,0,0,0,0,0
391.208,+0.01698,+0.00172,-0.00134,-0.00210,+0.05665,+0.00019,+0.00782,0,0,0,0,0,0,0
391.408,+0.01698,+0.00172,-0.00134,-0.00210,+0.05665,+0.00019,+0.00782,0,0,0,0,0,0,0
391.608,+0.01698,+0.00172,-0.00134,-0.00210,+0.05665,+0.00019,+0.00782,0,0,0,0,0,0,0
391.809,+0.01698,+0.00172,-0.00134,-0.00210,+0.05665,+0.00019,+0.00782,0,0,0,0,0,0,0
392.009,+0.01698,+0.00172,-0.00134,-0.00210,+0.05665,+0.00019,+0.00782,0,0,0,0,0,0,0
392.209,+0.01698,+0.00172,-0.00134,-0.00210,+0.05665,+0.00019,+0.00782,0,0,0,0,0,0,0
392.409,+0.01698,+0.00172,-0.00134,-0.00210,+0.05665,+0.00019,+0.00782,0,0,0,0,0,0,0
392.609,+0.01698,+0.00172,-0.00134,-0.00210,+0.05665,+0.00019,+0.00782,0,0,0,0,0,0,0
392.809,+0.01698,+0.00172,-0.00134,-0.00210,+0.05665,+0.00019,+0.00782,0,0,0,0,0,0,0
393.009,+0.01698,+0.00172,-0.00134,-0.00210,+0.05665,+0.00019,+0.00782,0,0,0,0,0,0,0
393.209,+0.01698,+0.00172,-0.00134,-0.00210,+0.05665,+0.00019,+0.00782,0,0,0,0,0,0,0
393.409,+0.01698,+0.00172,-0.00134,-0.00210,+0.05665,+0.00019,+0.00782,0,0,0,0,0,0,0
393.609,+0.01698,+0.00172,-0.00134,-0.00210,+0.05665,+0.00019,+0.00782,0,0,0,0,0,0,0
393.809,+0.01698,+0.00172,-0.00134,-0.00210,+0.05665,+0.00019,+0.00782,0,0,0,0,0,0,0
394.010,+0.01698,+0.00172,-0.00134,-0.00210,+0.05665,+0.00019,+0.00782,0,0,0,0,0,0,0
394.210,+0.01698,+0.00172,-0.00134,-0.00210,+0.05665,+0.00019,+0.00782,0,0,0,0,0,0,0
394.410,+0.01698,+0.00172,-0.00134,-0.00210,+0.05665,+0.00019,+0.00782,0,0,0,0,0,0,0
394.610,+0.01698,+0.00172,-0.00134,-0.00210,+0.05665,+0.00019,+0.00782,0,0,0,0,0,0,0
394.810,+0.01698,+0.00172,-0.00134,-0.00210,+0.05665,+0.00019,+0.00782,0,0,0,0,0,0,0
395.010,+0.01698,+0.00172,-0.00134,-0.00210,+0.05665,+0.00019,+0.00782,0,0,0,0,0,0,0
395.210,+0.01698,+0.00172,-0.00134,-0.00210,+0.05665,+0.00019,+0.00782,0,0,0,0,0,0,0
395.410,+0.01698,+0.00172,-0.00134,-0.00210,+0.05665,+0.00019,+0.00782,0,0,0,0,0,0,0
395.610,+0.01698,+0.00172,-0.00134,-0.00210,+0.05665,+0.00019,+0.00782,0,0,0,0,0,0,0
395.810,+0.01698,+0.00172,-0.00134,-0.00210,+0.05665,+0.00019,+0.00782,0,0,0,0,0,0,0
396.011,+0.01698,+0.00172,-0.00134,-0.00210,+0.05665,+0.00019,+0.00782,0,0,0,0,0,0,0
396.211,+0.01698,+0.00172,-0.00134,-0.00210,+0.05665,+0.00019,+0.00782,0,0,0,0,0,0,0
396.411,+0.01698,+0.00172,-0.00134,-0.00210,+0.05665,+0.00019,+0.00782,0,0,0,0,0,0,0
396.611,+0.01698,+0.00172,-0.00134,-0.00210,+0.05665,+0.00019,+0.00782,0,0,0,0,0,0,0
396.811,+0.01698,+0.00172,-0.00134,-0.00210,+0.05665,+0.00019,+0.00782,0,0,0,0,0,0,0
397.011,+0.01698,+0.00172,-0.00134,-0.00210,+0.05665,+0.00019,+0.00782,0,0,0,0,0,0,0
397.211,+0.01698,+0.00172,-0.00134,-0.00210,+0.05665,+0.00019,+0.00782,0,0,0,0,0,0,0
397.411,+0.01698,+0.00172,-0.00134,-0.00210,+0.05665,+0.00019,+0.00782,0,0,0,0,0,0,0
397.612,+0.01698,+0.00172,-0.00134,-0.00210,+0.05665,+0.00019,+0.00782,0,0,0,0,0,0,0
397.812,+0.01698,+0.00172,-0.00134,-0.00210,+0.05665,+0.00019,+0.00782,0,0,0,0,0,0,0
398.012,+0.01698,+0.00172,-0.00134,-0.00210,+0.05665,+0.00019,+0.00782,0,0,0,0,0,0,0
398.212,+0.01698,+0.00172,-0.00134,-0.00210,+0.05665,+0.00019,+0.00782,0,0,0,0,0,0,0
398.412,+0.01698,+0.00172,-0.00134,-0.00210,+0.05665,+0.00019,+0.00782,0,0,0,0,0,0,0
398.612,+0.01698,+0.00172,-0.00134,-0.00210,+0.05665,+0.00019,+0.00782,0,0,0,0,0,0,0
398.812,+0.01698,+0.00172,-0.00134,-0.00210,+0.05665,+0.00019,+0.00782,0,0,0,0,0,0,0
399.012,+0.01698,+0.00172,-0.00134,-0.00210,+0.05665,+0.00019,+0.00782,0,0,0,0,0,0,0
399.213,+0.01698,+0.00172,-0.00134,-0.00210,+0.05665,+0.00019,+0.00782,0,0,0,0,0,0,0
399.413,+0.01698,+0.00172,-0.00134,-0.00210,+0.05665,+0.00019,+0.00782,0,0,0,0,0,0,0
399.613,+0.01698,+0.00172,-0.00134,-0.00210,+0.05665,+0.00019,+0.00782,0,0,0,0,0,0,0
399.813,+0.01698,+0.00172,-0.00134,-0.00210,+0.05665,+0.00019,+0.00782,0,0,0,0,0,0,0
400.013,+0.01698,+0.00172,-0.00134,-0.00210,+0.05665,+0.00019,+0.00782,0,0,0,0,0,0,0
400.213,+0.01698,+0.00172,-0.00134,-0.00210,+0.05665,+0.00019,+0.00782,0,0,0,0,0,0,0
400.413,+0.01698,+0.00172,-0.00134,-0.00210,+0.05665,+0.00019,+0.00782,0,0,0,0,0,0,0
400.613,+0.01698,+0.00172,-0.00134,-0.00210,+0.05665,+0.00019,+0.00782,0,0,0,0,0,0,0
400.813,+0.01698,+0.00172,-0.00134,-0.00210,+0.05665,+0.00019,+0.00782,0,0,0,0,0,0,0
401.013,+0.01698,+0.00172,-0.00134,-0.00210,+0.05665,+0.00019,+0.00782,0,0,0,0,0,0,0
401.213,+0.01698,+0.00172,-0.00134,-0.00210,+0.05665,+0.00019,+0.00782,0,0,0,0,0,0,0
401.413,+0.01698,+0.00172,-0.00134,-0.00210,+0.05665,+0.00019,+0.00782,0,0,0,0,0,0,0
401.614,+0.01698,+0.00172,-0.00134,-0.00210,+0.05665,+0.00019,+0.00782,0,0,0,0,0,0,0
401.814,+0.01698,+0.00172,-0.00134,-0.00210,+0.05665,+0.00019,+0.00782,0,0,0,0,0,0,0
402.014,+0.01698,+0.00172,-0.00134,-0.00210,+0.05665,+0.00019,+0.00782,0,0,0,0,0,0,0
402.214,+0.01698,+0.00172,-0.00134,-0.00210,+0.05665,+0.00019,+0.00782,0,0,0,0,0,0,0
402.414,+0.01698,+0.00172,-0.00134,-0.00210,+0.05665,+0.00019,+0.00782,0,0,0,0,0,0,0
402.614,+0.01698,+0.00172,-0.00134,-0.00210,+0.05665,+0.00019,+0.00782,0,0,0,0,0,0,0
402.814,+0.01698,+0.00172,-0.00134,-0.00210,+0.05665,+0.00019,+0.00782,0,0,0,0,0,0,0
403.014,+0.01698,+0.00172,-0.00134,-0.00210,+0.05665,+0.00019,+0.00782,0,0,0,0,0,0,0
403.214,+0.01698,+0.00172,-0.00134,-0.00210,+0.05665,+0.00019,+0.00782,0,0,0,0,0,0,0
403.415,+0.01698,+0.00172,-0.00134,-0.00210,+0.05665,+0.00019,+0.00782,0,0,0,0,0,0,0
403.615,+0.01698,+0.00172,-0.00134,-0.00210,+0.05665,+0.00019,+0.00782,0,0,0,0,0,0,0
403.815,+0.01698,+0.00172,-0.00134,-0.00210,+0.05665,+0.00019,+0.00782,0,0,0,0,0,0,0
404.015,+0.01698,+0.00172,-0.00134,-0.00210,+0.05665,+0.00019,+0.00782,0,0,0,0,0,0,0
404.215,+0.01698,+0.00172,-0.00134,-0.00210,+0.05665,+0.00019,+0.00782,0,0,0,0,0,0,0
404.415,+0.01698,+0.00172,-0.00134,-0.00210,+0.05665,+0.00019,+0.00782,0,0,0,0,0,0,0
404.615,+0.01698,+0.00172,-0.00134,-0.00210,+0.05665,+0.00019,+0.00782,0,0,0,0,0,0,0
404.815,+0.01698,+0.00172,-0.00134,-0.00210,+0.05665,+0.00019,+0.00782,0,0,0,0,0,0,0
405.015,+0.01698,+0.00172,-0.00134,-0.00210,+0.05665,+0.00019,+0.00782,0,0,0,0,0,0,0
405.216,+0.01698,+0.00172,-0.00134,-0.00210,+0.05665,+0.00019,+0.00782,0,0,0,0,0,0,0
405.416,+0.01698,+0.00172,-0.00134,-0.00210,+0.05665,+0.00019,+0.00782,0,0,0,0,0,0,0
405.616,+0.01698,+0.00172,-0.00134,-0.00210,+0.05665,+0.00019,+0.00782,0,0,0,0,0,0,0
405.816,+0.01698,+0.00172,-0.00134,-0.00210,+0.05665,+0.00019,+0.00782,0,0,0,0,0,0,0
406.016,+0.01698,+0.00172,-0.00134,-0.00210,+0.05665,+0.00019,+0.00782,0,0,0,0,0,0,0
406.216,+0.01698,+0.00172,-0.00134,-0.00210,+0.05665,+0.00019,+0.00782,0,0,0,0,0,0,0
406.416,+0.01698,+0.00172,-0.00134,-0.00210,+0.05665,+0.00019,+0.00782,0,0,0,0,0,0,0
406.616,+0.01698,+0.00172,-0.00134,-0.00210,+0.05665,+0.00019,+0.00782,0,0,0,0,0,0,0
406.816,+0.01698,+0.00172,-0.00134,-0.00210,+0.05665,+0.00019,+0.00782,0,0,0,0,0,0,0
407.017,+0.01698,+0.00172,-0.00134,-0.00210,+0.05665,+0.00019,+0.00782,0,0,0,0,0,0,0
407.217,+0.01698,+0.00172,-0.00134,-0.00210,+0.05665,+0.00019,+0.00782,0,0,0,0,0,0,0
407.417,+0.01698,+0.00172,-0.00134,-0.00210,+0.05665,+0.00019,+0.00782,0,0,0,0,0,0,0
407.617,+0.01698,+0.00172,-0.00134,-0.00210,+0.05665,+0.00019,+0.00782,0,0,0,0,0,0,0
407.817,+0.01698,+0.00172,-0.00134,-0.00210,+0.05665,+0.00019,+0.00782,0,0,0,0,0,0,0
408.017,+0.01698,+0.00172,-0.00134,-0.00210,+0.05665,+0.00019,+0.00782,0,0,0,0,0,0,0
408.217,+0.01698,+0.00172,-0.00134,-0.00210,+0.05665,+0.00019,+0.00782,0,0,0,0,0,0,0
408.417,+0.01698,+0.00172,-0.00134,-0.00210,+0.05665,+0.00019,+0.00782,0,0,0,0,0,0,0
408.618,+0.01698,+0.00172,-0.00134,-0.00210,+0.05665,+0.00019,+0.00782,0,0,0,0,0,0,0
408.818,+0.01698,+0.00172,-0.00134,-0.00210,+0.05665,+0.00019,+0.00782,0,0,0,0,0,0,0
409.018,+0.01698,+0.00172,-0.00134,-0.00210,+0.05665,+0.00019,+0.00782,0,0,0,0,0,0,0
409.218,+0.01698,+0.00172,-0.00134,-0.00210,+0.05665,+0.00019,+0.00782,0,0,0,0,0,0,0
409.418,+0.01698,+0.00172,-0.00134,-0.00210,+0.05665,+0.00019,+0.00782,0,0,0,0,0,0,0
409.618,+0.01698,+0.00172,-0.00134,-0.00210,+0.05665,+0.00019,+0.00782,0,0,0,0,0,0,0
409.818,+0.01698,+0.00172,-0.00134,-0.00210,+0.05665,+0.00019,+0.00782,0,0,0,0,0,0,0
410.018,+0.01698,+0.00172,-0.00134,-0.00210,+0.05665,+0.00019,+0.00782,0,0,0,0,0,0,0
410.219,+0.01698,+0.00172,-0.00134,-0.00210,+0.05665,+0.00019,+0.00782,0,0,0,0,0,0,0
410.419,+0.01698,+0.00172,-0.00134,-0.00210,+0.05665,+0.00019,+0.00782,0,0,0,0,0,0,0
410.619,+0.01698,+0.00172,-0.00134,-0.00210,+0.05665,+0.00019,+0.00782,0,0,0,0,0,0,0
410.819,+0.01698,+0.00172,-0.00134,-0.00210,+0.05665,+0.00019,+0.00782,0,0,0,0,0,0,0
411.019,+0.01698,+0.00172,-0.00134,-0.00210,+0.05665,+0.00019,+0.00782,0,0,0,0,0,0,0
411.219,+0.01698,+0.00172,-0.00134,-0.00210,+0.05665,+0.00019,+0.00782,0,0,0,0,0,0,0
411.419,+0.01698,+0.00172,-0.00134,-0.00210,+0.05665,+0.00019,+0.00782,0,0,0,0,0,0,0
411.619,+0.01698,+0.00172,-0.00134,-0.00210,+0.05665,+0.00019,+0.00782,0,0,0,0,0,0,0
411.820,+0.01698,+0.00172,-0.00134,-0.00210,+0.05665,+0.00019,+0.00782,0,0,0,0,0,0,0
412.020,+0.01698,+0.00172,-0.00134,-0.00210,+0.05665,+0.00019,+0.00782,0,0,0,0,0,0,0
412.220,+0.01698,+0.00172,-0.00134,-0.00210,+0.05665,+0.00019,+0.00782,0,0,0,0,0,0,0
412.420,+0.01698,+0.00172,-0.00134,-0.00210,+0.05665,+0.00019,+0.00782,0,0,0,0,0,0,0
412.620,+0.01698,+0.00172,-0.00134,-0.00210,+0.05665,+0.00019,+0.00782,0,0,0,0,0,0,0
412.820,+0.01698,+0.00172,-0.00134,-0.00210,+0.05665,+0.00019,+0.00782,0,0,0,0,0,0,0
413.020,+0.01698,+0.00172,-0.00134,-0.00210,+0.05665,+0.00019,+0.00782,0,0,0,0,0,0,0
413.220,+0.01698,+0.00172,-0.00134,-0.00210,+0.05665,+0.00019,+0.00782,0,0,0,0,0,0,0
413.421,+0.01698,+0.00172,-0.00134,-0.00210,+0.05665,+0.00019,+0.00782,0,0,0,0,0,0,0
413.621,+0.01698,+0.00172,-0.00134,-0.00210,+0.05665,+0.00019,+0.00782,0,0,0,0,0,0,0
413.821,+0.01698,+0.00172,-0.00134,-0.00210,+0.05665,+0.00019,+0.00782,0,0,0,0,0,0,0
414.021,+0.01698,+0.00172,-0.00134,-0.00210,+0.05665,+0.00019,+0.00782,0,0,0,0,0,0,0
414.221,+0.01698,+0.00172,-0.00134,-0.00210,+0.05665,+0.00019,+0.00782,0,0,0,0,0,0,0
414.421,+0.01698,+0.00172,-0.00134,-0.00210,+0.05665,+0.00019,+0.00782,0,0,0,0,0,0,0
414.621,+0.01698,+0.00172,-0.00134,-0.00210,+0.05665,+0.00019,+0.00782,0,0,0,0,0,0,0
414.821,+0.01698,+0.00172,-0.00134,-0.00210,+0.05665,+0.00019,+0.00782,0,0,0,0,0,0,0
415.021,+0.01698,+0.00172,-0.00134,-0.00210,+0.05665,+0.00019,+0.00782,0,0,0,0,0,0,0
415.222,+0.01698,+0.00172,-0.00134,-0.00210,+0.05665,+0.00019,+0.00782,0,0,0,0,0,0,0
415.422,+0.01698,+0.00172,-0.00134,-0.00210,+0.05665,+0.00019,+0.00782,0,0,0,0,0,0,0
415.622,+0.01698,+0.00172,-0.00134,-0.00210,+0.05665,+0.00019,+0.00782,0,0,0,0,0,0,0
415.822,+0.01698,+0.00172,-0.00134,-0.00210,+0.05665,+0.00019,+0.00782,0,0,0,0,0,0,0
416.022,+0.01698,+0.00172,-0.00134,-0.00210,+0.05665,+0.00019,+0.00782,0,0,0,0,0,0,0
416.222,+0.01698,+0.00172,-0.00134,-0.00210,+0.05665,+0.00019,+0.00782,0,0,0,0,0,0,0
416.422,+0.01698,+0.00172,-0.00134,-0.00210,+0.05665,+0.00019,+0.00782,0,0,0,0,0,0,0
416.622,+0.01698,+0.00172,-0.00134,-0.00210,+0.05665,+0.00019,+0.00782,0,0,0,0,0,0,0
416.822,+0.01698,+0.00172,-0.00134,-0.00210,+0.05665,+0.00019,+0.00782,0,0,0,0,0,0,0
417.023,+0.01698,+0.00172,-0.00134,-0.00210,+0.05665,+0.00019,+0.00782,0,0,0,0,0,0,0
417.223,+0.01698,+0.00172,-0.00134,-0.00210,+0.05665,+0.00019,+0.00782,0,0,0,0,0,0,0
417.423,+0.01698,+0.00172,-0.00134,-0.00210,+0.05665,+0.00019,+0.00782,0,0,0,0,0,0,0
417.623,+0.01698,+0.00172,-0.00134,-0.00210,+0.05665,+0.00019,+0.00782,0,0,0,0,0,0,0
417.823,+0.01698,+0.00172,-0.00134,-0.00210,+0.05665,+0.00019,+0.00782,0,0,0,0,0,0,0
418.023,+0.01698,+0.00172,-0.00134,-0.00210,+0.05665,+0.00019,+0.00782,0,0,0,0,0,0,0
418.223,+0.01698,+0.00172,-0.00134,-0.00210,+0.05665,+0.00019,+0.00782,0,0,0,0,0,0,0
418.423,+0.01698,+0.00172,-0.00134,-0.00210,+0.05665,+0.00019,+0.00782,0,0,0,0,0,0,0
418.623,+0.01698,+0.00172,-0.00134,-0.00210,+0.05665,+0.00019,+0.00782,0,0,0,0,0,0,0
418.824,+0.01698,+0.00172,-0.00134,-0.00210,+0.05665,+0.00019,+0.00782,0,0,0,0,0,0,0
419.024,+0.01698,+0.00172,-0.00134,-0.00210,+0.05665,+0.00019,+0.00782,0,0,0,0,0,0,0
419.224,+0.01698,+0.00172,-0.00134,-0.00210,+0.05665,+0.00019,+0.00782,0,0,0,0,0,0,0
419.424,+0.01698,+0.00172,-0.00134,-0.00210,+0.05665,+0.00019,+0.00782,0,0,0,0,0,0,0
419.624,+0.01698,+0.00172,-0.00134,-0.00210,+0.05665,+0.00019,+0.00782,0,0,0,0,0,0,0
419.824,+0.01698,+0.00172,-0.00134,-0.00210,+0.05665,+0.00019,+0.00782,0,0,0,0,0,0,0
420.024,+0.01698,+0.00172,-0.00134,-0.00210,+0.05665,+0.00019,+0.00782,0,0,0,0,0,0,0
420.224,+0.01698,+0.00172,-0.00134,-0.00210,+0.05665,+0.00019,+0.00782,0,0,0,0,0,0,0
420.425,+0.01698,+0.00172,-0.00134,-0.00210,+0.05665,+0.00019,+0.00782,0,0,0,0,0,0,0
420.625,+0.01698,+0.00172,-0.00134,-0.00210,+0.05665,+0.00019,+0.00782,0,0,0,0,0,0,0
420.825,+0.01698,+0.00172,-0.00134,-0.00210,+0.05665,+0.00019,+0.00782,0,0,0,0,0,0,0
421.025,+0.01698,+0.00172,-0.00134,-0.00210,+0.05665,+0.00019,+0.00782,0,0,0,0,0,0,0
421.225,+0.01698,+0.00172,-0.00134,-0.00210,+0.05665,+0.00019,+0.00782,0,0,0,0,0,0,0
421.425,+0.01698,+0.00172,-0.00134,-0.00210,+0.05665,+0.00019,+0.00782,0,0,0,0,0,0,0
421.625,+0.01698,+0.00172,-0.00134,-0.00210,+0.05665,+0.00019,+0.00782,0,0,0,0,0,0,0
421.825,+0.01698,+0.00172,-0.00134,-0.00210,+0.05665,+0.00019,+0.00782,0,0,0,0,0,0,0
422.026,+0.01698,+0.00172,-0.00134,-0.00210,+0.05665,+0.00019,+0.00782,0,0,0,0,0,0,0
422.226,+0.01698,+0.00172,-0.00134,-0.00210,+0.05665,+0.00019,+0.00782,0,0,0,0,0,0,0
422.426,+0.01698,+0.00172,-0.00134,-0.00210,+0.05665,+0.00019,+0.00782,0,0,0,0,0,0,0
422.626,+0.01698,+0.00172,-0.00134,-0.00210,+0.05665,+0.00019,+0.00782,0,0,0,0,0,0,0
422.826,+0.01698,+0.00172,-0.00134,-0.00210,+0.05665,+0.00019,+0.00782,0,0,0,0,0,0,0
423.026,+0.01698,+0.00172,-0.00134,-0.00210,+0.05665,+0.00019,+0.00782,0,0,0,0,0,0,0
423.226,+0.01698,+0.00172,-0.00134,-0.00210,+0.05665,+0.00019,+0.00782,0,0,0,0,0,0,0
423.426,+0.01698,+0.00172,-0.00134,-0.00210,+0.05665,+0.00019,+0.00782,0,0,0,0,0,0,0
423.627,+0.01698,+0.00172,-0.00134,-0.00210,+0.05665,+0.00019,+0.00782,0,0,0,0,0,0,0
423.827,+0.01698,+0.00172,-0.00134,-0.00210,+0.05665,+0.00019,+0.00782,0,0,0,0,0,0,0
424.027,+0.01698,+0.00172,-0.00134,-0.00210,+0.05665,+0.00019,+0.00782,0,0,0,0,0,0,0
424.227,+0.01698,+0.00172,-0.00134,-0.00210,+0.05665,+0.00019,+0.00782,0,0,0,0,0,0,0
424.427,+0.01698,+0.00172,-0.00134,-0.00210,+0.05665,+0.00019,+0.00782,0,0,0,0,0,0,0
424.627,+0.01698,+0.00172,-0.00134,-0.00210,+0.05665,+0.00019,+0.00782,0,0,0,0,0,0,0
424.827,+0.01698,+0.00172,-0.00134,-0.00210,+0.05665,+0.00019,+0.00782,0,0,0,0,0,0,0
425.027,+0.01698,+0.00172,-0.00134,-0.00210,+0.05665,+0.00019,+0.00782,0,0,0,0,0,0,0
425.228,+0.01698,+0.00172,-0.00134,-0.00210,+0.05665,+0.00019,+0.00782,0,0,0,0,0,0,0
425.428,+0.01698,+0.00172,-0.00134,-0.00210,+0.05665,+0.00019,+0.00782,0,0,0,0,0,0,0
425.628,+0.01698,+0.00172,-0.00134,-0.00210,+0.05665,+0.00019,+0.00782,0,0,0,0,0,0,0
425.828,+0.01698,+0.00172,-0.00134,-0.00210,+0.05665,+0.00019,+0.00782,0,0,0,0,0,0,0
426.028,+0.01698,+0.00172,-0.00134,-0.00210,+0.05665,+0.00019,+0.00782,0,0,0,0,0,0,0
426.228,+0.01698,+0.00172,-0.00134,-0.00210,+0.05665,+0.00019,+0.00782,0,0,0,0,0,0,0
426.428,+0.01698,+0.00172,-0.00134,-0.00210,+0.05665,+0.00019,+0.00782,0,0,0,0,0,0,0
426.628,+0.01698,+0.00172,-0.00134,-0.00210,+0.05665,+0.00019,+0.00782,0,0,0,0,0,0,0
426.829,+0.01698,+0.00172,-0.00134,-0.00210,+0.05665,+0.00019,+0.00782,0,0,0,0,0,0,0
427.029,+0.01698,+0.00172,-0.00134,-0.00210,+0.05665,+0.00019,+0.00782,0,0,0,0,0,0,0
427.229,+0.01698,+0.00172,-0.00134,-0.00210,+0.05665,+0.00019,+0.00782,0,0,0,0,0,0,0
427.429,+0.01698,+0.00172,-0.00134,-0.00210,+0.05665,+0.00019,+0.00782,0,0,0,0,0,0,0
427.629,+0.01698,+0.00172,-0.00134,-0.00210,+0.05665,+0.00019,+0.00782,0,0,0,0,0,0,0
427.829,+0.01698,+0.00172,-0.00134,-0.00210,+0.05665,+0.00019,+0.00782,0,0,0,0,0,0,0
428.029,+0.01698,+0.00172,-0.00134,-0.00210,+0.05665,+0.00019,+0.00782,0,0,0,0,0,0,0
428.229,+0.01698,+0.00172,-0.00134,-0.00210,+0.05665,+0.00019,+0.00782,0,0,0,0,0,0,0
428.429,+0.01698,+0.00172,-0.00134,-0.00210,+0.05665,+0.00019,+0.00782,0,0,0,0,0,0,0
428.629,+0.01698,+0.00172,-0.00134,-0.00210,+0.05665,+0.00019,+0.00782,0,0,0,0,0,0,0
428.829,+0.01698,+0.00172,-0.00134,-0.00210,+0.05665,+0.00019,+0.00782,0,0,0,0,0,0,0
429.030,+0.01698,+0.00172,-0.00134,-0.00210,+0.05665,+0.00019,+0.00782,0,0,0,0,0,0,0
429.230,+0.01698,+0.00172,-0.00134,-0.00210,+0.05665,+0.00019,+0.00782,0,0,0,0,0,0,0
429.430,+0.01698,+0.00172,-0.00134,-0.00210,+0.05665,+0.00019,+0.00782,0,0,0,0,0,0,0
429.630,+0.01698,+0.00172,-0.00134,-0.00210,+0.05665,+0.00019,+0.00782,0,0,0,0,0,0,0
429.830,+0.01698,+0.00172,-0.00134,-0.00210,+0.05665,+0.00019,+0.00782,0,0,0,0,0,0,0
430.030,+0.01698,+0.00172,-0.00134,-0.00210,+0.05665,+0.00019,+0.00782,0,0,0,0,0,0,0
430.230,+0.01698,+0.00172,-0.00134,-0.00210,+0.05665,+0.00019,+0.00782,0,0,0,0,0,0,0
430.430,+0.01698,+0.00172,-0.00134,-0.00210,+0.05665,+0.00019,+0.00782,0,0,0,0,0,0,0
430.631,+0.01698,+0.00172,-0.00134,-0.00210,+0.05665,+0.00019,+0.00782,0,0,0,0,0,0,0
430.831,+0.01698,+0.00172,-0.00134,-0.00210,+0.05665,+0.00019,+0.00782,0,0,0,0,0,0,0
431.031,+0.01698,+0.00172,-0.00134,-0.00210,+0.05665,+0.00019,+0.00782,0,0,0,0,0,0,0
431.231,+0.01698,+0.00172,-0.00134,-0.00210,+0.05665,+0.00019,+0.00782,0,0,0,0,0,0,0
431.431,+0.01698,+0.00172,-0.00134,-0.00210,+0.05665,+0.00019,+0.00782,0,0,0,0,0,0,0
431.631,+0.01698,+0.00172,-0.00134,-0.00210,+0.05665,+0.00019,+0.00782,0,0,0,0,0,0,0
431.831,+0.01698,+0.00172,-0.00134,-0.00210,+0.05665,+0.00019,+0.00782,0,0,0,0,0,0,0
432.031,+0.01698,+0.00172,-0.00134,-0.00210,+0.05665,+0.00019,+0.00782,0,0,0,0,0,0,0
432.232,+0.01698,+0.00172,-0.00134,-0.00210,+0.05665,+0.00019,+0.00782,0,0,0,0,0,0,0
432.432,+0.01698,+0.00172,-0.00134,-0.00210,+0.05665,+0.00019,+0.00782,0,0,0,0,0,0,0
432.632,+0.01698,+0.00172,-0.00134,-0.00210,+0.05665,+0.00019,+0.00782,0,0,0,0,0,0,0
432.832,+0.01698,+0.00172,-0.00134,-0.00210,+0.05665,+0.00019,+0.00782,0,0,0,0,0,0,0
433.032,+0.01698,+0.00172,-0.00134,-0.00210,+0.05665,+0.00019,+0.00782,0,0,0,0,0,0,0
433.232,+0.01698,+0.00172,-0.00134,-0.00210,+0.05665,+0.00019,+0.00782,0,0,0,0,0,0,0
433.432,+0.01698,+0.00172,-0.00134,-0.00210,+0.05665,+0.00019,+0.00782,0,0,0,0,0,0,0
433.632,+0.01698,+0.00172,-0.00134,-0.00210,+0.05665,+0.00019,+0.00782,0,0,0,0,0,0,0
433.833,+0.01698,+0.00172,-0.00134,-0.00210,+0.05665,+0.00019,+0.00782,0,0,0,0,0,0,0
434.033,+0.01698,+0.00172,-0.00134,-0.00210,+0.05665,+0.00019,+0.00782,0,0,0,0,0,0,0
434.233,+0.01698,+0.00172,-0.00134,-0.00210,+0.05665,+0.00019,+0.00782,0,0,0,0,0,0,0
434.433,+0.01698,+0.00172,-0.00134,-0.00210,+0.05665,+0.00019,+0.00782,0,0,0,0,0,0,0
434.633,+0.01698,+0.00172,-0.00134,-0.00210,+0.05665,+0.00019,+0.00782,0,0,0,0,0,0,0
434.833,+0.01698,+0.00172,-0.00134,-0.00210,+0.05665,+0.00019,+0.00782,0,0,0,0,0,0,0
435.033,+0.01698,+0.00172,-0.00134,-0.00210,+0.05665,+0.00019,+0.00782,0,0,0,0,0,0,0
435.233,+0.01698,+0.00172,-0.00134,-0.00210,+0.05665,+0.00019,+0.00782,0,0,0,0,0,0,0
435.433,+0.01698,+0.00172,-0.00134,-0.00210,+0.05665,+0.00019,+0.00782,0,0,0,0,0,0,0
435.634,+0.01698,+0.00172,-0.00134,-0.00210,+0.05665,+0.00019,+0.00782,0,0,0,0,0,0,0
435.834,+0.01698,+0.00172,-0.00134,-0.00210,+0.05665,+0.00019,+0.00782,0,0,0,0,0,0,0
436.034,+0.01698,+0.00172,-0.00134,-0.00210,+0.05665,+0.00019,+0.00782,0,0,0,0,0,0,0
436.234,+0.01698,+0.00172,-0.00134,-0.00210,+0.05665,+0.00019,+0.00782,0,0,0,0,0,0,0
436.434,+0.01698,+0.00172,-0.00134,-0.00210,+0.05665,+0.00019,+0.00782,0,0,0,0,0,0,0
436.634,+0.01698,+0.00172,-0.00134,-0.00210,+0.05665,+0.00019,+0.00782,0,0,0,0,0,0,0
436.834,+0.01698,+0.00172,-0.00134,-0.00210,+0.05665,+0.00019,+0.00782,0,0,0,0,0,0,0
437.034,+0.01698,+0.00172,-0.00134,-0.00210,+0.05665,+0.00019,+0.00782,0,0,0,0,0,0,0
437.234,+0.01698,+0.00172,-0.00134,-0.00210,+0.05665,+0.00019,+0.00782,0,0,0,0,0,0,0
437.435,+0.01698,+0.00172,-0.00134,-0.00210,+0.05665,+0.00019,+0.00782,0,0,0,0,0,0,0
437.635,+0.01698,+0.00172,-0.00134,-0.00210,+0.05665,+0.00019,+0.00782,0,0,0,0,0,0,0
437.835,+0.01698,+0.00172,-0.00134,-0.00210,+0.05665,+0.00019,+0.00782,0,0,0,0,0,0,0
438.035,+0.01698,+0.00172,-0.00134,-0.00210,+0.05665,+0.00019,+0.00782,0,0,0,0,0,0,0
438.235,+0.01698,+0.00172,-0.00134,-0.00210,+0.05665,+0.00019,+0.00782,0,0,0,0,0,0,0
438.435,+0.01698,+0.00172,-0.00134,-0.00210,+0.05665,+0.00019,+0.00782,0,0,0,0,0,0,0
438.635,+0.01698,+0.00172,-0.00134,-0.00210,+0.05665,+0.00019,+0.00782,0,0,0,0,0,0,0
438.835,+0.01698,+0.00172,-0.00134,-0.00210,+0.05665,+0.00019,+0.00782,0,0,0,0,0,0,0
439.035,+0.01698,+0.00172,-0.00134,-0.00210,+0.05665,+0.00019,+0.00782,0,0,0,0,0,0,0
439.235,+0.01698,+0.00172,-0.00134,-0.00210,+0.05665,+0.00019,+0.00782,0,0,0,0,0,0,0
439.436,+0.01698,+0.00172,-0.00134,-0.00210,+0.05665,+0.00019,+0.00782,0,0,0,0,0,0,0
439.636,+0.01698,+0.00172,-0.00134,-0.00210,+0.05665,+0.00019,+0.00782,0,0,0,0,0,0,0
439.836,+0.01698,+0.00172,-0.00134,-0.00210,+0.05665,+0.00019,+0.00782,0,0,0,0,0,0,0
440.036,+0.01698,+0.00172,-0.00134,-0.00210,+0.05665,+0.00019,+0.00782,0,0,0,0,0,0,0
440.236,+0.01698,+0.00172,-0.00134,-0.00210,+0.05665,+0.00019,+0.00782,0,0,0,0,0,0,0
440.436,+0.01698,+0.00172,-0.00134,-0.00210,+0.05665,+0.00019,+0.00782,0,0,0,0,0,0,0
440.636,+0.01698,+0.00172,-0.00134,-0.00210,+0.05665,+0.00019,+0.00782,0,0,0,0,0,0,0
440.836,+0.01698,+0.00172,-0.00134,-0.00210,+0.05665,+0.00019,+0.00782,0,0,0,0,0,0,0
441.036,+0.01698,+0.00172,-0.00134,-0.00210,+0.05665,+0.00019,+0.00782,0,0,0,0,0,0,0
441.237,+0.01698,+0.00172,-0.00134,-0.00210,+0.05665,+0.00019,+0.00782,0,0,0,0,0,0,0
441.437,+0.01698,+0.00172,-0.00134,-0.00210,+0.05665,+0.00019,+0.00782,0,0,0,0,0,0,0
441.637,+0.01698,+0.00172,-0.00134,-0.00210,+0.05665,+0.00019,+0.00782,0,0,0,0,0,0,0
441.837,+0.01698,+0.00172,-0.00134,-0.00210,+0.05665,+0.00019,+0.00782,0,0,0,0,0,0,0
442.037,+0.01698,+0.00172,-0.00134,-0.00210,+0.05665,+0.00019,+0.00782,0,0,0,0,0,0,0
442.237,+0.01698,+0.00172,-0.00134,-0.00210,+0.05665,+0.00019,+0.00782,0,0,0,0,0,0,0
442.437,+0.01698,+0.00172,-0.00134,-0.00210,+0.05665,+0.00019,+0.00782,0,0,0,0,0,0,0
442.637,+0.01698,+0.00172,-0.00134,-0.00210,+0.05665,+0.00019,+0.00782,0,0,0,0,0,0,0
442.837,+0.01698,+0.00172,-0.00134,-0.00210,+0.05665,+0.00019,+0.00782,0,0,0,0,0,0,0
443.038,+0.01698,+0.00172,-0.00134,-0.00210,+0.05665,+0.00019,+0.00782,0,0,0,0,0,0,0
443.238,+0.01698,+0.00172,-0.00134,-0.00210,+0.05665,+0.00019,+0.00782,0,0,0,0,0,0,0
443.438,+0.01698,+0.00172,-0.00134,-0.00210,+0.05665,+0.00019,+0.00782,0,0,0,0,0,0,0
443.638,+0.01698,+0.00172,-0.00134,-0.00210,+0.05665,+0.00019,+0.00782,0,0,0,0,0,0,0
443.838,+0.01698,+0.00172,-0.00134,-0.00210,+0.05665,+0.00019,+0.00782,0,0,0,0,0,0,0
444.038,+0.01698,+0.00172,-0.00134,-0.00210,+0.05665,+0.00019,+0.00782,0,0,0,0,0,0,0
444.238,+0.01698,+0.00172,-0.00134,-0.00210,+0.05665,+0.00019,+0.00782,0,0,0,0,0,0,0
444.438,+0.01698,+0.00172,-0.00134,-0.00210,+0.05665,+0.00019,+0.00782,0,0,0,0,0,0,0
444.639,+0.01698,+0.00172,-0.00134,-0.00210,+0.05665,+0.00019,+0.00782,0,0,0,0,0,0,0
444.839,+0.01698,+0.00172,-0.00134,-0.00210,+0.05665,+0.00019,+0.00782,0,0,0,0,0,0,0
445.039,+0.01698,+0.00172,-0.00134,-0.00210,+0.05665,+0.00019,+0.00782,0,0,0,0,0,0,0
445.239,+0.01698,+0.00172,-0.00134,-0.00210,+0.05665,+0.00019,+0.00782,0,0,0,0,0,0,0
445.439,+0.01698,+0.00172,-0.00134,-0.00210,+0.05665,+0.00019,+0.00782,0,0,0,0,0,0,0
445.639,+0.01698,+0.00172,-0.00134,-0.00210,+0.05665,+0.00019,+0.00782,0,0,0,0,0,0,0
445.839,+0.01698,+0.00172,-0.00134,-0.00210,+0.05665,+0.00019,+0.00782,0,0,0,0,0,0,0
446.039,+0.01698,+0.00172,-0.00134,-0.00210,+0.05665,+0.00019,+0.00782,0,0,0,0,0,0,0
446.240,+0.01698,+0.00172,-0.00134,-0.00210,+0.05665,+0.00019,+0.00782,0,0,0,0,0,0,0
446.440,+0.01698,+0.00172,-0.00134,-0.00210,+0.05665,+0.00019,+0.00782,0,0,0,0,0,0,0
446.640,+0.01698,+0.00172,-0.00134,-0.00210,+0.05665,+0.00019,+0.00782,0,0,0,0,0,0,0
446.840,+0.01698,+0.00172,-0.00134,-0.00210,+0.05665,+0.00019,+0.00782,0,0,0,0,0,0,0
447.040,+0.01698,+0.00172,-0.00134,-0.00210,+0.05665,+0.00019,+0.00782,0,0,0,0,0,0,0
447.240,+0.01698,+0.00172,-0.00134,-0.00210,+0.05665,+0.00019,+0.00782,0,0,0,0,0,0,0
447.440,+0.01698,+0.00172,-0.00134,-0.00210,+0.05665,+0.00019,+0.00782,0,0,0,0,0,0,0
447.640,+0.01698,+0.00172,-0.00134,-0.00210,+0.05665,+0.00019,+0.00782,0,0,0,0,0,0,0
447.840,+0.01698,+0.00172,-0.00134,-0.00210,+0.05665,+0.00019,+0.00782,0,0,0,0,0,0,0
448.041,+0.01698,+0.00172,-0.00134,-0.00210,+0.05665,+0.00019,+0.00782,0,0,0,0,0,0,0
448.241,+0.01698,+0.00172,-0.00134,-0.00210,+0.05665,+0.00019,+0.00782,0,0,0,0,0,0,0
448.441,+0.01698,+0.00172,-0.00134,-0.00210,+0.05665,+0.00019,+0.00782,0,0,0,0,0,0,0
448.641,+0.01698,+0.00172,-0.00134,-0.00210,+0.05665,+0.00019,+0.00782,0,0,0,0,0,0,0
448.841,+0.01698,+0.00172,-0.00134,-0.00210,+0.05665,+0.00019,+0.00782,0,0,0,0,0,0,0
449.041,+0.01698,+0.00172,-0.00134,-0.00210,+0.05665,+0.00019,+0.00782,0,0,0,0,0,0,0
449.241,+0.01698,+0.00172,-0.00134,-0.00210,+0.05665,+0.00019,+0.00782,0,0,0,0,0,0,0
449.441,+0.01698,+0.00172,-0.00134,-0.00210,+0.05665,+0.00019,+0.00782,0,0,0,0,0,0,0
449.641,+0.01698,+0.00172,-0.00134,-0.00210,+0.05665,+0.00019,+0.00782,0,0,0,0,0,0,0
449.842,+0.01698,+0.00172,-0.00134,-0.00210,+0.05665,+0.00019,+0.00782,0,0,0,0,0,0,0
450.042,+0.01698,+0.00172,-0.00134,-0.00210,+0.05665,+0.00019,+0.00782,0,0,0,0,0,0,0
450.242,+0.01698,+0.00172,-0.00134,-0.00210,+0.05665,+0.00019,+0.00782,0,0,0,0,0,0,0
450.442,+0.01698,+0.00172,-0.00134,-0.00210,+0.05665,+0.00019,+0.00782,0,0,0,0,0,0,0
450.642,+0.01698,+0.00172,-0.00134,-0.00210,+0.05665,+0.00019,+0.00782,0,0,0,0,0,0,0
450.842,+0.01698,+0.00172,-0.00134,-0.00210,+0.05665,+0.00019,+0.00782,0,0,0,0,0,0,0
451.042,+0.01698,+0.00172,-0.00134,-0.00210,+0.05665,+0.00019,+0.00782,0,0,0,0,0,0,0
451.242,+0.01698,+0.00172,-0.00134,-0.00210,+0.05665,+0.00019,+0.00782,0,0,0,0,0,0,0
451.443,+0.01698,+0.00172,-0.00134,-0.00210,+0.05665,+0.00019,+0.00782,0,0,0,0,0,0,0
451.643,+0.01698,+0.00172,-0.00134,-0.00210,+0.05665,+0.00019,+0.00782,0,0,0,0,0,0,0
451.843,+0.01698,+0.00172,-0.00134,-0.00210,+0.05665,+0.00019,+0.00782,0,0,0,0,0,0,0
452.043,+0.01698,+0.00172,-0.00134,-0.00210,+0.05665,+0.00019,+0.00782,0,0,0,0,0,0,0
452.243,+0.01698,+0.00172,-0.00134,-0.00210,+0.05665,+0.00019,+0.00782,0,0,0,0,0,0,0
452.443,+0.01698,+0.00172,-0.00134,-0.00210,+0.05665,+0.00019,+0.00782,0,0,0,0,0,0,0
452.643,+0.01698,+0.00172,-0.00134,-0.00210,+0.05665,+0.00019,+0.00782,0,0,0,0,0,0,0
452.843,+0.01698,+0.00172,-0.00134,-0.00210,+0.05665,+0.00019,+0.00782,0,0,0,0,0,0,0
453.044,+0.01698,+0.00172,-0.00134,-0.00210,+0.05665,+0.00019,+0.00782,0,0,0,0,0,0,0
453.244,+0.01698,+0.00172,-0.00134,-0.00210,+0.05665,+0.00019,+0.00782,0,0,0,0,0,0,0
453.444,+0.01698,+0.00172,-0.00134,-0.00210,+0.05665,+0.00019,+0.00782,0,0,0,0,0,0,0
453.644,+0.01698,+0.00172,-0.00134,-0.00210,+0.05665,+0.00019,+0.00782,0,0,0,0,0,0,0
453.844,+0.01698,+0.00172,-0.00134,-0.00210,+0.05665,+0.00019,+0.00782,0,0,0,0,0,0,0
454.044,+0.01698,+0.00172,-0.00134,-0.00210,+0.05665,+0.00019,+0.00782,0,0,0,0,0,0,0
454.244,+0.01698,+0.00172,-0.00134,-0.00210,+0.05665,+0.00019,+0.00782,0,0,0,0,0,0,0
454.444,+0.01698,+0.00172,-0.00134,-0.00210,+0.05665,+0.00019,+0.00782,0,0,0,0,0,0,0
454.645,+0.01698,+0.00172,-0.00134,-0.00210,+0.05665,+0.00019,+0.00782,0,0,0,0,0,0,0
454.845,+0.01698,+0.00172,-0.00134,-0.00210,+0.05665,+0.00019,+0.00782,0,0,0,0,0,0,0
455.045,+0.01698,+0.00172,-0.00134,-0.00210,+0.05665,+0.00019,+0.00782,0,0,0,0,0,0,0
455.245,+0.01698,+0.00172,-0.00134,-0.00210,+0.05665,+0.00019,+0.00782,0,0,0,0,0,0,0
455.445,+0.01698,+0.00172,-0.00134,-0.00210,+0.05665,+0.00019,+0.00782,0,0,0,0,0,0,0
455.645,+0.01698,+0.00172,-0.00134,-0.00210,+0.05665,+0.00019,+0.00782,0,0,0,0,0,0,0
455.845,+0.01698,+0.00172,-0.00134,-0.00210,+0.05665,+0.00019,+0.00782,0,0,0,0,0,0,0
456.045,+0.01698,+0.00172,-0.00134,-0.00210,+0.05665,+0.00019,+0.00782,0,0,0,0,0,0,0
456.245,+0.01698,+0.00172,-0.00134,-0.00210,+0.05665,+0.00019,+0.00782,0,0,0,0,0,0,0
456.446,+0.01698,+0.00172,-0.00134,-0.00210,+0.05665,+0.00019,+0.00782,0,0,0,0,0,0,0
456.646,+0.01698,+0.00172,-0.00134,-0.00210,+0.05665,+0.00019,+0.00782,0,0,0,0,0,0,0
456.846,+0.01698,+0.00172,-0.00134,-0.00210,+0.05665,+0.00019,+0.00782,0,0,0,0,0,0,0
457.046,+0.01698,+0.00172,-0.00134,-0.00210,+0.05665,+0.00019,+0.00782,0,0,0,0,0,0,0
457.246,+0.01698,+0.00172,-0.00134,-0.00210,+0.05665,+0.00019,+0.00782,0,0,0,0,0,0,0
457.446,+0.01698,+0.00172,-0.00134,-0.00210,+0.05665,+0.00019,+0.00782,0,0,0,0,0,0,0
457.646,+0.01698,+0.00172,-0.00134,-0.00210,+0.05665,+0.00019,+0.00782,0,0,0,0,0,0,0
457.846,+0.01698,+0.00172,-0.00134,-0.00210,+0.05665,+0.00019,+0.00782,0,0,0,0,0,0,0
458.046,+0.01698,+0.00172,-0.00134,-0.00210,+0.05665,+0.00019,+0.00782,0,0,0,0,0,0,0
458.247,+0.01698,+0.00172,-0.00134,-0.00210,+0.05665,+0.00019,+0.00782,0,0,0,0,0,0,0
458.447,+0.01698,+0.00172,-0.00134,-0.00210,+0.05665,+0.00019,+0.00782,0,0,0,0,0,0,0
458.647,+0.01698,+0.00172,-0.00134,-0.00210,+0.05665,+0.00019,+0.00782,0,0,0,0,0,0,0
458.847,+0.01698,+0.00172,-0.00134,-0.00210,+0.05665,+0.00019,+0.00782,0,0,0,0,0,0,0
459.047,+0.01698,+0.00172,-0.00134,-0.00210,+0.05665,+0.00019,+0.00782,0,0,0,0,0,0,0
459.247,+0.01698,+0.00172,-0.00134,-0.00210,+0.05665,+0.00019,+0.00782,0,0,0,0,0,0,0
459.447,+0.01698,+0.00172,-0.00134,-0.00210,+0.05665,+0.00019,+0.00782,0,0,0,0,0,0,0
459.647,+0.01698,+0.00172,-0.00134,-0.00210,+0.05665,+0.00019,+0.00782,0,0,0,0,0,0,0
459.847,+0.01698,+0.00172,-0.00134,-0.00210,+0.05665,+0.00019,+0.00782,0,0,0,0,0,0,0
460.048,+0.01698,+0.00172,-0.00134,-0.00210,+0.05665,+0.00019,+0.00782,0,0,0,0,0,0,0
460.248,+0.01698,+0.00172,-0.00134,-0.00210,+0.05665,+0.00019,+0.00782,0,0,0,0,0,0,0
460.448,+0.01698,+0.00172,-0.00134,-0.00210,+0.05665,+0.00019,+0.00782,0,0,0,0,0,0,0
460.648,+0.01698,+0.00172,-0.00134,-0.00210,+0.05665,+0.00019,+0.00782,0,0,0,0,0,0,0
460.848,+0.01698,+0.00172,-0.00134,-0.00210,+0.05665,+0.00019,+0.00782,0,0,0,0,0,0,0
461.048,+0.01698,+0.00172,-0.00134,-0.00210,+0.05665,+0.00019,+0.00782,0,0,0,0,0,0,0
461.248,+0.01698,+0.00172,-0.00134,-0.00210,+0.05665,+0.00019,+0.00782,0,0,0,0,0,0,0
461.448,+0.01698,+0.00172,-0.00134,-0.00210,+0.05665,+0.00019,+0.00782,0,0,0,0,0,0,0
461.649,+0.01698,+0.00172,-0.00134,-0.00210,+0.05665,+0.00019,+0.00782,0,0,0,0,0,0,0
461.849,+0.01698,+0.00172,-0.00134,-0.00210,+0.05665,+0.00019,+0.00782,0,0,0,0,0,0,0
462.049,+0.01698,+0.00172,-0.00134,-0.00210,+0.05665,+0.00019,+0.00782,0,0,0,0,0,0,0
462.249,+0.01698,+0.00172,-0.00134,-0.00210,+0.05665,+0.00019,+0.00782,0,0,0,0,0,0,0
462.449,+0.01698,+0.00172,-0.00134,-0.00210,+0.05665,+0.00019,+0.00782,0,0,0,0,0,0,0
462.649,+0.01698,+0.00172,-0.00134,-0.00210,+0.05665,+0.00019,+0.00782,0,0,0,0,0,0,0
462.849,+0.01698,+0.00172,-0.00134,-0.00210,+0.05665,+0.00019,+0.00782,0,0,0,0,0,0,0
463.049,+0.01698,+0.00172,-0.00134,-0.00210,+0.05665,+0.00019,+0.00782,0,0,0,0,0,0,0
463.249,+0.01698,+0.00172,-0.00134,-0.00210,+0.05665,+0.00019,+0.00782,0,0,0,0,0,0,0
463.449,+0.01698,+0.00172,-0.00134,-0.00210,+0.05665,+0.00019,+0.00782,0,0,0,0,0,0,0
463.650,+0.01698,+0.00172,-0.00134,-0.00210,+0.05665,+0.00019,+0.00782,0,0,0,0,0,0,0
463.850,+0.01698,+0.00172,-0.00134,-0.00210,+0.05665,+0.00019,+0.00782,0,0,0,0,0,0,0
464.050,+0.01698,+0.00172,-0.00134,-0.00210,+0.05665,+0.00019,+0.00782,0,0,0,0,0,0,0
464.250,+0.01698,+0.00172,-0.00134,-0.00210,+0.05665,+0.00019,+0.00782,0,0,0,0,0,0,0
464.450,+0.01698,+0.00172,-0.00134,-0.00210,+0.05665,+0.00019,+0.00782,0,0,0,0,0,0,0
464.650,+0.01698,+0.00172,-0.00134,-0.00210,+0.05665,+0.00019,+0.00782,0,0,0,0,0,0,0
464.850,+0.01698,+0.00172,-0.00134,-0.00210,+0.05665,+0.00019,+0.00782,0,0,0,0,0,0,0
465.050,+0.01698,+0.00172,-0.00134,-0.00210,+0.05665,+0.00019,+0.00782,0,0,0,0,0,0,0
465.250,+0.01698,+0.00172,-0.00134,-0.00210,+0.05665,+0.00019,+0.00782,0,0,0,0,0,0,0
465.450,+0.01698,+0.00172,-0.00134,-0.00210,+0.05665,+0.00019,+0.00782,0,0,0,0,0,0,0
465.651,+0.01698,+0.00172,-0.00134,-0.00210,+0.05665,+0.00019,+0.00782,0,0,0,0,0,0,0
465.851,+0.01698,+0.00172,-0.00134,-0.00210,+0.05665,+0.00019,+0.00782,0,0,0,0,0,0,0
466.051,+0.01698,+0.00172,-0.00134,-0.00210,+0.05665,+0.00019,+0.00782,0,0,0,0,0,0,0
466.251,+0.01698,+0.00172,-0.00134,-0.00210,+0.05665,+0.00019,+0.00782,0,0,0,0,0,0,0
466.451,+0.01698,+0.00172,-0.00134,-0.00210,+0.05665,+0.00019,+0.00782,0,0,0,0,0,0,0
466.651,+0.01698,+0.00172,-0.00134,-0.00210,+0.05665,+0.00019,+0.00782,0,0,0,0,0,0,0
466.851,+0.01698,+0.00172,-0.00134,-0.00210,+0.05665,+0.00019,+0.00782,0,0,0,0,0,0,0
467.051,+0.01698,+0.00172,-0.00134,-0.00210,+0.05665,+0.00019,+0.00782,0,0,0,0,0,0,0
467.251,+0.01698,+0.00172,-0.00134,-0.00210,+0.05665,+0.00019,+0.00782,0,0,0,0,0,0,0
467.452,+0.01698,+0.00172,-0.00134,-0.00210,+0.05665,+0.00019,+0.00782,0,0,0,0,0,0,0
467.652,+0.01698,+0.00172,-0.00134,-0.00210,+0.05665,+0.00019,+0.00782,0,0,0,0,0,0,0
467.852,+0.01698,+0.00172,-0.00134,-0.00210,+0.05665,+0.00019,+0.00782,0,0,0,0,0,0,0
468.052,+0.01698,+0.00172,-0.00134,-0.00210,+0.05665,+0.00019,+0.00782,0,0,0,0,0,0,0
468.252,+0.01698,+0.00172,-0.00134,-0.00210,+0.05665,+0.00019,+0.00782,0,0,0,0,0,0,0
468.452,+0.01698,+0.00172,-0.00134,-0.00210,+0.05665,+0.00019,+0.00782,0,0,0,0,0,0,0
468.652,+0.01698,+0.00172,-0.00134,-0.00210,+0.05665,+0.00019,+0.00782,0,0,0,0,0,0,0
468.852,+0.01698,+0.00172,-0.00134,-0.00210,+0.05665,+0.00019,+0.00782,0,0,0,0,0,0,0
469.052,+0.01698,+0.00172,-0.00134,-0.00210,+0.05665,+0.00019,+0.00782,0,0,0,0,0,0,0
469.252,+0.01698,+0.00172,-0.00134,-0.00210,+0.05665,+0.00019,+0.00782,0,0,0,0,0,0,0
469.453,+0.01698,+0.00172,-0.00134,-0.00210,+0.05665,+0.00019,+0.00782,0,0,0,0,0,0,0
469.653,+0.01698,+0.00172,-0.00134,-0.00210,+0.05665,+0.00019,+0.00782,0,0,0,0,0,0,0
469.853,+0.01698,+0.00172,-0.00134,-0.00210,+0.05665,+0.00019,+0.00782,0,0,0,0,0,0,0
470.053,+0.01698,+0.00172,-0.00134,-0.00210,+0.05665,+0.00019,+0.00782,0,0,0,0,0,0,0
470.253,+0.01698,+0.00172,-0.00134,-0.00210,+0.05665,+0.00019,+0.00782,0,0,0,0,0,0,0
470.453,+0.01698,+0.00172,-0.00134,-0.00210,+0.05665,+0.00019,+0.00782,0,0,0,0,0,0,0
470.653,+0.01698,+0.00172,-0.00134,-0.00210,+0.05665,+0.00019,+0.00782,0,0,0,0,0,0,0
470.853,+0.01698,+0.00172,-0.00134,-0.00210,+0.05665,+0.00019,+0.00782,0,0,0,0,0,0,0
471.053,+0.01698,+0.00172,-0.00134,-0.00210,+0.05665,+0.00019,+0.00782,0,0,0,0,0,0,0
471.253,+0.01698,+0.00172,-0.00134,-0.00210,+0.05665,+0.00019,+0.00782,0,0,0,0,0,0,0
471.453,+0.01698,+0.00172,-0.00134,-0.00210,+0.05665,+0.00019,+0.00782,0,0,0,0,0,0,0
471.654,+0.01698,+0.00172,-0.00134,-0.00210,+0.05665,+0.00019,+0.00782,0,0,0,0,0,0,0
471.854,+0.01698,+0.00172,-0.00134,-0.00210,+0.05665,+0.00019,+0.00782,0,0,0,0,0,0,0
472.054,+0.01698,+0.00172,-0.00134,-0.00210,+0.05665,+0.00019,+0.00782,0,0,0,0,0,0,0
472.254,+0.01698,+0.00172,-0.00134,-0.00210,+0.05665,+0.00019,+0.00782,0,0,0,0,0,0,0
472.454,+0.01698,+0.00172,-0.00134,-0.00210,+0.05665,+0.00019,+0.00782,0,0,0,0,0,0,0
472.654,+0.01698,+0.00172,-0.00134,-0.00210,+0.05665,+0.00019,+0.00782,0,0,0,0,0,0,0
472.854,+0.01698,+0.00172,-0.00134,-0.00210,+0.05665,+0.00019,+0.00782,0,0,0,0,0,0,0
473.054,+0.01698,+0.00172,-0.00134,-0.00210,+0.05665,+0.00019,+0.00782,0,0,0,0,0,0,0
473.254,+0.01698,+0.00172,-0.00134,-0.00210,+0.05665,+0.00019,+0.00782,0,0,0,0,0,0,0
473.454,+0.01698,+0.00172,-0.00134,-0.00210,+0.05665,+0.00019,+0.00782,0,0,0,0,0,0,0
473.654,+0.01698,+0.00172,-0.00134,-0.00210,+0.05665,+0.00019,+0.00782,0,0,0,0,0,0,0
473.854,+0.01698,+0.00172,-0.00134,-0.00210,+0.05665,+0.00019,+0.00782,0,0,0,0,0,0,0
474.055,+0.01698,+0.00172,-0.00134,-0.00210,+0.05665,+0.00019,+0.00782,0,0,0,0,0,0,0
474.255,+0.01698,+0.00172,-0.00134,-0.00210,+0.05665,+0.00019,+0.00782,0,0,0,0,0,0,0
474.455,+0.01698,+0.00172,-0.00134,-0.00210,+0.05665,+0.00019,+0.00782,0,0,0,0,0,0,0
474.655,+0.01698,+0.00172,-0.00134,-0.00210,+0.05665,+0.00019,+0.00782,0,0,0,0,0,0,0
474.855,+0.01698,+0.00172,-0.00134,-0.00210,+0.05665,+0.00019,+0.00782,0,0,0,0,0,0,0
475.055,+0.01698,+0.00172,-0.00134,-0.00210,+0.05665,+0.00019,+0.00782,0,0,0,0,0,0,0
475.255,+0.01698,+0.00172,-0.00134,-0.00210,+0.05665,+0.00019,+0.00782,0,0,0,0,0,0,0
475.455,+0.01698,+0.00172,-0.00134,-0.00210,+0.05665,+0.00019,+0.00782,0,0,0,0,0,0,0
475.655,+0.01698,+0.00172,-0.00134,-0.00210,+0.05665,+0.00019,+0.00782,0,0,0,0,0,0,0
475.855,+0.01698,+0.00172,-0.00134,-0.00210,+0.05665,+0.00019,+0.00782,0,0,0,0,0,0,0
476.055,+0.01698,+0.00172,-0.00134,-0.00210,+0.05665,+0.00019,+0.00782,0,0,0,0,0,0,0
476.256,+0.01698,+0.00172,-0.00134,-0.00210,+0.05665,+0.00019,+0.00782,0,0,0,0,0,0,0
476.456,+0.01698,+0.00172,-0.00134,-0.00210,+0.05665,+0.00019,+0.00782,0,0,0,0,0,0,0
476.656,+0.01698,+0.00172,-0.00134,-0.00210,+0.05665,+0.00019,+0.00782,0,0,0,0,0,0,0
476.856,+0.01698,+0.00172,-0.00134,-0.00210,+0.05665,+0.00019,+0.00782,0,0,0,0,0,0,0
477.056,+0.01698,+0.00172,-0.00134,-0.00210,+0.05665,+0.00019,+0.00782,0,0,0,0,0,0,0
477.256,+0.01698,+0.00172,-0.00134,-0.00210,+0.05665,+0.00019,+0.00782,0,0,0,0,0,0,0
477.456,+0.01698,+0.00172,-0.00134,-0.00210,+0.05665,+0.00019,+0.00782,0,0,0,0,0,0,0
477.656,+0.01698,+0.00172,-0.00134,-0.00210,+0.05665,+0.00019,+0.00782,0,0,0,0,0,0,0
477.856,+0.01698,+0.00172,-0.00134,-0.00210,+0.05665,+0.00019,+0.00782,0,0,0,0,0,0,0
478.056,+0.01698,+0.00172,-0.00134,-0.00210,+0.05665,+0.00019,+0.00782,0,0,0,0,0,0,0
478.257,+0.01698,+0.00172,-0.00134,-0.00210,+0.05665,+0.00019,+0.00782,0,0,0,0,0,0,0
478.457,+0.01698,+0.00172,-0.00134,-0.00210,+0.05665,+0.00019,+0.00782,0,0,0,0,0,0,0
478.657,+0.01698,+0.00172,-0.00134,-0.00210,+0.05665,+0.00019,+0.00782,0,0,0,0,0,0,0
478.857,+0.01698,+0.00172,-0.00134,-0.00210,+0.05665,+0.00019,+0.00782,0,0,0,0,0,0,0
479.057,+0.01698,+0.00172,-0.00134,-0.00210,+0.05665,+0.00019,+0.00782,0,0,0,0,0,0,0
479.257,+0.01698,+0.00172,-0.00134,-0.00210,+0.05665,+0.00019,+0.00782,0,0,0,0,0,0,0
479.457,+0.01698,+0.00172,-0.00134,-0.00210,+0.05665,+0.00019,+0.00782,0,0,0,0,0,0,0
479.657,+0.01698,+0.00172,-0.00134,-0.00210,+0.05665,+0.00019,+0.00782,0,0,0,0,0,0,0
479.857,+0.01698,+0.00172,-0.00134,-0.00210,+0.05665,+0.00019,+0.00782,0,0,0,0,0,0,0
480.057,+0.01698,+0.00172,-0.00134,-0.00210,+0.05665,+0.00019,+0.00782,0,0,0,0,0,0,0
480.257,+0.01698,+0.00172,-0.00134,-0.00210,+0.05665,+0.00019,+0.00782,0,0,0,0,0,0,0
480.457,+0.01698,+0.00172,-0.00134,-0.00210,+0.05665,+0.00019,+0.00782,0,0,0,0,0,0,0
480.658,+0.01698,+0.00172,-0.00134,-0.00210,+0.05665,+0.00019,+0.00782,0,0,0,0,0,0,0
480.858,+0.01698,+0.00172,-0.00134,-0.00210,+0.05665,+0.00019,+0.00782,0,0,0,0,0,0,0
481.058,+0.01698,+0.00172,-0.00134,-0.00210,+0.05665,+0.00019,+0.00782,0,0,0,0,0,0,0
481.258,+0.01698,+0.00172,-0.00134,-0.00210,+0.05665,+0.00019,+0.00782,0,0,0,0,0,0,0
481.458,+0.01698,+0.00172,-0.00134,-0.00210,+0.05665,+0.00019,+0.00782,0,0,0,0,0,0,0
481.658,+0.01698,+0.00172,-0.00134,-0.00210,+0.05665,+0.00019,+0.00782,0,0,0,0,0,0,0
481.858,+0.01698,+0.00172,-0.00134,-0.00210,+0.05665,+0.00019,+0.00782,0,0,0,0,0,0,0
482.058,+0.01698,+0.00172,-0.00134,-0.00210,+0.05665,+0.00019,+0.00782,0,0,0,0,0,0,0
482.258,+0.01698,+0.00172,-0.00134,-0.00210,+0.05665,+0.00019,+0.00782,0,0,0,0,0,0,0
482.458,+0.01698,+0.00172,-0.00134,-0.00210,+0.05665,+0.00019,+0.00782,0,0,0,0,0,0,0
482.658,+0.01698,+0.00172,-0.00134,-0.00210,+0.05665,+0.00019,+0.00782,0,0,0,0,0,0,0
482.858,+0.01698,+0.00172,-0.00134,-0.00210,+0.05665,+0.00019,+0.00782,0,0,0,0,0,0,0
483.059,+0.01698,+0.00172,-0.00134,-0.00210,+0.05665,+0.00019,+0.00782,0,0,0,0,0,0,0
483.259,+0.01698,+0.00172,-0.00134,-0.00210,+0.05665,+0.00019,+0.00782,0,0,0,0,0,0,0
483.459,+0.01698,+0.00172,-0.00134,-0.00210,+0.05665,+0.00019,+0.00782,0,0,0,0,0,0,0
483.659,+0.01698,+0.00172,-0.00134,-0.00210,+0.05665,+0.00019,+0.00782,0,0,0,0,0,0,0
483.859,+0.01698,+0.00172,-0.00134,-0.00210,+0.05665,+0.00019,+0.00782,0,0,0,0,0,0,0
484.059,+0.01698,+0.00172,-0.00134,-0.00210,+0.05665,+0.00019,+0.00782,0,0,0,0,0,0,0
484.259,+0.01698,+0.00172,-0.00134,-0.00210,+0.05665,+0.00019,+0.00782,0,0,0,0,0,0,0
484.459,+0.01698,+0.00172,-0.00134,-0.00210,+0.05665,+0.00019,+0.00782,0,0,0,0,0,0,0
484.659,+0.01698,+0.00172,-0.00134,-0.00210,+0.05665,+0.00019,+0.00782,0,0,0,0,0,0,0
484.859,+0.01698,+0.00172,-0.00134,-0.00210,+0.05665,+0.00019,+0.00782,0,0,0,0,0,0,0
485.059,+0.01698,+0.00172,-0.00134,-0.00210,+0.05665,+0.00019,+0.00782,0,0,0,0,0,0,0
485.259,+0.01698,+0.00172,-0.00134,-0.00210,+0.05665,+0.00019,+0.00782,0,0,0,0,0,0,0
485.459,+0.01698,+0.00172,-0.00134,-0.00210,+0.05665,+0.00019,+0.00782,0,0,0,0,0,0,0
485.660,+0.01698,+0.00172,-0.00134,-0.00210,+0.05665,+0.00019,+0.00782,0,0,0,0,0,0,0
485.860,+0.01698,+0.00172,-0.00134,-0.00210,+0.05665,+0.00019,+0.00782,0,0,0,0,0,0,0
486.060,+0.01698,+0.00172,-0.00134,-0.00210,+0.05665,+0.00019,+0.00782,0,0,0,0,0,0,0
486.260,+0.01698,+0.00172,-0.00134,-0.00210,+0.05665,+0.00019,+0.00782,0,0,0,0,0,0,0
486.460,+0.01698,+0.00172,-0.00134,-0.00210,+0.05665,+0.00019,+0.00782,0,0,0,0,0,0,0
486.660,+0.01698,+0.00172,-0.00134,-0.00210,+0.05665,+0.00019,+0.00782,0,0,0,0,0,0,0
486.860,+0.01698,+0.00172,-0.00134,-0.00210,+0.05665,+0.00019,+0.00782,0,0,0,0,0,0,0
487.060,+0.01698,+0.00172,-0.00134,-0.00210,+0.05665,+0.00019,+0.00782,0,0,0,0,0,0,0
487.260,+0.01698,+0.00172,-0.00134,-0.00210,+0.05665,+0.00019,+0.00782,0,0,0,0,0,0,0
487.460,+0.01698,+0.00172,-0.00134,-0.00210,+0.05665,+0.00019,+0.00782,0,0,0,0,0,0,0
487.660,+0.01698,+0.00172,-0.00134,-0.00210,+0.05665,+0.00019,+0.00782,0,0,0,0,0,0,0
487.860,+0.01698,+0.00172,-0.00134,-0.00210,+0.05665,+0.00019,+0.00782,0,0,0,0,0,0,0
488.061,+0.01698,+0.00172,-0.00134,-0.00210,+0.05665,+0.00019,+0.00782,0,0,0,0,0,0,0
488.261,+0.01698,+0.00172,-0.00134,-0.00210,+0.05665,+0.00019,+0.00782,0,0,0,0,0,0,0
488.461,+0.01698,+0.00172,-0.00134,-0.00210,+0.05665,+0.00019,+0.00782,0,0,0,0,0,0,0
488.661,+0.01698,+0.00172,-0.00134,-0.00210,+0.05665,+0.00019,+0.00782,0,0,0,0,0,0,0
488.861,+0.01698,+0.00172,-0.00134,-0.00210,+0.05665,+0.00019,+0.00782,0,0,0,0,0,0,0
489.061,+0.01698,+0.00172,-0.00134,-0.00210,+0.05665,+0.00019,+0.00782,0,0,0,0,0,0,0
489.261,+0.01698,+0.00172,-0.00134,-0.00210,+0.05665,+0.00019,+0.00782,0,0,0,0,0,0,0
489.461,+0.01698,+0.00172,-0.00134,-0.00210,+0.05665,+0.00019,+0.00782,0,0,0,0,0,0,0
489.661,+0.01698,+0.00172,-0.00134,-0.00210,+0.05665,+0.00019,+0.00782,0,0,0,0,0,0,0
489.861,+0.01698,+0.00172,-0.00134,-0.00210,+0.05665,+0.00019,+0.00782,0,0,0,0,0,0,0
490.061,+0.01698,+0.00172,-0.00134,-0.00210,+0.05665,+0.00019,+0.00782,0,0,0,0,0,0,0
490.262,+0.01698,+0.00172,-0.00134,-0.00210,+0.05665,+0.00019,+0.00782,0,0,0,0,0,0,0
490.462,+0.01698,+0.00172,-0.00134,-0.00210,+0.05665,+0.00019,+0.00782,0,0,0,0,0,0,0
490.662,+0.01698,+0.00172,-0.00134,-0.00210,+0.05665,+0.00019,+0.00782,0,0,0,0,0,0,0
490.862,+0.01698,+0.00172,-0.00134,-0.00210,+0.05665,+0.00019,+0.00782,0,0,0,0,0,0,0
491.062,+0.01698,+0.00172,-0.00134,-0.00210,+0.05665,+0.00019,+0.00782,0,0,0,0,0,0,0
491.262,+0.01698,+0.00172,-0.00134,-0.00210,+0.05665,+0.00019,+0.00782,0,0,0,0,0,0,0
491.462,+0.01698,+0.00172,-0.00134,-0.00210,+0.05665,+0.00019,+0.00782,0,0,0,0,0,0,0
491.662,+0.01698,+0.00172,-0.00134,-0.00210,+0.05665,+0.00019,+0.00782,0,0,0,0,0,0,0
491.862,+0.01698,+0.00172,-0.00134,-0.00210,+0.05665,+0.00019,+0.00782,0,0,0,0,0,0,0
492.062,+0.01698,+0.00172,-0.00134,-0.00210,+0.05665,+0.00019,+0.00782,0,0,0,0,0,0,0
492.262,+0.01698,+0.00172,-0.00134,-0.00210,+0.05665,+0.00019,+0.00782,0,0,0,0,0,0,0
492.462,+0.01698,+0.00172,-0.00134,-0.00210,+0.05665,+0.00019,+0.00782,0,0,0,0,0,0,0
492.663,+0.01698,+0.00172,-0.00134,-0.00210,+0.05665,+0.00019,+0.00782,0,0,0,0,0,0,0
492.863,+0.01698,+0.00172,-0.00134,-0.00210,+0.05665,+0.00019,+0.00782,0,0,0,0,0,0,0
493.063,+0.01698,+0.00172,-0.00134,-0.00210,+0.05665,+0.00019,+0.00782,0,0,0,0,0,0,0
493.263,+0.01698,+0.00172,-0.00134,-0.00210,+0.05665,+0.00019,+0.00782,0,0,0,0,0,0,0
493.463,+0.01698,+0.00172,-0.00134,-0.00210,+0.05665,+0.00019,+0.00782,0,0,0,0,0,0,0
493.663,+0.01698,+0.00172,-0.00134,-0.00210,+0.05665,+0.00019,+0.00782,0,0,0,0,0,0,0
493.863,+0.01698,+0.00172,-0.00134,-0.00210,+0.05665,+0.00019,+0.00782,0,0,0,0,0,0,0
494.063,+0.01698,+0.00172,-0.00134,-0.00210,+0.05665,+0.00019,+0.00782,0,0,0,0,0,0,0
494.263,+0.01698,+0.00172,-0.00134,-0.00210,+0.05665,+0.00019,+0.00782,0,0,0,0,0,0,0
494.464,+0.01698,+0.00172,-0.00134,-0.00210,+0.05665,+0.00019,+0.00782,0,0,0,0,0,0,0
494.664,+0.01698,+0.00172,-0.00134,-0.00210,+0.05665,+0.00019,+0.00782,0,0,0,0,0,0,0
494.864,+0.01698,+0.00172,-0.00134,-0.00210,+0.05665,+0.00019,+0.00782,0,0,0,0,0,0,0
495.064,+0.01698,+0.00172,-0.00134,-0.00210,+0.05665,+0.00019,+0.00782,0,0,0,0,0,0,0
495.264,+0.01698,+0.00172,-0.00134,-0.00210,+0.05665,+0.00019,+0.00782,0,0,0,0,0,0,0
495.464,+0.01698,+0.00172,-0.00134,-0.00210,+0.05665,+0.00019,+0.00782,0,0,0,0,0,0,0
495.664,+0.01698,+0.00172,-0.00134,-0.00210,+0.05665,+0.00019,+0.00782,0,0,0,0,0,0,0
495.864,+0.01698,+0.00172,-0.00134,-0.00210,+0.05665,+0.00019,+0.00782,0,0,0,0,0,0,0
496.064,+0.01698,+0.00172,-0.00134,-0.00210,+0.05665,+0.00019,+0.00782,0,0,0,0,0,0,0
496.264,+0.01698,+0.00172,-0.00134,-0.00210,+0.05665,+0.00019,+0.00782,0,0,0,0,0,0,0
496.464,+0.01698,+0.00172,-0.00134,-0.00210,+0.05665,+0.00019,+0.00782,0,0,0,0,0,0,0
496.665,+0.01698,+0.00172,-0.00134,-0.00210,+0.05665,+0.00019,+0.00782,0,0,0,0,0,0,0
496.865,+0.01698,+0.00172,-0.00134,-0.00210,+0.05665,+0.00019,+0.00782,0,0,0,0,0,0,0
497.065,+0.01698,+0.00172,-0.00134,-0.00210,+0.05665,+0.00019,+0.00782,0,0,0,0,0,0,0
497.265,+0.01698,+0.00172,-0.00134,-0.00210,+0.05665,+0.00019,+0.00782,0,0,0,0,0,0,0
497.465,+0.01698,+0.00172,-0.00134,-0.00210,+0.05665,+0.00019,+0.00782,0,0,0,0,0,0,0
497.665,+0.01698,+0.00172,-0.00134,-0.00210,+0.05665,+0.00019,+0.00782,0,0,0,0,0,0,0
497.865,+0.01698,+0.00172,-0.00134,-0.00210,+0.05665,+0.00019,+0.00782,0,0,0,0,0,0,0
498.065,+0.01698,+0.00172,-0.00134,-0.00210,+0.05665,+0.00019,+0.00782,0,0,0,0,0,0,0
498.265,+0.01698,+0.00172,-0.00134,-0.00210,+0.05665,+0.00019,+0.00782,0,0,0,0,0,0,0
498.465,+0.01698,+0.00172,-0.00134,-0.00210,+0.05665,+0.00019,+0.00782,0,0,0,0,0,0,0
498.666,+0.01698,+0.00172,-0.00134,-0.00210,+0.05665,+0.00019,+0.00782,0,0,0,0,0,0,0
498.866,+0.01698,+0.00172,-0.00134,-0.00210,+0.05665,+0.00019,+0.00782,0,0,0,0,0,0,0
499.066,+0.01698,+0.00172,-0.00134,-0.00210,+0.05665,+0.00019,+0.00782,0,0,0,0,0,0,0
499.266,+0.01698,+0.00172,-0.00134,-0.00210,+0.05665,+0.00019,+0.00782,0,0,0,0,0,0,0
499.466,+0.01698,+0.00172,-0.00134,-0.00210,+0.05665,+0.00019,+0.00782,0,0,0,0,0,0,0
499.666,+0.01698,+0.00172,-0.00134,-0.00210,+0.05665,+0.00019,+0.00782,0,0,0,0,0,0,0
499.866,+0.01698,+0.00172,-0.00134,-0.00210,+0.05665,+0.00019,+0.00782,0,0,0,0,0,0,0
500.066,+0.01698,+0.00172,-0.00134,-0.00210,+0.05665,+0.00019,+0.00782,0,0,0,0,0,0,0
500.266,+0.01698,+0.00172,-0.00134,-0.00210,+0.05665,+0.00019,+0.00782,0,0,0,0,0,0,0
500.467,+0.01698,+0.00172,-0.00134,-0.00210,+0.05665,+0.00019,+0.00782,0,0,0,0,0,0,0
500.667,+0.01698,+0.00172,-0.00134,-0.00210,+0.05665,+0.00019,+0.00782,0,0,0,0,0,0,0
500.867,+0.01698,+0.00172,-0.00134,-0.00210,+0.05665,+0.00019,+0.00782,0,0,0,0,0,0,0
501.067,+0.01698,+0.00172,-0.00134,-0.00210,+0.05665,+0.00019,+0.00782,0,0,0,0,0,0,0
501.267,+0.01698,+0.00172,-0.00134,-0.00210,+0.05665,+0.00019,+0.00782,0,0,0,0,0,0,0
501.467,+0.01698,+0.00172,-0.00134,-0.00210,+0.05665,+0.00019,+0.00782,0,0,0,0,0,0,0
501.667,+0.01698,+0.00172,-0.00134,-0.00210,+0.05665,+0.00019,+0.00782,0,0,0,0,0,0,0
501.867,+0.01698,+0.00172,-0.00134,-0.00210,+0.05665,+0.00019,+0.00782,0,0,0,0,0,0,0
502.068,+0.01698,+0.00172,-0.00134,-0.00210,+0.05665,+0.00019,+0.00782,0,0,0,0,0,0,0
502.268,+0.01698,+0.00172,-0.00134,-0.00210,+0.05665,+0.00019,+0.00782,0,0,0,0,0,0,0
502.468,+0.01698,+0.00172,-0.00134,-0.00210,+0.05665,+0.00019,+0.00782,0,0,0,0,0,0,0
502.668,+0.01698,+0.00172,-0.00134,-0.00210,+0.05665,+0.00019,+0.00782,0,0,0,0,0,0,0
502.868,+0.01698,+0.00172,-0.00134,-0.00210,+0.05665,+0.00019,+0.00782,0,0,0,0,0,0,0
503.068,+0.01698,+0.00172,-0.00134,-0.00210,+0.05665,+0.00019,+0.00782,0,0,0,0,0,0,0
503.268,+0.01698,+0.00172,-0.00134,-0.00210,+0.05665,+0.00019,+0.00782,0,0,0,0,0,0,0
503.468,+0.01698,+0.00172,-0.00134,-0.00210,+0.05665,+0.00019,+0.00782,0,0,0,0,0,0,0
503.668,+0.01698,+0.00172,-0.00134,-0.00210,+0.05665,+0.00019,+0.00782,0,0,0,0,0,0,0
503.869,+0.01698,+0.00172,-0.00134,-0.00210,+0.05665,+0.00019,+0.00782,0,0,0,0,0,0,0
504.069,+0.01698,+0.00172,-0.00134,-0.00210,+0.05665,+0.00019,+0.00782,0,0,0,0,0,0,0
504.269,+0.01698,+0.00172,-0.00134,-0.00210,+0.05665,+0.00019,+0.00782,0,0,0,0,0,0,0
504.469,+0.01698,+0.00172,-0.00134,-0.00210,+0.05665,+0.00019,+0.00782,0,0,0,0,0,0,0
504.669,+0.01698,+0.00172,-0.00134,-0.00210,+0.05665,+0.00019,+0.00782,0,0,0,0,0,0,0
504.869,+0.01698,+0.00172,-0.00134,-0.00210,+0.05665,+0.00019,+0.00782,0,0,0,0,0,0,0
505.069,+0.01698,+0.00172,-0.00134,-0.00210,+0.05665,+0.00019,+0.00782,0,0,0,0,0,0,0
505.269,+0.01698,+0.00172,-0.00134,-0.00210,+0.05665,+0.00019,+0.00782,0,0,0,0,0,0,0
505.470,+0.01698,+0.00172,-0.00134,-0.00210,+0.05665,+0.00019,+0.00782,0,0,0,0,0,0,0
505.670,+0.01698,+0.00172,-0.00134,-0.00210,+0.05665,+0.00019,+0.00782,0,0,0,0,0,0,0
505.870,+0.01698,+0.00172,-0.00134,-0.00210,+0.05665,+0.00019,+0.00782,0,0,0,0,0,0,0
506.070,+0.01698,+0.00172,-0.00134,-0.00210,+0.05665,+0.00019,+0.00782,0,0,0,0,0,0,0
506.270,+0.01698,+0.00172,-0.00134,-0.00210,+0.05665,+0.00019,+0.00782,0,0,0,0,0,0,0
506.470,+0.01698,+0.00172,-0.00134,-0.00210,+0.05665,+0.00019,+0.00782,0,0,0,0,0,0,0
506.670,+0.01698,+0.00172,-0.00134,-0.00210,+0.05665,+0.00019,+0.00782,0,0,0,0,0,0,0
506.870,+0.01698,+0.00172,-0.00134,-0.00210,+0.05665,+0.00019,+0.00782,0,0,0,0,0,0,0
507.070,+0.01698,+0.00172,-0.00134,-0.00210,+0.05665,+0.00019,+0.00782,0,0,0,0,0,0,0
507.271,+0.01698,+0.00172,-0.00134,-0.00210,+0.05665,+0.00019,+0.00782,0,0,0,0,0,0,0
507.471,+0.01698,+0.00172,-0.00134,-0.00210,+0.05665,+0.00019,+0.00782,0,0,0,0,0,0,0
507.671,+0.01698,+0.00172,-0.00134,-0.00210,+0.05665,+0.00019,+0.00782,0,0,0,0,0,0,0
507.871,+0.01698,+0.00172,-0.00134,-0.00210,+0.05665,+0.00019,+0.00782,0,0,0,0,0,0,0
508.071,+0.01698,+0.00172,-0.00134,-0.00210,+0.05665,+0.00019,+0.00782,0,0,0,0,0,0,0
508.271,+0.01698,+0.00172,-0.00134,-0.00210,+0.05665,+0.00019,+0.00782,0,0,0,0,0,0,0
508.471,+0.01698,+0.00172,-0.00134,-0.00210,+0.05665,+0.00019,+0.00782,0,0,0,0,0,0,0
508.671,+0.01698,+0.00172,-0.00134,-0.00210,+0.05665,+0.00019,+0.00782,0,0,0,0,0,0,0
508.871,+0.01698,+0.00172,-0.00134,-0.00210,+0.05665,+0.00019,+0.00782,0,0,0,0,0,0,0
509.072,+0.01698,+0.00172,-0.00134,-0.00210,+0.05665,+0.00019,+0.00782,0,0,0,0,0,0,0
509.272,+0.01698,+0.00172,-0.00134,-0.00210,+0.05665,+0.00019,+0.00782,0,0,0,0,0,0,0
509.472,+0.01698,+0.00172,-0.00134,-0.00210,+0.05665,+0.00019,+0.00782,0,0,0,0,0,0,0
509.672,+0.01698,+0.00172,-0.00134,-0.00210,+0.05665,+0.00019,+0.00782,0,0,0,0,0,0,0
509.872,+0.01698,+0.00172,-0.00134,-0.00210,+0.05665,+0.00019,+0.00782,0,0,0,0,0,0,0
510.072,+0.01698,+0.00172,-0.00134,-0.00210,+0.05665,+0.00019,+0.00782,0,0,0,0,0,0,0
510.272,+0.01698,+0.00172,-0.00134,-0.00210,+0.05665,+0.00019,+0.00782,0,0,0,0,0,0,0
510.472,+0.01698,+0.00172,-0.00134,-0.00210,+0.05665,+0.00019,+0.00782,0,0,0,0,0,0,0
510.673,+0.01698,+0.00172,-0.00134,-0.00210,+0.05665,+0.00019,+0.00782,0,0,0,0,0,0,0
510.873,+0.01698,+0.00172,-0.00134,-0.00210,+0.05665,+0.00019,+0.00782,0,0,0,0,0,0,0
511.073,+0.01698,+0.00172,-0.00134,-0.00210,+0.05665,+0.00019,+0.00782,0,0,0,0,0,0,0
511.273,+0.01698,+0.00172,-0.00134,-0.00210,+0.05665,+0.00019,+0.00782,0,0,0,0,0,0,0
511.473,+0.01698,+0.00172,-0.00134,-0.00210,+0.05665,+0.00019,+0.00782,0,0,0,0,0,0,0
511.673,+0.01698,+0.00172,-0.00134,-0.00210,+0.05665,+0.00019,+0.00782,0,0,0,0,0,0,0
511.873,+0.01698,+0.00172,-0.00134,-0.00210,+0.05665,+0.00019,+0.00782,0,0,0,0,0,0,0
512.073,+0.01698,+0.00172,-0.00134,-0.00210,+0.05665,+0.00019,+0.00782,0,0,0,0,0,0,0
512.273,+0.01698,+0.00172,-0.00134,-0.00210,+0.05665,+0.00019,+0.00782,0,0,0,0,0,0,0
512.473,+0.01698,+0.00172,-0.00134,-0.00210,+0.05665,+0.00019,+0.00782,0,0,0,0,0,0,0
512.674,+0.01698,+0.00172,-0.00134,-0.00210,+0.05665,+0.00019,+0.00782,0,0,0,0,0,0,0
512.874,+0.01698,+0.00172,-0.00134,-0.00210,+0.05665,+0.00019,+0.00782,0,0,0,0,0,0,0
513.074,+0.01698,+0.00172,-0.00134,-0.00210,+0.05665,+0.00019,+0.00782,0,0,0,0,0,0,0
513.274,+0.01698,+0.00172,-0.00134,-0.00210,+0.05665,+0.00019,+0.00782,0,0,0,0,0,0,0
513.474,+0.01698,+0.00172,-0.00134,-0.00210,+0.05665,+0.00019,+0.00782,0,0,0,0,0,0,0
513.674,+0.01698,+0.00172,-0.00134,-0.00210,+0.05665,+0.00019,+0.00782,0,0,0,0,0,0,0
513.874,+0.01698,+0.00172,-0.00134,-0.00210,+0.05665,+0.00019,+0.00782,0,0,0,0,0,0,0
514.074,+0.01698,+0.00172,-0.00134,-0.00210,+0.05665,+0.00019,+0.00782,0,0,0,0,0,0,0
514.274,+0.01698,+0.00172,-0.00134,-0.00210,+0.05665,+0.00019,+0.00782,0,0,0,0,0,0,0
514.474,+0.01698,+0.00172,-0.00134,-0.00210,+0.05665,+0.00019,+0.00782,0,0,0,0,0,0,0
514.674,+0.01698,+0.00172,-0.00134,-0.00210,+0.05665,+0.00019,+0.00782,0,0,0,0,0,0,0
514.874,+0.01698,+0.00172,-0.00134,-0.00210,+0.05665,+0.00019,+0.00782,0,0,0,0,0,0,0
515.074,+0.01698,+0.00172,-0.00134,-0.00210,+0.05665,+0.00019,+0.00782,0,0,0,0,0,0,0
515.275,+0.01698,+0.00172,-0.00134,-0.00210,+0.05665,+0.00019,+0.00782,0,0,0,0,0,0,0
515.475,+0.01698,+0.00172,-0.00134,-0.00210,+0.05665,+0.00019,+0.00782,0,0,0,0,0,0,0
515.675,+0.01698,+0.00172,-0.00134,-0.00210,+0.05665,+0.00019,+0.00782,0,0,0,0,0,0,0
515.875,+0.01698,+0.00172,-0.00134,-0.00210,+0.05665,+0.00019,+0.00782,0,0,0,0,0,0,0
516.075,+0.01698,+0.00172,-0.00134,-0.00210,+0.05665,+0.00019,+0.00782,0,0,0,0,0,0,0
516.275,+0.01698,+0.00172,-0.00134,-0.00210,+0.05665,+0.00019,+0.00782,0,0,0,0,0,0,0
516.475,+0.01698,+0.00172,-0.00134,-0.00210,+0.05665,+0.00019,+0.00782,0,0,0,0,0,0,0
516.675,+0.01698,+0.00172,-0.00134,-0.00210,+0.05665,+0.00019,+0.00782,0,0,0,0,0,0,0
516.875,+0.01698,+0.00172,-0.00134,-0.00210,+0.05665,+0.00019,+0.00782,0,0,0,0,0,0,0
517.075,+0.01698,+0.00172,-0.00134,-0.00210,+0.05665,+0.00019,+0.00782,0,0,0,0,0,0,0
517.275,+0.01698,+0.00172,-0.00134,-0.00210,+0.05665,+0.00019,+0.00782,0,0,0,0,0,0,0
517.475,+0.01698,+0.00172,-0.00134,-0.00210,+0.05665,+0.00019,+0.00782,0,0,0,0,0,0,0
517.676,+0.01698,+0.00172,-0.00134,-0.00210,+0.05665,+0.00019,+0.00782,0,0,0,0,0,0,0
517.876,+0.01698,+0.00172,-0.00134,-0.00210,+0.05665,+0.00019,+0.00782,0,0,0,0,0,0,0
518.076,+0.01698,+0.00172,-0.00134,-0.00210,+0.05665,+0.00019,+0.00782,0,0,0,0,0,0,0
518.276,+0.01698,+0.00172,-0.00134,-0.00210,+0.05665,+0.00019,+0.00782,0,0,0,0,0,0,0
518.476,+0.01698,+0.00172,-0.00134,-0.00210,+0.05665,+0.00019,+0.00782,0,0,0,0,0,0,0
518.676,+0.01698,+0.00172,-0.00134,-0.00210,+0.05665,+0.00019,+0.00782,0,0,0,0,0,0,0
518.876,+0.01698,+0.00172,-0.00134,-0.00210,+0.05665,+0.00019,+0.00782,0,0,0,0,0,0,0
519.076,+0.01698,+0.00172,-0.00134,-0.00210,+0.05665,+0.00019,+0.00782,0,0,0,0,0,0,0
519.276,+0.01698,+0.00172,-0.00134,-0.00210,+0.05665,+0.00019,+0.00782,0,0,0,0,0,0,0
519.476,+0.01698,+0.00172,-0.00134,-0.00210,+0.05665,+0.00019,+0.00782,0,0,0,0,0,0,0
519.676,+0.01698,+0.00172,-0.00134,-0.00210,+0.05665,+0.00019,+0.00782,0,0,0,0,0,0,0
519.877,+0.01698,+0.00172,-0.00134,-0.00210,+0.05665,+0.00019,+0.00782,0,0,0,0,0,0,0
520.077,+0.01698,+0.00172,-0.00134,-0.00210,+0.05665,+0.00019,+0.00782,0,0,0,0,0,0,0
520.277,+0.01698,+0.00172,-0.00134,-0.00210,+0.05665,+0.00019,+0.00782,0,0,0,0,0,0,0
520.477,+0.01698,+0.00172,-0.00134,-0.00210,+0.05665,+0.00019,+0.00782,0,0,0,0,0,0,0
520.677,+0.01698,+0.00172,-0.00134,-0.00210,+0.05665,+0.00019,+0.00782,0,0,0,0,0,0,0
520.877,+0.01698,+0.00172,-0.00134,-0.00210,+0.05665,+0.00019,+0.00782,0,0,0,0,0,0,0
521.077,+0.01698,+0.00172,-0.00134,-0.00210,+0.05665,+0.00019,+0.00782,0,0,0,0,0,0,0
521.277,+0.01698,+0.00172,-0.00134,-0.00210,+0.05665,+0.00019,+0.00782,0,0,0,0,0,0,0
521.477,+0.01698,+0.00172,-0.00134,-0.00210,+0.05665,+0.00019,+0.00782,0,0,0,0,0,0,0
521.677,+0.01698,+0.00172,-0.00134,-0.00210,+0.05665,+0.00019,+0.00782,0,0,0,0,0,0,0
521.877,+0.01698,+0.00172,-0.00134,-0.00210,+0.05665,+0.00019,+0.00782,0,0,0,0,0,0,0
522.078,+0.01698,+0.00172,-0.00134,-0.00210,+0.05665,+0.00019,+0.00782,0,0,0,0,0,0,0
522.278,+0.01698,+0.00172,-0.00134,-0.00210,+0.05665,+0.00019,+0.00782,0,0,0,0,0,0,0
522.478,+0.01698,+0.00172,-0.00134,-0.00210,+0.05665,+0.00019,+0.00782,0,0,0,0,0,0,0
522.678,+0.01698,+0.00172,-0.00134,-0.00210,+0.05665,+0.00019,+0.00782,0,0,0,0,0,0,0
522.878,+0.01698,+0.00172,-0.00134,-0.00210,+0.05665,+0.00019,+0.00782,0,0,0,0,0,0,0
523.078,+0.01698,+0.00172,-0.00134,-0.00210,+0.05665,+0.00019,+0.00782,0,0,0,0,0,0,0
523.278,+0.01698,+0.00172,-0.00134,-0.00210,+0.05665,+0.00019,+0.00782,0,0,0,0,0,0,0
523.478,+0.01698,+0.00172,-0.00134,-0.00210,+0.05665,+0.00019,+0.00782,0,0,0,0,0,0,0
523.678,+0.01698,+0.00172,-0.00134,-0.00210,+0.05665,+0.00019,+0.00782,0,0,0,0,0,0,0
523.878,+0.01698,+0.00172,-0.00134,-0.00210,+0.05665,+0.00019,+0.00782,0,0,0,0,0,0,0
524.079,+0.01698,+0.00172,-0.00134,-0.00210,+0.05665,+0.00019,+0.00782,0,0,0,0,0,0,0
524.279,+0.01698,+0.00172,-0.00134,-0.00210,+0.05665,+0.00019,+0.00782,0,0,0,0,0,0,0
524.479,+0.01698,+0.00172,-0.00134,-0.00210,+0.05665,+0.00019,+0.00782,0,0,0,0,0,0,0
524.679,+0.01698,+0.00172,-0.00134,-0.00210,+0.05665,+0.00019,+0.00782,0,0,0,0,0,0,0
524.879,+0.01698,+0.00172,-0.00134,-0.00210,+0.05665,+0.00019,+0.00782,0,0,0,0,0,0,0
525.079,+0.01698,+0.00172,-0.00134,-0.00210,+0.05627,+0.00019,+0.00782,0,0,0,0,0,0,0
525.279,+0.01698,+0.00172,-0.00134,-0.00210,+0.05207,-0.00019,+0.00782,0,0,0,0,0,0,0
525.479,+0.01698,+0.00172,-0.00134,-0.00210,+0.03033,+0.00057,+0.00782,0,0,0,0,0,0,0
525.679,+0.01698,+0.00172,-0.00134,-0.00248,+0.00744,+0.00019,+0.00782,0,0,0,0,0,0,0
525.879,+0.01698,+0.00172,-0.00134,-0.00248,+0.01774,+0.00019,+0.00782,0,0,0,0,0,0,0
526.079,+0.01698,+0.00172,-0.00134,-0.00210,+0.02918,+0.00019,+0.00782,0,0,0,0,0,0,0
526.279,+0.01698,+0.00172,-0.00134,-0.00210,+0.03109,+0.00019,+0.00782,0,0,0,0,0,0,0
526.480,+0.01698,+0.00172,-0.00134,-0.00210,+0.03147,+0.00019,+0.00782,0,0,0,0,0,0,0
526.680,+0.01698,+0.00172,-0.00134,-0.00210,+0.03147,+0.00019,+0.00782,0,0,0,0,0,0,0
526.880,+0.01698,+0.00172,-0.00134,-0.00210,+0.03147,+0.00019,+0.00782,0,0,0,0,0,0,0
527.080,+0.01698,+0.00172,-0.00134,-0.00210,+0.02995,+0.00019,+0.00782,0,0,0,0,0,0,0
527.280,+0.01698,+0.00172,-0.00134,-0.00248,+0.01469,+0.00019,+0.00782,0,0,0,0,0,0,0
527.480,+0.01698,+0.00172,-0.00134,-0.00210,+0.02155,+0.00019,+0.00782,0,0,0,0,0,0,0
527.680,+0.01698,+0.00172,-0.00134,-0.00210,+0.02880,+0.00019,+0.00782,0,0,0,0,0,0,0
527.880,+0.01698,+0.00172,-0.00134,-0.00210,+0.03109,+0.00019,+0.00782,0,0,0,0,0,0,0
528.080,+0.01698,+0.00172,-0.00134,-0.00210,+0.03109,+0.00019,+0.00782,0,0,0,0,0,0,0
528.280,+0.01698,+0.00172,-0.00134,-0.00210,+0.03147,+0.00019,+0.00782,0,0,0,0,0,0,0
528.480,+0.01698,+0.00172,-0.00134,-0.00210,+0.03147,+0.00019,+0.00782,0,0,0,0,0,0,0
528.680,+0.01698,+0.00172,-0.00134,-0.00210,+0.03147,+0.00019,+0.00782,0,0,0,0,0,0,0
528.880,+0.01698,+0.00172,-0.00134,-0.00210,+0.03147,+0.00019,+0.00782,0,0,0,0,0,0,0
529.081,+0.01698,+0.00172,-0.00134,-0.00210,+0.03147,+0.00019,+0.00782,0,0,0,0,0,0,0
529.281,+0.01698,+0.00172,-0.00134,-0.00210,+0.03147,+0.00019,+0.00782,0,0,0,0,0,0,0
529.481,+0.01698,+0.00172,-0.00134,-0.00210,+0.03147,+0.00019,+0.00782,0,0,0,0,0,0,0
529.681,+0.01698,+0.00172,-0.00134,-0.00210,+0.03147,+0.00019,+0.00782,0,0,0,0,0,0,0
529.881,+0.01698,+0.00172,-0.00134,-0.00210,+0.03147,+0.00019,+0.00782,0,0,0,0,0,0,0
530.081,+0.01698,+0.00172,-0.00134,-0.00210,+0.03147,+0.00019,+0.00782,0,0,0,0,0,0,0
530.281,+0.01698,+0.00172,-0.00134,-0.00210,+0.03147,+0.00019,+0.00782,0,0,0,0,0,0,0
530.481,+0.01698,+0.00172,-0.00134,-0.00210,+0.03147,+0.00019,+0.00782,0,0,0,0,0,0,0
530.681,+0.01698,+0.00172,-0.00134,-0.00210,+0.03147,+0.00019,+0.00782,0,0,0,0,0,0,0
530.881,+0.01698,+0.00172,-0.00134,-0.00210,+0.03147,+0.00019,+0.00782,0,0,0,0,0,0,0
531.082,+0.01698,+0.00172,-0.00134,-0.00210,+0.03147,+0.00019,+0.00782,0,0,0,0,0,0,0
531.282,+0.01698,+0.00172,-0.00134,-0.00210,+0.03147,+0.00019,+0.00782,0,0,0,0,0,0,0
531.482,+0.01698,+0.00172,-0.00134,-0.00210,+0.03147,+0.00019,+0.00782,0,0,0,0,0,0,0
531.682,+0.01698,+0.00172,-0.00134,-0.00210,+0.03147,+0.00019,+0.00782,0,0,0,0,0,0,0
531.882,+0.01698,+0.00172,-0.00134,-0.00210,+0.03147,+0.00019,+0.00782,0,0,0,0,0,0,0
532.082,+0.01698,+0.00172,-0.00134,-0.00210,+0.03147,+0.00019,+0.00782,0,0,0,0,0,0,0
532.282,+0.01698,+0.00172,-0.00134,-0.00210,+0.03147,+0.00019,+0.00782,0,0,0,0,0,0,0
532.482,+0.01698,+0.00172,-0.00134,-0.00210,+0.03147,+0.00019,+0.00782,0,0,0,0,0,0,0
532.682,+0.01698,+0.00172,-0.00134,-0.00210,+0.03147,+0.00019,+0.00782,0,0,0,0,0,0,0
532.883,+0.01698,+0.00172,-0.00134,-0.00210,+0.03147,+0.00019,+0.00782,0,0,0,0,0,0,0
533.083,+0.01698,+0.00172,-0.00134,-0.00210,+0.03147,+0.00019,+0.00782,0,0,0,0,0,0,0
533.283,+0.01698,+0.00172,-0.00134,-0.00210,+0.03147,+0.00019,+0.00782,0,0,0,0,0,0,0
533.483,+0.01698,+0.00172,-0.00134,-0.00210,+0.03147,+0.00019,+0.00782,0,0,0,0,0,0,0
533.683,+0.01698,+0.00172,-0.00134,-0.00210,+0.03147,+0.00019,+0.00782,0,0,0,0,0,0,0
533.883,+0.01698,+0.00172,-0.00134,-0.00210,+0.03147,+0.00019,+0.00782,0,0,0,0,0,0,0
534.083,+0.01698,+0.00172,-0.00134,-0.00210,+0.03147,+0.00019,+0.00782,0,0,0,0,0,0,0
534.283,+0.01698,+0.00172,-0.00134,-0.00210,+0.03147,+0.00019,+0.00782,0,0,0,0,0,0,0
534.483,+0.01698,+0.00172,-0.00134,-0.00210,+0.03147,+0.00019,+0.00782,0,0,0,0,0,0,0
534.683,+0.01698,+0.00172,-0.00134,-0.00210,+0.03147,+0.00019,+0.00782,0,0,0,0,0,0,0
534.884,+0.01698,+0.00172,-0.00134,-0.00210,+0.03147,+0.00019,+0.00782,0,0,0,0,0,0,0
535.084,+0.01698,+0.00172,-0.00134,-0.00210,+0.03147,+0.00019,+0.00782,0,0,0,0,0,0,0
535.284,+0.01698,+0.00172,-0.00134,-0.00210,+0.03147,+0.00019,+0.00782,0,0,0,0,0,0,0
535.484,+0.01698,+0.00172,-0.00134,-0.00210,+0.03147,+0.00019,+0.00782,0,0,0,0,0,0,0
535.684,+0.01698,+0.00172,-0.00134,-0.00210,+0.03147,+0.00019,+0.00782,0,0,0,0,0,0,0
535.884,+0.01698,+0.00172,-0.00134,-0.00210,+0.03147,+0.00019,+0.00782,0,0,0,0,0,0,0
536.084,+0.01698,+0.00172,-0.00134,-0.00210,+0.03147,+0.00019,+0.00782,0,0,0,0,0,0,0
536.284,+0.01698,+0.00172,-0.00134,-0.00210,+0.03147,+0.00019,+0.00782,0,0,0,0,0,0,0
536.484,+0.01698,+0.00172,-0.00134,-0.00210,+0.03147,+0.00019,+0.00782,0,0,0,0,0,0,0
536.685,+0.01698,+0.00172,-0.00134,-0.00210,+0.03147,+0.00019,+0.00782,0,0,0,0,0,0,0
536.885,+0.01698,+0.00172,-0.00134,-0.00210,+0.03147,+0.00019,+0.00782,0,0,0,0,0,0,0
537.085,+0.01698,+0.00172,-0.00134,-0.00210,+0.03147,+0.00019,+0.00782,0,0,0,0,0,0,0
537.285,+0.01698,+0.00172,-0.00134,-0.00210,+0.03147,+0.00019,+0.00782,0,0,0,0,0,0,0
537.485,+0.01698,+0.00172,-0.00134,-0.00210,+0.03147,+0.00019,+0.00782,0,0,0,0,0,0,0
537.685,+0.01698,+0.00172,-0.00134,-0.00210,+0.03147,+0.00019,+0.00782,0,0,0,0,0,0,0
537.885,+0.01698,+0.00172,-0.00134,-0.00210,+0.03147,+0.00019,+0.00782,0,0,0,0,0,0,0
538.085,+0.01698,+0.00172,-0.00134,-0.00210,+0.03147,+0.00019,+0.00782,0,0,0,0,0,0,0
538.285,+0.01698,+0.00172,-0.00134,-0.00210,+0.03147,+0.00019,+0.00782,0,0,0,0,0,0,0
538.486,+0.01698,+0.00172,-0.00134,-0.00210,+0.03147,+0.00019,+0.00782,0,0,0,0,0,0,0
538.686,+0.01698,+0.00172,-0.00134,-0.00210,+0.03147,+0.00019,+0.00782,0,0,0,0,0,0,0
538.886,+0.01698,+0.00172,-0.00134,-0.00210,+0.03147,+0.00019,+0.00782,0,0,0,0,0,0,0
539.086,+0.01698,+0.00172,-0.00134,-0.00210,+0.03147,+0.00019,+0.00782,0,0,0,0,0,0,0
539.286,+0.01698,+0.00172,-0.00134,-0.00210,+0.03147,+0.00019,+0.00782,0,0,0,0,0,0,0
539.486,+0.01698,+0.00172,-0.00134,-0.00210,+0.03147,+0.00019,+0.00782,0,0,0,0,0,0,0
539.686,+0.01698,+0.00172,-0.00134,-0.00210,+0.03147,+0.00019,+0.00782,0,0,0,0,0,0,0
539.886,+0.01698,+0.00172,-0.00134,-0.00210,+0.03147,+0.00019,+0.00782,0,0,0,0,0,0,0
540.086,+0.01698,+0.00172,-0.00134,-0.00210,+0.03147,+0.00019,+0.00782,0,0,0,0,0,0,0
540.287,+0.01698,+0.00172,-0.00134,-0.00210,+0.03147,+0.00019,+0.00782,0,0,0,0,0,0,0
540.487,+0.01698,+0.00172,-0.00134,-0.00210,+0.03147,+0.00019,+0.00782,0,0,0,0,0,0,0
540.687,+0.01698,+0.00172,-0.00134,-0.00210,+0.03147,+0.00019,+0.00782,0,0,0,0,0,0,0
540.887,+0.01698,+0.00172,-0.00134,-0.00210,+0.03147,+0.00019,+0.00782,0,0,0,0,0,0,0
541.087,+0.01698,+0.00172,-0.00134,-0.00210,+0.03147,+0.00019,+0.00782,0,0,0,0,0,0,0
541.287,+0.01698,+0.00172,-0.00134,-0.00210,+0.03147,+0.00019,+0.00782,0,0,0,0,0,0,0
541.487,+0.01698,+0.00172,-0.00134,-0.00210,+0.03147,+0.00019,+0.00782,0,0,0,0,0,0,0
541.687,+0.01698,+0.00172,-0.00134,-0.00210,+0.03147,+0.00019,+0.00782,0,0,0,0,0,0,0
541.887,+0.01698,+0.00172,-0.00134,-0.00210,+0.03147,+0.00019,+0.00782,0,0,0,0,0,0,0
542.087,+0.01698,+0.00172,-0.00134,-0.00210,+0.03147,+0.00019,+0.00782,0,0,0,0,0,0,0
542.288,+0.01698,+0.00172,-0.00134,-0.00210,+0.03147,+0.00019,+0.00782,0,0,0,0,0,0,0
542.488,+0.01698,+0.00172,-0.00134,-0.00210,+0.03147,+0.00019,+0.00782,0,0,0,0,0,0,0
542.688,+0.01698,+0.00172,-0.00134,-0.00210,+0.03147,+0.00019,+0.00782,0,0,0,0,0,0,0
542.888,+0.01698,+0.00172,-0.00134,-0.00210,+0.03147,+0.00019,+0.00782,0,0,0,0,0,0,0
543.088,+0.01698,+0.00172,-0.00134,-0.00210,+0.03147,+0.00019,+0.00782,0,0,0,0,0,0,0
543.288,+0.01698,+0.00172,-0.00134,-0.00210,+0.03147,+0.00019,+0.00782,0,0,0,0,0,0,0
543.488,+0.01698,+0.00172,-0.00134,-0.00210,+0.03147,+0.00019,+0.00782,0,0,0,0,0,0,0
543.688,+0.01698,+0.00172,-0.00134,-0.00210,+0.03147,+0.00019,+0.00782,0,0,0,0,0,0,0
543.888,+0.01698,+0.00172,-0.00134,-0.00210,+0.03147,+0.00019,+0.00782,0,0,0,0,0,0,0
544.089,+0.01698,+0.00172,-0.00134,-0.00210,+0.03147,+0.00019,+0.00782,0,0,0,0,0,0,0
544.289,+0.01698,+0.00172,-0.00134,-0.00210,+0.03147,+0.00019,+0.00782,0,0,0,0,0,0,0
544.489,+0.01698,+0.00172,-0.00134,-0.00210,+0.03147,+0.00019,+0.00782,0,0,0,0,0,0,0
544.689,+0.01698,+0.00172,-0.00134,-0.00210,+0.03147,+0.00019,+0.00782,0,0,0,0,0,0,0
544.889,+0.01698,+0.00172,-0.00134,-0.00210,+0.03147,+0.00019,+0.00782,0,0,0,0,0,0,0
545.089,+0.01698,+0.00172,-0.00134,-0.00210,+0.03147,+0.00019,+0.00782,0,0,0,0,0,0,0
545.289,+0.01698,+0.00172,-0.00134,-0.00210,+0.03147,+0.00019,+0.00782,0,0,0,0,0,0,0
545.489,+0.01698,+0.00172,-0.00134,-0.00210,+0.03147,+0.00019,+0.00782,0,0,0,0,0,0,0
545.689,+0.01698,+0.00172,-0.00134,-0.00210,+0.03147,+0.00019,+0.00782,0,0,0,0,0,0,0
545.889,+0.01698,+0.00172,-0.00134,-0.00210,+0.03147,+0.00019,+0.00782,0,0,0,0,0,0,0
546.089,+0.01698,+0.00172,-0.00134,-0.00210,+0.03147,+0.00019,+0.00782,0,0,0,0,0,0,0
546.290,+0.01698,+0.00172,-0.00134,-0.00210,+0.03147,+0.00019,+0.00782,0,0,0,0,0,0,0
546.490,+0.01698,+0.00172,-0.00134,-0.00210,+0.03147,+0.00019,+0.00782,0,0,0,0,0,0,0
546.690,+0.01698,+0.00172,-0.00134,-0.00210,+0.03147,+0.00019,+0.00782,0,0,0,0,0,0,0
546.890,+0.01698,+0.00172,-0.00134,-0.00210,+0.03147,+0.00019,+0.00782,0,0,0,0,0,0,0
547.090,+0.01698,+0.00172,-0.00134,-0.00210,+0.03147,+0.00019,+0.00782,0,0,0,0,0,0,0
547.290,+0.01698,+0.00172,-0.00134,-0.00210,+0.03147,+0.00019,+0.00782,0,0,0,0,0,0,0
547.490,+0.01698,+0.00172,-0.00134,-0.00210,+0.03147,+0.00019,+0.00782,0,0,0,0,0,0,0
547.690,+0.01698,+0.00172,-0.00134,-0.00210,+0.03147,+0.00019,+0.00782,0,0,0,0,0,0,0
547.890,+0.01698,+0.00172,-0.00134,-0.00210,+0.03147,+0.00019,+0.00782,0,0,0,0,0,0,0
548.090,+0.01698,+0.00172,-0.00134,-0.00210,+0.03147,+0.00019,+0.00782,0,0,0,0,0,0,0
548.290,+0.01698,+0.00172,-0.00134,-0.00210,+0.03147,+0.00019,+0.00782,0,0,0,0,0,0,0
548.490,+0.01698,+0.00172,-0.00134,-0.00210,+0.03147,+0.00019,+0.00782,0,0,0,0,0,0,0
548.690,+0.01698,+0.00172,-0.00134,-0.00210,+0.03147,+0.00019,+0.00782,0,0,0,0,0,0,0
548.891,+0.01698,+0.00172,-0.00134,-0.00210,+0.03147,+0.00019,+0.00782,0,0,0,0,0,0,0
549.091,+0.01698,+0.00172,-0.00134,-0.00210,+0.03147,+0.00019,+0.00782,0,0,0,0,0,0,0
549.291,+0.01698,+0.00172,-0.00134,-0.00210,+0.03147,+0.00019,+0.00782,0,0,0,0,0,0,0
549.491,+0.01698,+0.00172,-0.00134,-0.00210,+0.03147,+0.00019,+0.00782,0,0,0,0,0,0,0
549.691,+0.01698,+0.00172,-0.00134,-0.00210,+0.03147,+0.00019,+0.00782,0,0,0,0,0,0,0
549.891,+0.01698,+0.00172,-0.00134,-0.00210,+0.03147,+0.00019,+0.00782,0,0,0,0,0,0,0
550.091,+0.01698,+0.00172,-0.00134,-0.00210,+0.03147,+0.00019,+0.00782,0,0,0,0,0,0,0
550.291,+0.01698,+0.00172,-0.00134,-0.00210,+0.03147,+0.00019,+0.00782,0,0,0,0,0,0,0
550.491,+0.01698,+0.00172,-0.00134,-0.00210,+0.03147,+0.00019,+0.00782,0,0,0,0,0,0,0
550.691,+0.01698,+0.00172,-0.00134,-0.00210,+0.03147,+0.00019,+0.00782,0,0,0,0,0,0,0
550.891,+0.01698,+0.00172,-0.00134,-0.00210,+0.03147,+0.00019,+0.00782,0,0,0,0,0,0,0
551.091,+0.01698,+0.00172,-0.00134,-0.00210,+0.03147,+0.00019,+0.00782,0,0,0,0,0,0,0
551.291,+0.01698,+0.00172,-0.00134,-0.00210,+0.03147,+0.00019,+0.00782,0,0,0,0,0,0,0
551.492,+0.01698,+0.00172,-0.00134,-0.00210,+0.03147,+0.00019,+0.00782,0,0,0,0,0,0,0
551.692,+0.01698,+0.00172,-0.00134,-0.00210,+0.03147,+0.00019,+0.00782,0,0,0,0,0,0,0
551.892,+0.01698,+0.00172,-0.00134,-0.00210,+0.03147,+0.00019,+0.00782,0,0,0,0,0,0,0
552.092,+0.01698,+0.00172,-0.00134,-0.00210,+0.03147,+0.00019,+0.00782,0,0,0,0,0,0,0
552.292,+0.01698,+0.00172,-0.00134,-0.00210,+0.03147,+0.00019,+0.00782,0,0,0,0,0,0,0
552.492,+0.01698,+0.00172,-0.00134,-0.00210,+0.03147,+0.00019,+0.00782,0,0,0,0,0,0,0
552.692,+0.01698,+0.00172,-0.00134,-0.00210,+0.03147,+0.00019,+0.00782,0,0,0,0,0,0,0
552.892,+0.01698,+0.00172,-0.00134,-0.00210,+0.03147,+0.00019,+0.00782,0,0,0,0,0,0,0
553.092,+0.01698,+0.00172,-0.00134,-0.00210,+0.03147,+0.00019,+0.00782,0,0,0,0,0,0,0
553.292,+0.01698,+0.00172,-0.00134,-0.00210,+0.03147,+0.00019,+0.00782,0,0,0,0,0,0,0
